resref,format,source_bif,locator,reason
IOHBCOM5,BAM,data/BlackPits.bif,0x00F00007,logical-owner-not-demonstrated
FOGOWAR,BAM,data/Default.bif,0x0000006E,logical-owner-not-demonstrated
ACIDGREE,BAM,data/PATCH26.BIF,0x08600006,logical-owner-not-demonstrated
FIREL,BAM,data/PATCH26.BIF,0x0860002E,logical-owner-not-demonstrated
FSEEDR,BAM,data/PATCH26.BIF,0x08600030,logical-owner-not-demonstrated
SPBDRASI,BAM,data/PATCH26.BIF,0x0860004E,logical-owner-not-demonstrated
SPCL238D,BAM,data/PATCH26.BIF,0x08600057,logical-owner-not-demonstrated
SPDFOGR,BAM,data/PATCH26.BIF,0x0860005B,logical-owner-not-demonstrated
SPDM105D,BAM,data/PATCH26.BIF,0x0860005E,logical-owner-not-demonstrated
SPFIRESP,BAM,data/PATCH26.BIF,0x08600062,logical-owner-not-demonstrated
SPPR111D,BAM,data/PATCH26.BIF,0x0860006A,logical-owner-not-demonstrated
4CHECK,BAM,data/Patch2.bif,0x0BD0002C,logical-owner-not-demonstrated
MPCHATAB,BAM,data/Patch2.bif,0x0BD00344,logical-owner-not-demonstrated
OHTYR2A,BAM,data/Patch2.bif,0x0BD0036E,logical-owner-not-demonstrated
OHTYR2B,BAM,data/Patch2.bif,0x0BD0036F,logical-owner-not-demonstrated
PAPERBUT,BAM,data/Patch2.bif,0x0BD00371,logical-owner-not-demonstrated
PARROW,BAM,data/Patch2.bif,0x0BD00375,logical-owner-not-demonstrated
PCHEV,BAM,data/Patch2.bif,0x0BD00378,logical-owner-not-demonstrated
QUESTBG,BAM,data/Patch2.bif,0x0BD00385,logical-owner-not-demonstrated
SPCL941A,BAM,data/Patch2.bif,0x0BD00393,logical-owner-not-demonstrated
SPCL941B,BAM,data/Patch2.bif,0x0BD00394,logical-owner-not-demonstrated
SPELFRMS,BAM,data/Patch2.bif,0x0BD00399,logical-owner-not-demonstrated
SPPR150A,BAM,data/Patch2.bif,0x0BD003A7,logical-owner-not-demonstrated
SPPR150B,BAM,data/Patch2.bif,0x0BD003A8,logical-owner-not-demonstrated
SPPR150D,BAM,data/Patch2.bif,0x0BD003AA,logical-owner-not-demonstrated
SPPR250A,BAM,data/Patch2.bif,0x0BD003AC,logical-owner-not-demonstrated
SPPR250B,BAM,data/Patch2.bif,0x0BD003AD,logical-owner-not-demonstrated
SPPR350A,BAM,data/Patch2.bif,0x0BD003B0,logical-owner-not-demonstrated
SPPR350B,BAM,data/Patch2.bif,0x0BD003B1,logical-owner-not-demonstrated
SPPR450A,BAM,data/Patch2.bif,0x0BD003B4,logical-owner-not-demonstrated
SPPR450B,BAM,data/Patch2.bif,0x0BD003B5,logical-owner-not-demonstrated
SPPR550A,BAM,data/Patch2.bif,0x0BD003B9,logical-owner-not-demonstrated
SPPR550B,BAM,data/Patch2.bif,0x0BD003BA,logical-owner-not-demonstrated
SPPR650A,BAM,data/Patch2.bif,0x0BD003BD,logical-owner-not-demonstrated
SPPR650B,BAM,data/Patch2.bif,0x0BD003BE,logical-owner-not-demonstrated
SPPR750A,BAM,data/Patch2.bif,0x0BD003C2,logical-owner-not-demonstrated
SPPR750B,BAM,data/Patch2.bif,0x0BD003C3,logical-owner-not-demonstrated
SPPR750D,BAM,data/Patch2.bif,0x0BD003C6,logical-owner-not-demonstrated
SPPR751A,BAM,data/Patch2.bif,0x0BD003C8,logical-owner-not-demonstrated
SPPR751B,BAM,data/Patch2.bif,0x0BD003C9,logical-owner-not-demonstrated
SPSH004D,BAM,data/Patch2.bif,0x0BD003CE,logical-owner-not-demonstrated
SPSH501A,BAM,data/Patch2.bif,0x0BD003D0,logical-owner-not-demonstrated
SPSH501B,BAM,data/Patch2.bif,0x0BD003D1,logical-owner-not-demonstrated
SPSH501C,BAM,data/Patch2.bif,0x0BD003D2,logical-owner-not-demonstrated
SPSH502A,BAM,data/Patch2.bif,0x0BD003D3,logical-owner-not-demonstrated
SPSH502B,BAM,data/Patch2.bif,0x0BD003D4,logical-owner-not-demonstrated
SPSH502C,BAM,data/Patch2.bif,0x0BD003D5,logical-owner-not-demonstrated
SPSH701A,BAM,data/Patch2.bif,0x0BD003D6,logical-owner-not-demonstrated
SPSH701B,BAM,data/Patch2.bif,0x0BD003D7,logical-owner-not-demonstrated
SPSH701C,BAM,data/Patch2.bif,0x0BD003D8,logical-owner-not-demonstrated
SPWI417D,BAM,data/Patch2.bif,0x0BD003D9,logical-owner-not-demonstrated
XBUTT,BAM,data/Patch2.bif,0x0BD003EB,logical-owner-not-demonstrated
BOOT01D,BAM,data/Patch25.bif,0x01000010,logical-owner-not-demonstrated
CBUTT,BAM,data/Patch25.bif,0x01000016,logical-owner-not-demonstrated
HDFBRET,BAM,data/Patch25.bif,0x0100001F,logical-owner-not-demonstrated
OHTMPS2A,BAM,data/Patch25.bif,0x01000037,logical-owner-not-demonstrated
OHTMPS2B,BAM,data/Patch25.bif,0x01000038,logical-owner-not-demonstrated
OHTMPS2D,BAM,data/Patch25.bif,0x0100003A,logical-owner-not-demonstrated
SPWI510D,BAM,data/Patch25.bif,0x01000052,logical-owner-not-demonstrated
SPWM101D,BAM,data/Patch25.bif,0x0100005A,logical-owner-not-demonstrated
DLCHERO,BAM,data/bgee.bif,0x0B000004,logical-owner-not-demonstrated
IAX1H19,BAM,data/bgee.bif,0x0B000041,logical-owner-not-demonstrated
IBLUN40,BAM,data/bgee.bif,0x0B000042,logical-owner-not-demonstrated
IBLUN41,BAM,data/bgee.bif,0x0B000043,logical-owner-not-demonstrated
INNROOMS,BAM,data/bgee.bif,0x0B000044,logical-owner-not-demonstrated
ISTAF25,BAM,data/bgee.bif,0x0B000045,logical-owner-not-demonstrated
ISW2H22,BAM,data/bgee.bif,0x0B000046,logical-owner-not-demonstrated
KMAPBG,BAM,data/bgee.bif,0x0B000047,logical-owner-not-demonstrated
MAINEEAN,BAM,data/bgee.bif,0x0B00004B,logical-owner-not-demonstrated
SPIRITB,BAM,data/bgee.bif,0x0B00016B,logical-owner-not-demonstrated
SPIRITL,BAM,data/bgee.bif,0x0B00016C,logical-owner-not-demonstrated
SPIRITS,BAM,data/bgee.bif,0x0B00016D,logical-owner-not-demonstrated
SPIRITW,BAM,data/bgee.bif,0x0B00016E,logical-owner-not-demonstrated
STONSL10,BAM,data/bgee.bif,0x0B000172,logical-owner-not-demonstrated
HELPBUT,BAM,data/ee.bif,0x0B50002D,logical-owner-not-demonstrated
NRWZG1,BAM,data/ee.bif,0x0B500049,logical-owner-not-demonstrated
NRWZG11,BAM,data/ee.bif,0x0B50004A,logical-owner-not-demonstrated
NRWZG12,BAM,data/ee.bif,0x0B50004B,logical-owner-not-demonstrated
NRWZG13,BAM,data/ee.bif,0x0B50004C,logical-owner-not-demonstrated
NRWZG14,BAM,data/ee.bif,0x0B50004D,logical-owner-not-demonstrated
NRWZG15,BAM,data/ee.bif,0x0B50004E,logical-owner-not-demonstrated
NRWZG2,BAM,data/ee.bif,0x0B50004F,logical-owner-not-demonstrated
NRWZG21,BAM,data/ee.bif,0x0B500050,logical-owner-not-demonstrated
NRWZG22,BAM,data/ee.bif,0x0B500051,logical-owner-not-demonstrated
NRWZG23,BAM,data/ee.bif,0x0B500052,logical-owner-not-demonstrated
NRWZG24,BAM,data/ee.bif,0x0B500053,logical-owner-not-demonstrated
NRWZG25,BAM,data/ee.bif,0x0B500054,logical-owner-not-demonstrated
NRWZG26,BAM,data/ee.bif,0x0B500055,logical-owner-not-demonstrated
STORTIN3,BAM,data/ee.bif,0x0B5000A9,logical-owner-not-demonstrated
MDJCG1,BAM,data/patch13.bif,0x0BC00052,logical-owner-not-demonstrated
MDJCG11,BAM,data/patch13.bif,0x0BC00053,logical-owner-not-demonstrated
MDJCG12,BAM,data/patch13.bif,0x0BC00054,logical-owner-not-demonstrated
MDJCG13,BAM,data/patch13.bif,0x0BC00055,logical-owner-not-demonstrated
MDJCG14,BAM,data/patch13.bif,0x0BC00056,logical-owner-not-demonstrated
MDJCG15,BAM,data/patch13.bif,0x0BC00057,logical-owner-not-demonstrated
MDJCG2,BAM,data/patch13.bif,0x0BC00058,logical-owner-not-demonstrated
MDJCG21,BAM,data/patch13.bif,0x0BC00059,logical-owner-not-demonstrated
MDJCG22,BAM,data/patch13.bif,0x0BC0005A,logical-owner-not-demonstrated
MDJCG23,BAM,data/patch13.bif,0x0BC0005B,logical-owner-not-demonstrated
MDJCG24,BAM,data/patch13.bif,0x0BC0005C,logical-owner-not-demonstrated
MDJCG25,BAM,data/patch13.bif,0x0BC0005D,logical-owner-not-demonstrated
MDJCG26,BAM,data/patch13.bif,0x0BC0005E,logical-owner-not-demonstrated
