portrait,taille,fichier,largeur_px,hauteur_px,mode,octets,bif_source,sha256
AJANTIS,L,grands/AJANTIS_L.bmp,210,330,RGB,208616,data/Portrait.bif,c13ef87ffd7de9069392e0a872f31981043fdb477dd0437c496f435a00c4c947
AJANTIS,M,moyens/AJANTIS_M.bmp,169,266,RGB,135184,data/Portrait.bif,6f0ea8444d484cef56154f481f68c9e7159af4e7446adcdc56223c9be6d50900
AJANTIS,S,petits/AJANTIS_S.bmp,54,84,RGB,13832,data/Portrait.bif,aa690c6bb4841bb805759490b2935f9813a9cd1c8cf7ba23f85afa01bf858a35
ALORA,L,grands/ALORA_L.bmp,210,330,RGB,208616,data/Portrait.bif,ebedee24ff77bd77f39630c16776ef0b7304fed9b0dcdc91bca37db8252a7ff9
ALORA,M,moyens/ALORA_M.bmp,169,266,RGB,135184,data/Portrait.bif,4c03950be9c0430816a7ad9864e7e6ada997f6f96c0a9761787b9edadf3496c6
ALORA,S,petits/ALORA_S.bmp,54,84,RGB,13832,data/Portrait.bif,e524ca67da974299939a3f6d48f9fb829bf9a5bbecd168cca4530c88507f1a37
BDTMA,L,grands/BDTMA_L.bmp,210,330,RGB,208616,data/BDTP_DLC.BIF,b33d7a83eb72ba52c923f78d2ed6e3daabc2940ec52da95185932062e44a88d5
BDTMA,M,moyens/BDTMA_M.bmp,169,266,RGB,135184,data/BDTP_DLC.BIF,fc0ae6f51a3a0c2a2e3dcf29285fff12530deb56978e08f48c643012e545c2e0
BDTMA,S,petits/BDTMA_S.bmp,54,84,RGB,13832,data/BDTP_DLC.BIF,a753e2d31e3c8e81651077f2e501e23ec961ddbb896791b06c6511ecc3f3bf92
BDTMB,L,grands/BDTMB_L.bmp,210,330,RGB,208616,data/BDTP_DLC.BIF,551f86849df4470aaa1523873cd58eff57a4c26d761311f275b9b3f73674fe0d
BDTMB,M,moyens/BDTMB_M.bmp,169,266,RGB,135184,data/BDTP_DLC.BIF,5629f66264118749537fdf03ff8bcba54a1a5fab093e0d955405ceb81a0769ca
BDTMB,S,petits/BDTMB_S.bmp,54,84,RGB,13832,data/BDTP_DLC.BIF,80462e3608064b5d797970159c12d73a2c73ceb155c5ae2654071b6acfdb8ff0
BDTMC,L,grands/BDTMC_L.bmp,210,330,RGB,208616,data/BDTP_DLC.BIF,f75d52bc81af06e97170eafd06b0ef91bc6933a6a57cdfde2ee51ba2f1b4bcdd
BDTMC,M,moyens/BDTMC_M.bmp,169,266,RGB,135184,data/BDTP_DLC.BIF,1349786a1112f8db08c49df7f57080a9f8592b3a37f94486ce8ad6b06ac683a9
BDTMC,S,petits/BDTMC_S.bmp,54,84,RGB,13832,data/BDTP_DLC.BIF,38e7c75cfbec1a6ab7eb2029b645d9db5478b6639cc29bcfdcb18a0706e844ba
BDTMD,L,grands/BDTMD_L.bmp,210,330,RGB,208616,data/BDTP_DLC.BIF,d02a52f9a93ebed36cfdb297d845083b50ab950e9c2a4c4722e4d22469a4d9f1
BDTMD,M,moyens/BDTMD_M.bmp,169,266,RGB,135184,data/BDTP_DLC.BIF,795cd6eef4a9b23bffc0f64dba85e45a651bb588e251cea040a8f1087242b5c0
BDTMD,S,petits/BDTMD_S.bmp,54,84,RGB,13832,data/BDTP_DLC.BIF,b03ec9716f33e69c92089848d0a66f9081867ec362f675c2618c085aa3a58939
BDTME,L,grands/BDTME_L.bmp,210,330,RGB,208616,data/BDTP_DLC.BIF,0153546a1ea0a4c92b8c3b0b2a7adf3324b6c7b3b53479edba9d39842abb1b94
BDTME,M,moyens/BDTME_M.bmp,169,266,RGB,135184,data/BDTP_DLC.BIF,27c933a50c865ac8f536fb4e80523289948683041c218c64fbc6b57557e3c6e7
BDTME,S,petits/BDTME_S.bmp,54,84,RGB,13832,data/BDTP_DLC.BIF,ff3dbb56a175ac6d25467aa812eacb98dbe4b7d1801f855a4d45da29eed822b2
BDTMF,L,grands/BDTMF_L.bmp,210,330,RGB,208616,data/BDTP_DLC.BIF,8b3e32ab59680e77402216b374a84d908cf50ab3fdd2c5ae5440ccf05e280ad1
BDTMF,M,moyens/BDTMF_M.bmp,169,266,RGB,135184,data/BDTP_DLC.BIF,64c309d132c7891af7933dba839ee7e2f25a04ced9b6e6dc0bacbfb82d6793ce
BDTMF,S,petits/BDTMF_S.bmp,54,84,RGB,13832,data/BDTP_DLC.BIF,3900704cb224b14b7a79a1d17dd3745df5608dbfe733946dd7aa7a6ef978293e
BDTMG,L,grands/BDTMG_L.bmp,210,330,RGB,208616,data/BDTP_DLC.BIF,e3960d753f2caa0a4b7c4afad5810e0aa45b58580638d19928b0cae22be7dcfe
BDTMG,M,moyens/BDTMG_M.bmp,169,266,RGB,135184,data/BDTP_DLC.BIF,536fe97447897484a1c830e1b1bb60a426e8beb0139369b22ee122fdcf3bd420
BDTMG,S,petits/BDTMG_S.bmp,54,84,RGB,13832,data/BDTP_DLC.BIF,16d227003376a7973a51b18c020dfa6d56e795cb78acb307763799e49e698e3e
BDTMH,L,grands/BDTMH_L.bmp,210,330,RGB,208616,data/BDTP_DLC.BIF,ab593dab7497ab48d34cc6e8814fe43a3fdd91971a13356eb531b32d92f1c607
BDTMH,M,moyens/BDTMH_M.bmp,169,266,RGB,135184,data/BDTP_DLC.BIF,3cc759c5a534875c0e45f6df997cac56e4711e0ee177578f9a353ce87b2b4e0d
BDTMH,S,petits/BDTMH_S.bmp,54,84,RGB,13832,data/BDTP_DLC.BIF,5709d4831b390499223146702a1f469e3d429df4eb6a942f4b4ae7d09f260186
BDTMI,L,grands/BDTMI_L.bmp,210,330,RGB,208616,data/BDTP_DLC.BIF,fc8282b46426add0b4adfc8620f8c55fe1446a11f69c52759a9b5266b49766f3
BDTMI,M,moyens/BDTMI_M.bmp,169,266,RGB,135184,data/BDTP_DLC.BIF,2831b0d056d1f0cede24f0ed68407fca504d8a8b774e0255ef69e8cf0a7b95cc
BDTMI,S,petits/BDTMI_S.bmp,54,84,RGB,13832,data/BDTP_DLC.BIF,a6b415b5fe8299f106a58e6a4c6d2cebd498d6d9ac6d686958dd5f34eadd716c
BDTMJ,L,grands/BDTMJ_L.bmp,210,330,RGB,208616,data/BDTP_DLC.BIF,146e0461a8a8f2de58e3f3c074ba126d1d31da71eda07a10f05315b5959ce783
BDTMJ,M,moyens/BDTMJ_M.bmp,169,266,RGB,135184,data/BDTP_DLC.BIF,8ab804da636abc404f233219237a5526f399ca330a863aba3373fd5dd0153a7d
BDTMJ,S,petits/BDTMJ_S.bmp,54,84,RGB,13832,data/BDTP_DLC.BIF,ea6193c6c2774da6618187d365ae8ce7257ea7c54f0eb1802c8146748e878387
BDTMK,L,grands/BDTMK_L.bmp,210,330,RGB,208616,data/BDTP_DLC.BIF,922101f8dc667e81b90974ab7c344584d23fac0e6611fc562d88f2c6fcec7918
BDTMK,M,moyens/BDTMK_M.bmp,169,266,RGB,135184,data/BDTP_DLC.BIF,7d6680be57e0c7b5cbd272fdfe1e484f563de2455583176aed5eb6dee88b05dd
BDTMK,S,petits/BDTMK_S.bmp,54,84,RGB,13832,data/BDTP_DLC.BIF,1d601a62bcea7bc89c5014f132e25ee205c7f70a9ea47ed089582255777ca035
BRANWE,L,grands/BRANWE_L.bmp,210,330,RGB,208616,data/Portrait.bif,4274d47eb4b75765c4eac3f42b660afce72c5fb666e98a55d95d13f6c9bdf833
BRANWE,M,moyens/BRANWE_M.bmp,169,266,RGB,135184,data/Portrait.bif,d237bf5d2d2ba91cefa999f12cd42c83ce2d774a1aeb5b7ea4fca37d5d51f43c
BRANWE,S,petits/BRANWE_S.bmp,54,84,RGB,13832,data/Portrait.bif,3465b7f3e92176e27b245395e9e5f199ffccfe533e8003f4280f1bb87306528d
CMISC4,L,grands/CMISC4_L.bmp,108,184,RGBA,79626,data/GUIDesc.bif,4eae2e59e41f896a57b7be5588620889f9d5e05430c3c2a85c1108cc7b6ffe47
CMISC4,M,moyens/CMISC4_M.bmp,90,166,RGBA,59898,data/GUIDesc.bif,8a514bd79955b5c8686d168a5f0b5707e19a97f5d9c792ce310da8584d0a9083
CMISC4,S,petits/CMISC4_S.bmp,103,166,RGBA,68530,data/GUIDesc.bif,2b4e138a7d5e8da2b7a9d8d7fb374e9957e9df0dca568e0c2590164da1235df9
CMISC5,L,grands/CMISC5_L.bmp,141,174,RGBA,98274,data/GUIDesc.bif,b9a9bfc6504fe1d2fe02f160a48a2a478c08f3893d0465a712adb5ca95129172
CMISC5,M,moyens/CMISC5_M.bmp,153,174,RGBA,106626,data/GUIDesc.bif,71a9a88d0119f99f311022db09533e45793bcee962cf090ecb551c8c135809e8
CMISC5,S,petits/CMISC5_S.bmp,128,135,RGBA,69258,data/GUIDesc.bif,9fd2d47646b72652000dd01a22149b4d59c4755e9b0f8dd6b9986d9d5e6e03b6
CMISC6,L,grands/CMISC6_L.bmp,106,174,RGBA,73914,data/GUIDesc.bif,f377b5ee79373f57df4bb33fca9dd6b052c4a348c3d4e2b34cd68daa7b1200da
CMISC6,M,moyens/CMISC6_M.bmp,131,144,RGBA,75594,data/GUIDesc.bif,fb5f7a59c0313498ff96a937ed2a07b514ee938e8322a7ce0ff811c2f345c7b5
CMISC6,S,petits/CMISC6_S.bmp,100,146,RGBA,58538,data/GUIDesc.bif,03d8aad46505ac80dc28dbd98ea021347e793c3ee7d86e16efc4584b32525e1d
CMISC7,L,grands/CMISC7_L.bmp,117,123,RGBA,57702,data/GUIDesc.bif,26745a530dd172c5ead6a276e46d02709b3b2bc717cc645b01b5d9b5b46a6aa9
CMISC7,M,moyens/CMISC7_M.bmp,133,162,RGBA,86322,data/GUIDesc.bif,9f0b21228db465b76f50715eb8a83fb29f8e41d0e904145c8b74b7c0521d13f7
CMISC7,S,petits/CMISC7_S.bmp,92,153,RGBA,56442,data/GUIDesc.bif,758603a2018b4d6a807a8b7e5970e570506ce8a80d3295ea2f3b396d41d56067
CMISC8,L,grands/CMISC8_L.bmp,117,68,RGBA,31962,data/GUIDesc.bif,edfad037973d3abc97b4b1be726592fdf65a92410fa722c860d54316cd69c293
CMISC8,M,moyens/CMISC8_M.bmp,88,127,RGBA,44842,data/GUIDesc.bif,0b809ba5c666a69b382ad27a78345ef93831db80a2a9c8a9a1c3d225a1b33040
CMISC8,S,petits/CMISC8_S.bmp,132,160,RGBA,84618,data/GUIDesc.bif,16a7398a856b754e24f4705a600851f0e2349f6ddf04198f38224682aca602cc
CMISCB,L,grands/CMISCB_L.bmp,115,56,RGBA,25898,data/GUIDesc.bif,6bd1293d25ede48911fd38cb51bd6642c47165c60071727ffa873e43b1fb9729
CMISCB,M,moyens/CMISCB_M.bmp,120,90,RGBA,43338,data/GUIDesc.bif,4f094217e592c1e9b9f162eff57c5ced17c30e885650ed6c86dad794a509fb66
CMISCB,S,petits/CMISCB_S.bmp,102,104,RGBA,42570,data/GUIDesc.bif,4a0e65697119ff9565e971cf3f3be83b01a9c1102e2eee800fcbb9bd19e92cfe
CORAN,L,grands/CORAN_L.bmp,210,330,RGB,208616,data/Portrait.bif,b804d129222ceb60100af9a7a00088757e0b29deae53902a9f5ed7f688a8eff2
CORAN,M,moyens/CORAN_M.bmp,169,266,RGB,135184,data/Portrait.bif,a1dc7caf968b3285c9d79ab40979f2ba6a8624b46e4e24e5b4b3ec88108e3e39
CORAN,S,petits/CORAN_S.bmp,54,84,RGB,13832,data/Portrait.bif,3a0689a1f4c483e3da57eeff2568238dc9185dcdfb2e7418bc25c89016154a0b
DORN,L,grands/DORN_L.bmp,210,330,RGB,208616,data/Portrait.bif,b90450fb2d4ba2e7bbd52bc70bd025306ccc72813c0c6fa6c112c24ff87f266e
DORN,M,moyens/DORN_M.bmp,169,266,RGB,135184,data/bgee.bif,6563cf86c27d37e0f60f12746a468643b1fef774ebfb2b602972e1a8495a99a5
DORN,S,petits/DORN_S.bmp,54,84,RGB,13832,data/bgee.bif,cf1911b71afe3d119c2d7da42b742d5e865798af3e8fef39c6f1766370aca321
DYNAHEI,L,grands/DYNAHEI_L.bmp,210,330,RGB,208616,data/Portrait.bif,755df368ebd0396d274f815013090816f118333090d0b4fb5684ba4fcd993cbe
DYNAHEI,M,moyens/DYNAHEI_M.bmp,169,266,RGB,135184,data/Portrait.bif,ab5dfa15f6d19d1813f9e420b246517f212d3355b6f8f25a772e251019ad4421
DYNAHEI,S,petits/DYNAHEI_S.bmp,54,84,RGB,13832,data/Portrait.bif,4b0d611218f734bee3116e32fe8bc1fa1898844c511860d8b6d0dcf7d09b6742
EDWIN,L,grands/EDWIN_L.bmp,210,330,RGB,208614,data/Portrait.bif,f1aa638d9323d8984ad5f513724773d3a316198af4581e23952cc295169c1d27
EDWIN,M,moyens/EDWIN_M.bmp,169,266,RGB,135184,data/Portrait.bif,27dbb926e5af34b449bcba721a0001f4654bad3812661885bef3472f3abb300e
EDWIN,S,petits/EDWIN_S.bmp,54,84,RGB,13832,data/Portrait.bif,c9912cf9e1f2654d012779e52aa050bf3450e2b6b3cd64e298dbd9c225695853
ELDOTH,L,grands/ELDOTH_L.bmp,210,330,RGB,208616,data/Portrait.bif,f31e412f5c39d098d495a8d18ecf691b2d5d02ece9df6726cccced1b4e846626
ELDOTH,M,moyens/ELDOTH_M.bmp,169,266,RGB,135184,data/Portrait.bif,3bbef656df28fb9a787bf3e2fba2e3c279ec52561eec577e829894388e74acfc
ELDOTH,S,petits/ELDOTH_S.bmp,54,84,RGB,13832,data/Portrait.bif,259345a01ee7d436e070682a30697b9eddffe6eb80ac6447737af176ad223ea8
FALDORN,L,grands/FALDORN_L.bmp,210,330,RGB,208616,data/Portrait.bif,e4e0c4eac75ecc61b39f0f12cac00397ba1bfaa9d13cf1e84ebbf47dd00d089f
FALDORN,M,moyens/FALDORN_M.bmp,169,266,RGB,135184,data/Portrait.bif,ca51716344991a52ea3fc4a07fe579ac13c19b3d93cbef968863d66208c49b03
FALDORN,S,petits/FALDORN_S.bmp,54,84,RGB,13832,data/Portrait.bif,59a303c427835e1fa75704a3cbf02b3d3ef7381257ec80ef454b8d10daf42f92
GARRICK,L,grands/GARRICK_L.bmp,210,330,RGB,208616,data/Portrait.bif,d3853c9297130cafdf9b374e6fa467929666afb3d41ba3e97d0f24aa36fd5d52
GARRICK,M,moyens/GARRICK_M.bmp,169,266,RGB,135184,data/Portrait.bif,d9fdcc3c33cfc292479eaadf1b673abf87095b0c5f85ceb441c57cb4a8c0d024
GARRICK,S,petits/GARRICK_S.bmp,54,84,RGB,13832,data/Portrait.bif,9a154e46cf06ce3d4d50c90bb5f69c963b22dc1a46f076b16eef42b2517f89ec
GENDWRF,L,grands/GENDWRF_L.bmp,210,330,RGB,208614,data/Portrait.bif,c66ed5737057ef369e88e7c85976bdb8d8a7d6ecc76c9918250a60b8f52f798c
GENDWRF,M,moyens/GENDWRF_M.bmp,169,266,RGB,135184,data/Portrait.bif,f9df411dfcd5f0f753be8555dd8ad71d41da9f42b6a9d3df2a55bde9d354ef0f
GENDWRF,S,petits/GENDWRF_S.bmp,54,84,RGB,13832,data/Portrait.bif,12d8db2d1d7da075ef4d9ffb876036fde02ed70d86047a4941a214112331379c
GENMELF,L,grands/GENMELF_L.bmp,210,330,RGB,208614,data/Portrait.bif,62fe8d012015e53ffd2a2b02d2caca52328e8050aa264d542e02159e8800abf8
GENMELF,M,moyens/GENMELF_M.bmp,169,266,RGB,135184,data/Portrait.bif,41526fa80d91e90c69e10145d24793f47e42b605d67a85465106deba1611a8cc
GENMELF,S,petits/GENMELF_S.bmp,54,84,RGB,13832,data/Portrait.bif,b04e79f349fc0aaada0dcd49c492ad43b1cdf88226ddbdaa4b8b434b95cc4a2c
GENMHLF,L,grands/GENMHLF_L.bmp,210,330,RGB,208614,data/Portrait.bif,59c1909cec352f2d0998d9b25caa2b1e82957fd6a3192e59b33b7460febaf635
GENMHLF,M,moyens/GENMHLF_M.bmp,169,266,RGB,135184,data/Portrait.bif,49e8dcd0808310e0e5bae8356af8d08a5021b19a446b11d178c7b3c896f22600
GENMHLF,S,petits/GENMHLF_S.bmp,54,84,RGB,13832,data/Portrait.bif,761226f617a15ea1326ddd908dbc1c37a6c35da22ea9adb9c7729f07897e3a33
HELM,L,grands/HELM_L.bmp,210,330,RGB,208682,data/Portrait.bif,372f2055ea5b7917602cec4ea55099b1e25d644d8c40f3e599e974291977b6b4
HELM,M,moyens/HELM_M.bmp,169,266,RGB,135250,data/Portrait.bif,65515a402d1a286b1d46d75705791975844db70d4b71270962c1acf16d562d70
HELM,S,petits/HELM_S.bmp,54,85,RGB,14062,data/Portrait.bif,370cc304614ef5886c3ba434c3f779092c70598bbc6e86e68c92f7d9b7cd545e
HVLN,L,grands/HVLN_L.bmp,210,330,RGB,208682,data/Portrait.bif,4dc7b60ad597a057ae820080f353abab7805d250d858bde38db80f908830da73
HVLN,M,moyens/HVLN_M.bmp,169,266,RGB,135250,data/Portrait.bif,27f09443cd1211ccbc6b1b414538ebfe1c1a7467f6c2721909c34b8686d7e23a
HVLN,S,petits/HVLN_S.bmp,54,85,RGB,14062,data/Portrait.bif,f8c7ec457920ea6ab1207bf338028f39b01fff07b88e4e437e3bc6ef2ba6553d
IMOEN,L,grands/IMOEN_L.bmp,210,330,RGB,208616,data/Portrait.bif,ddefcb2d1ba425768e56013db15e731c063ca290761f81461671a5a59dac7303
IMOEN,M,moyens/IMOEN_M.bmp,169,266,RGB,135184,data/Portrait.bif,f8f8ff47c084fde65216300ffd491a59292ea6f0c53606d8a3483eaf2d159b67
IMOEN,S,petits/IMOEN_S.bmp,54,84,RGB,13832,data/Portrait.bif,27d8df8033610c56e2f30ba9ea417e46ce1844af1b52ffecbc61bc15f7b504bd
JAHEIRA,L,grands/JAHEIRA_L.bmp,210,330,RGB,208616,data/Portrait.bif,380f402fde712c53fafaa2f535f75ff46bf8330ded09abf73a8b3599359c2e5d
JAHEIRA,M,moyens/JAHEIRA_M.bmp,169,266,RGB,135184,data/Portrait.bif,6b413a3cdcc5a52fe8bb28618775a879bcb61eafd6677433fe169d75210a5adb
JAHEIRA,S,petits/JAHEIRA_S.bmp,54,84,RGB,13832,data/Portrait.bif,2ad727a7111a02f12b48bf408ae73653f942aa6fe860c76fbe43497f2bdd5b2e
KAGAIN,L,grands/KAGAIN_L.bmp,210,330,RGB,208616,data/Portrait.bif,3b4e9300ae91e1719d5bea12228b4165b055dd454973459163d721c24b5fda78
KAGAIN,M,moyens/KAGAIN_M.bmp,169,266,RGB,135184,data/Portrait.bif,cbc1edcc51236be6d248eb597efb930ed269d3c930e5067af94319ae5d1835ed
KAGAIN,S,petits/KAGAIN_S.bmp,54,84,RGB,13832,data/Portrait.bif,f1faa1529f321f449235013d9e1f3a56414dd3d733b69c2a4ecfaf1c4aafba79
KHALID,L,grands/KHALID_L.bmp,210,330,RGB,208616,data/Portrait.bif,40e5a323bbf024c6a9f15342b1fe9456f3c5dd4dbcf23beab5856ff00830179f
KHALID,M,moyens/KHALID_M.bmp,169,266,RGB,135184,data/Portrait.bif,867d17e98a8144967683ae6cc32bed13463252b6551c17c754a5a8d661a23588
KHALID,S,petits/KHALID_S.bmp,54,84,RGB,13832,data/Portrait.bif,8abcec6d1b4a3c66b7e5c13ee2d6312afc1cc876bb9e98185c984cf83eb3138c
KIVAN,L,grands/KIVAN_L.bmp,210,330,RGB,208616,data/Portrait.bif,93553e5b75ce8e0a75eb21fc248d7fd5b82e4d34377925bdaf89d13cc19df404
KIVAN,M,moyens/KIVAN_M.bmp,169,266,RGB,135184,data/Portrait.bif,506ccf265ae9b587cfead948c9f104b3f9c7e80a3404d2ae3ea7eb16d2c005ed
KIVAN,S,petits/KIVAN_S.bmp,54,84,RGB,13832,data/Portrait.bif,8a0d339ea37a47e16dd8f69cfdc57c7c212531540e5855ba866bc557ba1a9fdc
MAN1,L,grands/MAN1_L.bmp,210,330,RGB,208616,data/Portrait.bif,29760936460a6dc4fe8807f0eebdb4706d10b8417a86f86c1e308977e4609839
MAN1,M,moyens/MAN1_M.bmp,169,266,RGB,135184,data/Portrait.bif,838bce15bb56b10861d292300f56b21204058bda7b9d0f9efe796826868a19d1
MAN1,S,petits/MAN1_S.bmp,54,84,RGB,13832,data/Portrait.bif,a261b5ad1fe5e26b10352ffa4d9f37a6068ca4f88b5988b12f0f7df7b2ed6644
MAN2,L,grands/MAN2_L.bmp,210,330,RGB,208616,data/Portrait.bif,811962a059561543a25cd4255778f1b89eeeed23095585f5c7a67b596f88cd28
MAN2,M,moyens/MAN2_M.bmp,169,266,RGB,135184,data/Portrait.bif,62daae7d776de223f9557386bec4efca9e0887511876dd809376792ff8261c72
MAN2,S,petits/MAN2_S.bmp,54,84,RGB,13832,data/Portrait.bif,c2e324765902aeece9c3867925bd2b739d66fb783f13f0943e7126eacef70226
MANLEY0,L,grands/MANLEY0_L.bmp,210,330,RGB,208616,data/patch13.bif,b71381c00cf95d62cc03b5573f4a25adebd2708454a100278063ae4e65c0a3de
MANLEY0,M,moyens/MANLEY0_M.bmp,169,266,RGB,135184,data/patch13.bif,d75a8bc7aaa893a6935a79966f4abe723af8f4fbd73dbd96c8956ccd6c3d2e9c
MANLEY0,S,petits/MANLEY0_S.bmp,54,84,RGB,13832,data/patch13.bif,8ea887ca69e16259c40d9228e60e1430bcbd1a290e9130330f65ab0f582adf27
MANLEY1,L,grands/MANLEY1_L.bmp,210,330,RGB,208616,data/patch13.bif,7581d1537553879f97c0960f20314af2fb4e75c503b1973c261ab96b1022574b
MANLEY1,M,moyens/MANLEY1_M.bmp,169,266,RGB,135184,data/patch13.bif,6f8c2fee8c824f8d27c9cf4cbd771806c03805dbe96a9cdf56b1bb7f25fa6267
MANLEY1,S,petits/MANLEY1_S.bmp,54,84,RGB,13832,data/patch13.bif,b38f6110d6197fb6c4bc27e1905833cdb1a352705fe620e95fdee870412692ee
MANLEY2,L,grands/MANLEY2_L.bmp,210,330,RGB,208616,data/patch13.bif,15237ab64997e6dfd7bd498643f341199653dae1a61de137d9ff0020997a2de8
MANLEY2,M,moyens/MANLEY2_M.bmp,169,266,RGB,135184,data/patch13.bif,9cefe579cc4b7dc6fa29e4fb07be0ee0d6e9bd978e9be3a2ecacc05ed1397eeb
MANLEY2,S,petits/MANLEY2_S.bmp,54,84,RGB,13832,data/patch13.bif,ff42dbdf4a7c4735ca4c84b67134fc2d3005ca0ae7af18a32b8b1938fb8c59a6
MANLEY3,L,grands/MANLEY3_L.bmp,210,330,RGB,208616,data/patch13.bif,991a3293af106f26fe0fce8be4f88bf52eaa4f598decdb0caf6eb37b59642296
MANLEY3,M,moyens/MANLEY3_M.bmp,169,266,RGB,135184,data/patch13.bif,a88d2f71a6a37876138dde00270344e082efdb4a0f437bb33e55c47d2e2a2ecd
MANLEY3,S,petits/MANLEY3_S.bmp,54,84,RGB,13832,data/patch13.bif,ca61cbc01ce3c123256c1f925974c34bf98139a59cec1f0822977f2448ba85f1
MANLEY4,L,grands/MANLEY4_L.bmp,210,330,RGB,208616,data/patch13.bif,a301b4f7607ae686ef37e4226d39feb6ad5827ef729d59c1314f7772e11bf680
MANLEY4,M,moyens/MANLEY4_M.bmp,169,266,RGB,135184,data/patch13.bif,72ccae4cb50873f91d63f880d106adc1d2dd10b2f400e1fac6743cf1ac62cedd
MANLEY4,S,petits/MANLEY4_S.bmp,54,84,RGB,13832,data/patch13.bif,e3b789b6293f093d3230e840731ee3aa9ba8db1437fca7337a4f65913cb62ac5
MANLEY5,L,grands/MANLEY5_L.bmp,210,330,RGB,208616,data/patch13.bif,d83b5803706a6a3a16ba97d65d6a093dee4d266cf0fceaf745b02db5325522ec
MANLEY5,M,moyens/MANLEY5_M.bmp,169,266,RGB,135184,data/patch13.bif,55fb6c189babe1b8a1f84b6223a35475010f8d071956689a5a5903acbd609cee
MANLEY5,S,petits/MANLEY5_S.bmp,54,84,RGB,13832,data/patch13.bif,718cde108681dcc9368816fc0a16337e3689183691bb06cb983e8bd7a64014d6
MANLEY6,L,grands/MANLEY6_L.bmp,210,330,RGB,208616,data/patch13.bif,960567ae9f6066ffb4a8c99d96d78439891dab3e8c2cadd87022357ef168368c
MANLEY6,M,moyens/MANLEY6_M.bmp,169,266,RGB,135184,data/patch13.bif,134e55fcc1ef0c5b0cc54466de4d59b276719c1862d896ca96924105b165aa84
MANLEY6,S,petits/MANLEY6_S.bmp,54,84,RGB,13832,data/patch13.bif,ef9b3dd30350e3f73d477983824d1ac315705c2334ed7c017a3c068470c62979
MANLEY7,L,grands/MANLEY7_L.bmp,210,330,RGB,208616,data/patch13.bif,d2e9a9aa1bef1458fec720b339dbb56a1738f0e496fe14d28434260855c3d537
MANLEY7,M,moyens/MANLEY7_M.bmp,169,266,RGB,135184,data/patch13.bif,ba8af25cdb645bdcd657a9cb4a06c6d19f807a9a579cf5c3ed7c532eb402e2d5
MANLEY7,S,petits/MANLEY7_S.bmp,54,84,RGB,13832,data/patch13.bif,4175533ccba13bedd55ea0d117128c09027da591fddcd1ca31712aa04acbb227
MANLEY8,L,grands/MANLEY8_L.bmp,210,330,RGB,208616,data/patch13.bif,86dd44ae023971ab2f35ae210505bde86684ab38fb276e86b008cfdcf6f4d990
MANLEY8,M,moyens/MANLEY8_M.bmp,169,266,RGB,135184,data/patch13.bif,84caa907e38064ae2d221518058d24046764f1e82938e4b846056e39e7c39695
MANLEY8,S,petits/MANLEY8_S.bmp,54,84,RGB,13832,data/patch13.bif,00136c8b518e05173c1d3ab10fbe693e233ebcb149c371d1b31294bc100caab4
MANLEY9,L,grands/MANLEY9_L.bmp,210,330,RGB,208616,data/patch13.bif,3002a1f13248ee6d5457c667e4ccc7c49e1ae78a9ba4565a58e44aa2d02b9c7e
MANLEY9,M,moyens/MANLEY9_M.bmp,169,266,RGB,135184,data/patch13.bif,fcc3c7d2e9fce670b034ce4306e06341a0df5de4617dedb00edf90dc38b01515
MANLEY9,S,petits/MANLEY9_S.bmp,54,84,RGB,13832,data/patch13.bif,79f5648a8ecad92389436a6ee4cbc7645f79e0f331a9276b72905581ed65995f
MANLEYX,L,grands/MANLEYX_L.bmp,210,330,RGB,208616,data/patch13.bif,ebb74e28e5d7f63e8109ec4e7c2af50bbac98eef950e1075db4dc2771fa72bf0
MANLEYX,M,moyens/MANLEYX_M.bmp,169,266,RGB,135184,data/patch13.bif,a5262a4381e94112042b79de3fcda7b9ede59a8c3791a0d9c04ce9eff2b6dbb4
MANLEYX,S,petits/MANLEYX_S.bmp,54,84,RGB,13832,data/patch13.bif,6d91bb2d096f36282f1d3dca49f6d821fa950d3912c6fde76d455c2c0cf45498
MINSC,L,grands/MINSC_L.bmp,210,330,RGB,208616,data/Portrait.bif,8daf22501244591722de23332f93632664f40696135517d64a91db1405412e85
MINSC,M,moyens/MINSC_M.bmp,169,266,RGB,135184,data/Portrait.bif,d92ec48e021d2bbef122c7b162eabebb6bbb1a0b86ac434ed95e5560787c02ee
MINSC,S,petits/MINSC_S.bmp,54,84,RGB,13832,data/Portrait.bif,627e530bc4ac0dc5825b371dbe8e41b47fa6e5efbd052bf152cee4a4aafc5e20
MONTAR,L,grands/MONTAR_L.bmp,210,330,RGB,208616,data/Portrait.bif,e5a464ce59e3ee4217c4a29db06f27ad973c7e747c6b78e9b7038cd5e962124f
MONTAR,M,moyens/MONTAR_M.bmp,169,266,RGB,135184,data/Portrait.bif,7c1839b213401ae188ffe05d2f5c4f1eb751268ab31dbf961a64f0d03e88a6ed
MONTAR,S,petits/MONTAR_S.bmp,54,84,RGB,13832,data/Portrait.bif,363da5df250fbb8eea113f6672755b82a3f9569f1ef745a405b162b492fa5167
NAERIE,L,grands/NAERIE_L.bmp,210,330,RGB,208616,data/Portrait.bif,cefd6f4b63b907d884afafb66ade148483f3f16387a5b37cbca9769ff6c8c1fe
NAERIE,M,moyens/NAERIE_M.bmp,169,266,RGB,135184,data/Portrait.bif,241e2a5b65805ecb3a7abc042ee2e2f15acf6e8c4e3aecb918d8e170df0e2e4c
NAERIE,S,petits/NAERIE_S.bmp,54,84,RGB,13832,data/Portrait.bif,2f66530723431bd971f5c6e30ad140f0291b14124c5efb75fc3dac53d8d32ddf
NANOMEN,L,grands/NANOMEN_L.bmp,210,330,RGB,208616,data/Portrait.bif,93c24378bf336d08e073bb4d0f0a01b7de3e03849231d00c54bb419c5263f05b
NANOMEN,M,moyens/NANOMEN_M.bmp,169,266,RGB,135184,data/Portrait.bif,d39185291186e4cc3e687c54600a49b8b80ac6f41f642d3b431fb93bfb5b70da
NANOMEN,S,petits/NANOMEN_S.bmp,54,84,RGB,13832,data/Portrait.bif,4d814723c901fac93980d462904a57ab87604da79bc604a8cc4eb3a99b962b37
NCERND,L,grands/NCERND_L.bmp,210,330,RGB,208616,data/Portrait.bif,f93398b51368367b9db36fee1db72e6e45a87e3acf10e8ff75f9b620eb7ed1c6
NCERND,M,moyens/NCERND_M.bmp,169,266,RGB,135184,data/Portrait.bif,72a0f364f5545e0d4c3c777bd206aea83d968e9f44e8beb9340d91c7cbeb2eab
NCERND,S,petits/NCERND_S.bmp,54,84,RGB,13832,data/Portrait.bif,1c2e56205f6a121037e6859b91586aa3b8b013566c0aecb1e5bee382fcbe4db3
NEDWIN,L,grands/NEDWIN_L.bmp,210,330,RGB,208616,data/Portrait.bif,77add9fce0ff560114c94dee8819422336b607edf619a2898196f959077aab80
NEDWIN,M,moyens/NEDWIN_M.bmp,169,266,RGB,135184,data/Portrait.bif,f5a92c1a5f4c5eff0e061b785d529e6fa9723c8145807b95bc35e8940cfdc63f
NEDWIN,S,petits/NEDWIN_S.bmp,54,84,RGB,13832,data/Portrait.bif,d29d53c794ddfccb145c64cfc2e2501aa47ba587b3136d12329ad67a5ca44ab3
NEERA,L,grands/NEERA_L.bmp,210,330,RGB,208616,data/bgee.bif,601b778739a9ed9b014cc9f70696b97ded6e8ef03a0f7495414e86d9c4852b71
NEERA,M,moyens/NEERA_M.bmp,169,266,RGB,135184,data/bgee.bif,e16e108c00bac58dfcb6971c9be0fadf7af42cf5eeb3139962e218efb8f3273e
NEERA,S,petits/NEERA_S.bmp,54,84,RGB,13832,data/bgee.bif,db3bbdfee405bb70a74aa719bdb188637e2f0b6fac23a44175af792b1deaad42
NHAER,L,grands/NHAER_L.bmp,210,330,RGB,208616,data/Portrait.bif,83c6ee59acf3624d671e2ce0dd5e58f33fcde782c1ef86d5b5e8328d2130ace7
NHAER,M,moyens/NHAER_M.bmp,169,266,RGB,135184,data/Portrait.bif,9140abf6c5062d28140d141d3bb75279b6fd67801d744926696d16cce05d0d75
NHAER,S,petits/NHAER_S.bmp,54,84,RGB,13832,data/Portrait.bif,4c75879924828a2aae937c50bf10894c00f2fc864794751ef512c76d7937527e
NHORC,L,grands/NHORC_L.bmp,210,330,RGB,208616,data/Portrait.bif,097015bc28b1a9d6baa98a48ee4f74a326f4cd0e4f71385fd6232dd1810aef08
NHORC,M,moyens/NHORC_M.bmp,169,266,RGB,135184,data/Portrait.bif,aa029de8af06ef7fcdd8bec00b6ab7ea945c3ff7b4862b9b82480f16f6d0ac7b
NHORC,S,petits/NHORC_S.bmp,54,84,RGB,13832,data/Portrait.bif,82cac712dbb2a8550e55cd66a6e7f5342e413eab43c406f18cdfbbea95982ca1
NIMOEN,L,grands/NIMOEN_L.bmp,210,330,RGB,208616,data/Portrait.bif,b4b1a760357198d1e6627c27d217f611bd3e1042bee308210b1eb8b99d2cfac6
NIMOEN,M,moyens/NIMOEN_M.bmp,169,266,RGB,135184,data/Portrait.bif,c01f2ec0b826779b33b07c6118fa88caa82d3c1a4e50d97c10b306bdf2912d29
NIMOEN,S,petits/NIMOEN_S.bmp,54,84,RGB,13832,data/Portrait.bif,f2c29df3701f9939d87595bb811c0156ee5e7bb11cc39c61e3e76b3bdf66d54b
NJAHEIR,L,grands/NJAHEIR_L.bmp,210,330,RGB,208616,data/Portrait.bif,4774b6f12fb5412ad9fe43013944f79f253b21e6983ed03b28aa2e446a0ca568
NJAHEIR,M,moyens/NJAHEIR_M.bmp,169,266,RGB,135184,data/Portrait.bif,7f179eebaf90e85cf72806e5ec05fcb827d4604e604750d64e695497e85bbb7f
NJAHEIR,S,petits/NJAHEIR_S.bmp,54,84,RGB,13832,data/Portrait.bif,eda17dd0c7986e354e9d5adc4ec71470e1202e3b96e109d4df53f69f8debb979
NJAN,L,grands/NJAN_L.bmp,210,330,RGB,208616,data/Portrait.bif,2298b9e009427e8967603cfc2aaa7c7adf6964245b6d575fbb5ac0958e0b7a5f
NJAN,M,moyens/NJAN_M.bmp,169,266,RGB,135184,data/Portrait.bif,c6af07e3556d452e735f0d4d43a481e08f527e0fa0e871db9d4fb52d36a979ef
NJAN,S,petits/NJAN_S.bmp,54,84,RGB,13832,data/Portrait.bif,dc680cdf0153be60207661333668df00e14124189671cc1d75ed46aea48d1ff6
NJON,L,grands/NJON_L.bmp,210,330,RGB,208616,data/Portrait.bif,d9c682857ba48b68005ea66224b4a86547af38205cb4abb947228ebd2758e491
NJON,M,moyens/NJON_M.bmp,169,266,RGB,135184,data/Portrait.bif,b5c9e1667c298f1a733b909ace3b0ce09af53c12d1897662788851c54b98ab09
NJON,S,petits/NJON_S.bmp,54,84,RGB,13832,data/Portrait.bif,d60b92610337834527607c4b0ea65d656a19f6d9323f9a19e9ee179e96923b60
NKELDOR,L,grands/NKELDOR_L.bmp,210,330,RGB,208616,data/Portrait.bif,2853c8065d2656a49b28be1c716d81439dae821229a03f195320ccbe016c6024
NKELDOR,M,moyens/NKELDOR_M.bmp,169,266,RGB,135184,data/Portrait.bif,7ab276fa3e5788a983875419996819071d6430715a055ed5d6ab878a8aacdb23
NKELDOR,S,petits/NKELDOR_S.bmp,54,84,RGB,13832,data/Portrait.bif,d5672ce03a99e2d9cdc1c410e6431da88514ff9c0ee6a95883985d3b580d38b1
NKORGAN,L,grands/NKORGAN_L.bmp,210,330,RGB,208616,data/Portrait.bif,d8cb478cc396ec657200dd1521dc6504ceb8830972ad3a29d2c5ed77a6bc530c
NKORGAN,M,moyens/NKORGAN_M.bmp,169,266,RGB,135184,data/Portrait.bif,ed6fce63c38c5bb3703d51d2eb7896e02b1d641524d5713d9fd92b9b01b788ed
NKORGAN,S,petits/NKORGAN_S.bmp,54,84,RGB,13832,data/Portrait.bif,5d1b9b08da4e5d52bd7d7a15c1487ef9cd22ef6a1df04ae430a8fffacd8e2dfc
NMAZZY,L,grands/NMAZZY_L.bmp,210,330,RGB,208616,data/Portrait.bif,307288dd86ec1a5ee63455c66ac940c81b64e2952443e312e1e1b21a255585e1
NMAZZY,M,moyens/NMAZZY_M.bmp,169,266,RGB,135184,data/Portrait.bif,229653b88ca8b44bc117383ad823bcc8b8902d0575eff6ddf6d115ca0590bc00
NMAZZY,S,petits/NMAZZY_S.bmp,54,84,RGB,13832,data/Portrait.bif,38163926cfc9aecc19aa705b286174e43771aecce3561df585932e6d5e807884
NMINSC,L,grands/NMINSC_L.bmp,210,330,RGB,208616,data/Portrait.bif,f71976155098bb3f902e98dd719aacc65e99faccb5d6cc3c55b3133986231468
NMINSC,M,moyens/NMINSC_M.bmp,169,266,RGB,135184,data/Portrait.bif,8f0fa8ce99d31c16c36fd60ac3e82dfa10027f0f87da99233efc915bcd891a7a
NMINSC,S,petits/NMINSC_S.bmp,54,84,RGB,13832,data/Portrait.bif,8efd9d468b0f53e4df6d34560eb4174dc8a0a4a39ce5c89d047644afde2a7778
NNALIA,L,grands/NNALIA_L.bmp,210,330,RGB,208616,data/Portrait.bif,d3efbd784b13478512dfea4f536260d2943b9566bcf18140b7a355d7d914eb0a
NNALIA,M,moyens/NNALIA_M.bmp,169,266,RGB,135184,data/Portrait.bif,f87f406d32e75f994ec620bfd2e8832302cba610df4662aaf20c4ac025411173
NNALIA,S,petits/NNALIA_S.bmp,54,84,RGB,13832,data/Portrait.bif,06b283f7673e2c56f7c2c6849c86c3ad6cbb43df64855cd2549c905863c1dfcc
NOPORTL,L,grands/NOPORTL_L.bmp,110,170,RGB,56496,data/Portrait.bif,99a7675d9c6e2f24e5e1e853df1c1fb16219c888c5629ed2e1b7c5818522aace
NOPORTL,M,moyens/NOPORTL_M.bmp,172,266,RGB,137312,data/bgee.bif,f1a5914524f348904e44ab11d6080bc2724099b880d0132ff2fb59bfbfe7d8c8
NOPORTL,S,petits/NOPORTL_S.bmp,54,84,RGB,13832,data/bgee.bif,cffbed583bda9c70067c1b13d53941c1a96a7d24972e70d9f625234ebf409831
NVALYGA,L,grands/NVALYGA_L.bmp,210,330,RGB,208616,data/Portrait.bif,2559a10b258ab99522d648b400712f8e21e05847ddd8326daa17af390c7661f4
NVALYGA,M,moyens/NVALYGA_M.bmp,169,266,RGB,135184,data/Portrait.bif,7293019fd904be8ba48083e15aa56f76558cb26d29275618fd465d506d409ecf
NVALYGA,S,petits/NVALYGA_S.bmp,54,84,RGB,13832,data/Portrait.bif,bfd1a0b5cf2b11b29a3097473a723ad4ea64f3a8bc1e3ba3752f976296d4e30e
NVICON,L,grands/NVICON_L.bmp,210,330,RGB,208616,data/Portrait.bif,28d3a2b7788a8c70a6c1239fd0182a321208191192ca1f51a79db4854b38b2cf
NVICON,M,moyens/NVICON_M.bmp,169,266,RGB,135184,data/Portrait.bif,357f921464f4c006b57027dc4935ace38776a2e66d79f5af8ce937861da24d4e
NVICON,S,petits/NVICON_S.bmp,54,84,RGB,13832,data/Portrait.bif,7a8fd54b6b10089dbb3cc4bd8bacd9a2ba5083bd56e78c6cc491bf93317891b2
NYOSHIM,L,grands/NYOSHIM_L.bmp,210,330,RGB,208616,data/Portrait.bif,216d534413806eced97cc49ae837a366f37791d31b7c01a1b1dcd74d2173b18b
NYOSHIM,M,moyens/NYOSHIM_M.bmp,169,266,RGB,135184,data/Portrait.bif,8973f25d43d62d38d619f5030174a1455b5e0aa2621992d4e880fbfccdd67ba6
NYOSHIM,S,petits/NYOSHIM_S.bmp,54,84,RGB,13832,data/Portrait.bif,a1d95be441f2bb96b7b0374aaa1a4cdb4bffe2230ce280bfe5b2626b456edb84
OHHEX,L,grands/OHHEX_L.bmp,210,330,RGB,208616,data/Hexxat.bif,8f64eae7be7fa91cd13bc17e4d7ce6b449e122e9d5fa013bd543bc2760186eee
OHHEX,M,moyens/OHHEX_M.bmp,169,266,RGB,135184,data/Hexxat.bif,0022c1f2ce1c9ca89809657c7f06717b64089d1264c70b321c023dbc83ca4b38
OHHEX,S,petits/OHHEX_S.bmp,54,84,RGB,13832,data/Hexxat.bif,40b0239a3f07233f410cd57f3e72cdcd1c2b8672364fafcb1200eb884b5a26c0
OHHEXX,L,grands/OHHEXX_L.bmp,210,330,RGB,208616,data/Hexxat.bif,992ba6b6433ae3c9d66ec1e8a4bea56446ef4943f6d88ebbf2bcd5717c4c537d
OHHEXX,M,moyens/OHHEXX_M.bmp,169,266,RGB,135184,data/Hexxat.bif,a4f8276f8a264deb9f673706af6e2f41347bc5985d8afb1343e45c0fbb42fcff
OHHEXX,S,petits/OHHEXX_S.bmp,54,84,RGB,13832,data/Hexxat.bif,bd22c836de694661263952315cc81cdeecdbea62e9349c2fcda15078cc47b0fe
QUAYLE,L,grands/QUAYLE_L.bmp,210,330,RGB,208616,data/Portrait.bif,dfe71a5bf504cd273eee571f380573c58f218f4bae60c13ba7be6569ab60f71b
QUAYLE,M,moyens/QUAYLE_M.bmp,169,266,RGB,135184,data/Portrait.bif,7989de146c7306c7f323bb570f202c6d0f1ef3940a4dee4fc4b6c8451fe2839a
QUAYLE,S,petits/QUAYLE_S.bmp,54,84,RGB,13832,data/Portrait.bif,f8af1541e48e30c4b36faab2e7575b282090a543f0855438d52377499c2d6ffe
RASAAD,L,grands/RASAAD_L.bmp,210,330,RGB,208616,data/bgee.bif,ae5f64bb391ea60d238bbe3a690d9e06f9059bc206b496af64f238e25301d046
RASAAD,M,moyens/RASAAD_M.bmp,169,266,RGB,135184,data/bgee.bif,0d479bf4544adee752d209510fd07eeae2413cbfb71d84c3f018edb2022ce517
RASAAD,S,petits/RASAAD_S.bmp,54,84,RGB,13832,data/bgee.bif,8986b40a77b6198d760dcce7e534a7da7b147edea62d363736b33cd744653a21
SAFANA,L,grands/SAFANA_L.bmp,210,330,RGB,208616,data/Portrait.bif,1d96a0bd1a84edab2a67c98fd45461165d8d7f00bb4ed3d62f18e11b095028dd
SAFANA,M,moyens/SAFANA_M.bmp,169,266,RGB,135184,data/Portrait.bif,1cfa21da262147f7f7ed92fde6e5b8bf98145774f6aa7f341c8a7e2b508ceca6
SAFANA,S,petits/SAFANA_S.bmp,54,84,RGB,13832,data/Portrait.bif,976652bf37ed7facebcdcb0140b20aba905d3f61213b609d1372233d0cb1a487
SAREVOK,L,grands/SAREVOK_L.bmp,210,330,RGB,208616,data/25Portrt.bif,ac324b613a7d973dcc75d20f06e3498607e100770fc78ad778d226724c61a3ca
SAREVOK,M,moyens/SAREVOK_M.bmp,169,266,RGB,135184,data/25Portrt.bif,c9d01c407dc52eea8d3bf18c707fbdf426041151bb946303bcbf658564c2db6d
SAREVOK,S,petits/SAREVOK_S.bmp,54,84,RGB,13832,data/25Portrt.bif,4420749060e441514faaa041dbfc57c89967b4cafeb236a52541a218df36f907
SHARTEL,L,grands/SHARTEL_L.bmp,210,330,RGB,208616,data/Portrait.bif,b4e936a8da96bd77234a9ba9489132958f2a935f85b70ae38c47ca2c8ad1a4ac
SHARTEL,M,moyens/SHARTEL_M.bmp,169,266,RGB,135184,data/Portrait.bif,773d7f831e0904dcdd128cb1b4cabc31d3d11c5c84c68c232eced13875073965
SHARTEL,S,petits/SHARTEL_S.bmp,54,84,RGB,13832,data/Portrait.bif,b228c4b7908be70658f94f2473ca47c487290fef0a30c9d67d7b8c3aac8d73c2
SKAN,L,grands/SKAN_L.bmp,210,330,RGB,208682,data/Portrait.bif,2db9512ee648e5f6b0cdaa2231acefb96923ff630a3aaf9819e4a306d01dfc2b
SKAN,M,moyens/SKAN_M.bmp,169,266,RGB,135250,data/Portrait.bif,0aa95f78d047636d691ff76337c9adddc9bcc39205d2a0e6d9f14c1df1d18dda
SKAN,S,petits/SKAN_S.bmp,54,85,RGB,14062,data/Portrait.bif,83c2c9c1f363bc1010374e743854a99bb37ae021a924c14350ae739d9b6701e8
SKIE,L,grands/SKIE_L.bmp,210,330,RGB,208616,data/Portrait.bif,6b62ffcf90ed8b0d221b57395e8979bef2e914b5453089bb8afa9eff7e75a7eb
SKIE,M,moyens/SKIE_M.bmp,169,266,RGB,135184,data/Portrait.bif,2d37c20543653c88ba153c869bf6aebf7709fd462a6a7e8057ed2be34374075d
SKIE,S,petits/SKIE_S.bmp,54,84,RGB,13832,data/Portrait.bif,8c04e33475ba90d2bbf2de2da306bc6a45cf7c8df035269ac8adbc3bf68d84d6
TIAX,L,grands/TIAX_L.bmp,210,330,RGB,208616,data/Portrait.bif,d87607f0a9301678a88aac94df19fa54d8942c8dab84a83612e86c1c7df641c5
TIAX,M,moyens/TIAX_M.bmp,169,266,RGB,135184,data/Portrait.bif,c8a4211bb563d6f55b6db8c3b7a319d1288d4ac27e34edb4dda7432113085254
TIAX,S,petits/TIAX_S.bmp,54,84,RGB,13832,data/Portrait.bif,c9657d9aff77ea1428ed7c18562db9e2f6913b6952bdbd70f3ac5f8b8271bb4e
VICONIA,L,grands/VICONIA_L.bmp,210,330,RGB,208616,data/Portrait.bif,0e216040cb851641f7e8b44af1b5120a661d75bacf983da1bc407ed3a7f3abbb
VICONIA,M,moyens/VICONIA_M.bmp,169,266,RGB,135184,data/Portrait.bif,97d8541eddfbf9b012879e1fb94529addd0c689312347c791fbc0ffa7c5b3dc3
VICONIA,S,petits/VICONIA_S.bmp,54,84,RGB,13832,data/Portrait.bif,de4291bc5203be475a3aa7e933092a0a7a06f751cec3f9152fa86e9c5a64cdd4
WILSON,L,grands/WILSON_L.bmp,210,330,RGB,208616,data/Portrait.bif,e60966c6c5560f67b7b55bd26071d13767dca11608741599f5b31c332cb024a8
WILSON,M,moyens/WILSON_M.bmp,169,266,RGB,135184,data/Portrait.bif,031b2a6257f13c5cdfa47b606d741fafdf098f44bcbb9822614f6b5ed6987fb4
WILSON,S,petits/WILSON_S.bmp,54,84,RGB,13832,data/Portrait.bif,ca95af74349eef3d7c0004ca429e425c055f2001bab7fb96dd513e03cf50592b
WOMAN1,L,grands/WOMAN1_L.bmp,210,330,RGB,208614,data/Portrait.bif,e88e534e63cc598d33d2d1b3ed34f05c02529cbd0baa8b4d04158fff416e6906
WOMAN1,M,moyens/WOMAN1_M.bmp,169,266,RGB,135184,data/Portrait.bif,f2cc43c7e09e0c75db0dba52b440e3e0a91ebfc3f214e8835b298ee0cf643046
WOMAN1,S,petits/WOMAN1_S.bmp,54,84,RGB,13832,data/Portrait.bif,47f78ce4d9e6c4d7fb298d081aa7bd2f866aa054418cc4632d18d6bd858b5fee
WOMAN2,L,grands/WOMAN2_L.bmp,210,330,RGB,208616,data/Portrait.bif,95c2a928196ea8f4c4be180a46246cc0409a211c516db8c4011298a21c43b1d7
WOMAN2,M,moyens/WOMAN2_M.bmp,169,266,RGB,135184,data/Portrait.bif,bf29579ce35bbdace4c0c4d2d33d42bec3e2911993fc5ded25dac7d72839692b
WOMAN2,S,petits/WOMAN2_S.bmp,54,84,RGB,13832,data/Portrait.bif,0d11350ef62dd4154102ea673f1f5abb3de4d058d6a9cda5644581cb57e0900e
XAN,L,grands/XAN_L.bmp,210,330,RGB,208616,data/Portrait.bif,3215a74ba26e485dd547138c92275f7e3300556812115b6b327be52637f324c7
XAN,M,moyens/XAN_M.bmp,169,266,RGB,135184,data/Portrait.bif,99aa36e2ff1b813844a39dc1abbec71b1444ccdff0abf1dc2f072fbb86ae0ff4
XAN,S,petits/XAN_S.bmp,54,84,RGB,13832,data/Portrait.bif,453c57ba75c1f160ec51d398e3912e52a4fd158dabb5d966a47862da020d9e68
XZAR,L,grands/XZAR_L.bmp,210,330,RGB,208616,data/Portrait.bif,2a1f10cbf23b4701a73eeecb813ef6b6cd66cfda423391e45566120792af527c
XZAR,M,moyens/XZAR_M.bmp,169,266,RGB,135184,data/Portrait.bif,d83c1fbd91730aceb88dfa083ed62f159a2ff081cedb28f93bda87da66f54e1f
XZAR,S,petits/XZAR_S.bmp,54,84,RGB,13832,data/Portrait.bif,4d817f60dc2836af4dee407a4c49b20ce4eff8fac40a4e7d72832be31aacd9f2
YANNER1,L,grands/YANNER1_L.bmp,210,330,RGB,208616,data/Portrait.bif,b33ac4861b457dfa10fa33fa5eb3b183380e4f7e1b628affc6c2ce5fd3dde009
YANNER1,M,moyens/YANNER1_M.bmp,169,266,RGB,135184,data/Portrait.bif,018447bc4dba635607842d201cee98ca78ebb40cbd9c558fb01a713e4d896644
YANNER1,S,petits/YANNER1_S.bmp,54,84,RGB,13832,data/Portrait.bif,7eb8e8e43f097e0f91481fe3f83922baeccb69ebfbf697d4d0760451e5da6219
YANNER2,L,grands/YANNER2_L.bmp,210,330,RGB,208616,data/Portrait.bif,57cb09aae7883ed4351fc38d89da8271b4e94574161ee67744ecc74b8f329820
YANNER2,M,moyens/YANNER2_M.bmp,169,266,RGB,135184,data/Portrait.bif,01d5507417c5f0aaf9d2ae445110cc51e171692a1af693e7f086587615bbbc3e
YANNER2,S,petits/YANNER2_S.bmp,54,84,RGB,13832,data/Portrait.bif,6fcee94afcdf0392c41007b4037d520f5aa071ef799df53aca69631f04080812
YANNER3,L,grands/YANNER3_L.bmp,210,330,RGB,208616,data/Portrait.bif,96084e88bebf309788f3b6a24ba0d419cda8d3b37f515d2963ed109ba5ba9f32
YANNER3,M,moyens/YANNER3_M.bmp,169,266,RGB,135184,data/Portrait.bif,4901bae3658fc7f49458198bb3f9785de932a47d596bfbc9210f8e8e17be6eac
YANNER3,S,petits/YANNER3_S.bmp,54,84,RGB,13832,data/Portrait.bif,dd52b8bbed3f50c64de83f4b491beba598cd3aeb990757bffe8d0b8e5c1b0110
YANNER4,L,grands/YANNER4_L.bmp,210,330,RGB,208616,data/Portrait.bif,789a704e9c28ccadbdb1bec9d6ca93a9cff16763a3e644d0f5b66c70c5625b22
YANNER4,M,moyens/YANNER4_M.bmp,169,266,RGB,135184,data/Portrait.bif,acc2f89ff8b789c58c5155b5e4ea5318d8b5cb7934ba579c00ba925d6b292698
YANNER4,S,petits/YANNER4_S.bmp,54,84,RGB,13832,data/Portrait.bif,195743f4c0d773819252fab09bcaa8bde659762a23cd6a0a37133246a498826a
YANNER5,L,grands/YANNER5_L.bmp,210,330,RGB,208616,data/Portrait.bif,56475f5be77465212785fc725da13cbb2d6d7810d33904dcd66393d33a157a25
YANNER5,M,moyens/YANNER5_M.bmp,169,266,RGB,135184,data/Portrait.bif,9cacadcb5ff68200f2f19746b420e4460df6b6434cafb58529210fe11b12d2ec
YANNER5,S,petits/YANNER5_S.bmp,54,84,RGB,13832,data/Portrait.bif,4b56e87615b285129bc3d95d896a276b882421a6e0fc725f8b1c2852dc21c447
YANNER6,L,grands/YANNER6_L.bmp,210,330,RGB,208616,data/Portrait.bif,14a7d36002e9228344319750d19742ffde72c8c0609806d685751b37814ea761
YANNER6,M,moyens/YANNER6_M.bmp,169,266,RGB,135184,data/Portrait.bif,b6ad610c304bd805ce27ff9f66946893720e352f1e3aa606e9b8dce78c91346e
YANNER6,S,petits/YANNER6_S.bmp,54,84,RGB,13832,data/Portrait.bif,0c9e4ff75f0f3f3d9e014945c6d97f1d396a34d44831c7de0d7660f0b2272399
YESLICK,L,grands/YESLICK_L.bmp,210,330,RGB,208616,data/Portrait.bif,16722921370b61dd10aa519c10bc04c259cf4bd24020a40fb3d02696863387a7
YESLICK,M,moyens/YESLICK_M.bmp,169,266,RGB,135184,data/Portrait.bif,2d470f85b9a8b9c7029b930b78e2b91c03b08f569bf0a01d78830551e081d7bc
YESLICK,S,petits/YESLICK_S.bmp,54,84,RGB,13832,data/Portrait.bif,1e223d151a5b359d956efb54f8650ce5cb7e7697d3309f018466d373a1415739
