asset_key,resref,projectile_type,dependency_count,source_bif,locator,source_size,source_sha256,extracted_path
projectile:1AROW01,1AROW01,2,1,data/Project.bif,0x03900000,512,2A7A4CB08AF5A9A9604440B2562848D0E2A13F1C06E49EC5562B2A223C933105,projectiles/source/1AROW01.pro
projectile:1AROW02,1AROW02,2,1,data/Project.bif,0x03900001,512,64F3441A09C14E25DD1C45CAF789A7282BE5C62261225D30FF63CF8D1658D394,projectiles/source/1AROW02.pro
projectile:1AROW03,1AROW03,2,1,data/Project.bif,0x03900002,512,41AF4051260947DA7FA0F3C435A7D02A72D2DFB2C29CDD1CC1040186877AF08F,projectiles/source/1AROW03.pro
projectile:1AROW04,1AROW04,2,1,data/Project.bif,0x03900003,512,B039B5A42CB0EA223312884AFC1520B4DFB6B9526A202666F1CF8FD5683C6E5D,projectiles/source/1AROW04.pro
projectile:1AROW05,1AROW05,2,1,data/Project.bif,0x03900004,512,581B2AB83CA9C18D9A1F49E557FC302F1380A4F90B161743B57B05F2BFB77122,projectiles/source/1AROW05.pro
projectile:1AROW07,1AROW07,2,1,data/Project.bif,0x03900005,512,3A167C0D1B246853957DA13DBB1708D5AC9F936C8490181518C5FE1129A40542,projectiles/source/1AROW07.pro
projectile:1AROW10,1AROW10,2,1,data/Project.bif,0x03900006,512,B142224BA107903128A116329031EFCE91DA827F93C1CAD5E00C322E86F3B24F,projectiles/source/1AROW10.pro
projectile:1AROW11,1AROW11,2,1,data/Project.bif,0x03900007,512,0AD60255A217ADB207606285DFF8D2623C51198F9E3815B844D466F27B971E21,projectiles/source/1AROW11.pro
projectile:1AROW15,1AROW15,2,1,data/Project.bif,0x03900008,512,5EBABB3A6CBEF3958D245F24B2EED31629517E8FF6B4D7843A6ADD76AE8AE817,projectiles/source/1AROW15.pro
projectile:1AXE05,1AXE05,2,1,data/Project.bif,0x03900009,512,27E87A71D76584A7A49E0BCA4B092C539BE4A5B24619F2C200768F93DBC3ADA2,projectiles/source/1AXE05.pro
projectile:1AXE08,1AXE08,2,1,data/Project.bif,0x0390000A,512,8544395BE1BEF1E534A0BF2F7A4EDA39322F9714B80323882C79F6DC9EE40177,projectiles/source/1AXE08.pro
projectile:1AXE09,1AXE09,2,1,data/Project.bif,0x0390000B,512,7C829E7E2741572F36ABF59A8DCEB3C879FDDC5E7B73AEF840581C1DD75AEEA2,projectiles/source/1AXE09.pro
projectile:1AXE10,1AXE10,2,1,data/Project.bif,0x0390000C,512,19FC53D43A3C7897FD51E8169C278AF2BE73E0A86EF3813A8F3E53C87595117D,projectiles/source/1AXE10.pro
projectile:1AXE16,1AXE16,2,1,data/Project.bif,0x0390000D,512,DC911DAE4D46A7D870BE6478C9C0182ECD23D9BBB06E3420017A3375F3F97055,projectiles/source/1AXE16.pro
projectile:1BOLT01,1BOLT01,2,1,data/Project.bif,0x0390000E,512,04B9B1FF574007DD994CB3A2015985FDE7078A76534920478418EE3C6A5E4AB5,projectiles/source/1BOLT01.pro
projectile:1BOLT02,1BOLT02,2,1,data/Project.bif,0x0390000F,512,6F76BDCB0BAD27DF77DB7C33776D34A3E7DDA38FDAFD9F38A028704FC07792D1,projectiles/source/1BOLT02.pro
projectile:1BOLT03,1BOLT03,2,1,data/Project.bif,0x03900010,512,36E7289EEF309906AC0851FD42A3F34D6E5A3097CF5C6CDD5923363562288EF7,projectiles/source/1BOLT03.pro
projectile:1BOLT04,1BOLT04,2,1,data/Project.bif,0x03900011,512,D20F709083D2734D236F817A34E150749D851A57933B8A1BF53103483092A451,projectiles/source/1BOLT04.pro
projectile:1BOLT05,1BOLT05,2,1,data/Project.bif,0x03900012,512,72DA6331150AA7CAF5F9B28F7DB7360BACB3A01CB991ABDD4F1AF10738752409,projectiles/source/1BOLT05.pro
projectile:1BOLT06,1BOLT06,2,1,data/Project.bif,0x03900013,512,CDC4AB8D89DD2E740D6CA9147972191D38D0171CED363495D0487A4CD2756693,projectiles/source/1BOLT06.pro
projectile:1BOLT09,1BOLT09,2,1,data/Project.bif,0x03900014,512,573AC3B6AAE35DEE8A75D1E6C1B91EFD542013A0D2A5C9F60518A323DD517179,projectiles/source/1BOLT09.pro
projectile:1BULL02,1BULL02,2,1,data/Project.bif,0x03900015,512,0EC84758739DD6586F7C822D7208386875C9197620219F84AF8580DBD5B2F572,projectiles/source/1BULL02.pro
projectile:1BULL03,1BULL03,2,1,data/Project.bif,0x03900016,512,EACE70F89408FAC6E65F29BC5AD5FE2F6F5DA5AA162F4D4D9F392DCF6B99C02D,projectiles/source/1BULL03.pro
projectile:1BULL04,1BULL04,2,1,data/Project.bif,0x03900017,512,E9A0EF323355466B2F2B1E28D32924E1459C7E46707B7CC2AB56D416AA3A4763,projectiles/source/1BULL04.pro
projectile:1BULL05,1BULL05,2,1,data/Project.bif,0x03900018,512,4D0647FD4BFCCADF5D3E71D72AB1AF8DF7DF0168EAEC06BEF81891F55103A528,projectiles/source/1BULL05.pro
projectile:1BULL06,1BULL06,2,1,data/Project.bif,0x03900019,512,10735A2038BF03F55F8F129109CC56145F4DB21305D2F0F31ACE70A4788C2EB9,projectiles/source/1BULL06.pro
projectile:1DAGG05,1DAGG05,2,1,data/Project.bif,0x0390001A,512,413FF2E1F06F99810291EFDA54ADE7325BB5BEDA6B46A89337DBB04ECDDD3E3C,projectiles/source/1DAGG05.pro
projectile:1DAGG11,1DAGG11,2,1,data/Project.bif,0x0390001B,512,2BF11A8E856DA7CFC3CFBACD58A13F899B4750603C089B777FA92257B855E17E,projectiles/source/1DAGG11.pro
projectile:1DAGG12,1DAGG12,2,1,data/Project.bif,0x0390001C,512,7D385F84B41D1943AF359FABBCD741A009BBF0E987F05A734092FD481292D58D,projectiles/source/1DAGG12.pro
projectile:1DAGG16,1DAGG16,2,1,data/Project.bif,0x0390001D,512,B8B8CA29EBA8E01E17872579FE2B4A72549F1B076F9BC5AB62A38BADDE001B94,projectiles/source/1DAGG16.pro
projectile:1DART01,1DART01,2,1,data/Project.bif,0x0390001E,512,420EA0F9A433DB1618AD8C19A786786A01229E269DB7DB9F4E0928AAD695BE41,projectiles/source/1DART01.pro
projectile:1DART02,1DART02,2,1,data/Project.bif,0x0390001F,512,C5AAC91DEF1E4EC041091FA671487E09D128455FD784EC2918469C78A6FA1A52,projectiles/source/1DART02.pro
projectile:1DART03,1DART03,2,1,data/Project.bif,0x03900020,512,F2C29721D41D28592415D5D17B960FD493E78B9C278142E92883DAFC7C9A4418,projectiles/source/1DART03.pro
projectile:1DART04,1DART04,2,1,data/Project.bif,0x03900021,512,7341352352317BEDD36A72C80464104984CA9850B853382BF18622F8999B852B,projectiles/source/1DART04.pro
projectile:1DART05,1DART05,2,1,data/Project.bif,0x03900022,512,10AC48B110C2AFC75C9CEFB4AABFECD1157706661F0A783967CA2F231AE28B01,projectiles/source/1DART05.pro
projectile:1DART08,1DART08,2,1,data/Project.bif,0x03900023,512,8AE6CC411EA9FE7CF6EB13A5D1259B7D99A3FE09DA2A217500154907D62A1E54,projectiles/source/1DART08.pro
projectile:1PDEATHF,1PDEATHF,3,2,data/Project.bif,0x03900024,768,4A1531EE90647010B8399A28CD45717E4941A0AF658CA4F9EFF6BC42B349157A,projectiles/source/1PDEATHF.pro
projectile:1PGSPORE,1PGSPORE,3,1,data/Project.bif,0x03900025,768,C73FD57509B3C5CDFA08503B4146F0EFF335B490234F25C8C67E1BC314C2F3EB,projectiles/source/1PGSPORE.pro
projectile:1PICECLD,1PICECLD,3,1,data/Project.bif,0x03900026,768,2CBAC1E9A6BB4B894A37FE99455C88CE50682DF6B0165A9D8127898CBF4E7137,projectiles/source/1PICECLD.pro
projectile:1PINCIND,1PINCIND,3,2,data/Project.bif,0x03900027,768,BF9711B85C772A2E0774D45BD2A4F95AC1268BCC3E15F26CB718922651AF02DC,projectiles/source/1PINCIND.pro
projectile:1PMANEGS,1PMANEGS,3,1,data/Project.bif,0x03900028,768,DEE5D11A3C306E9D21B128EEDED91A92DC987C6F9480E1EC7D3F96AE195B206D,projectiles/source/1PMANEGS.pro
projectile:1PSLEEPC,1PSLEEPC,3,1,data/Project.bif,0x03900029,768,4FEFB450B7FE6ED8A8CB511205ABFB78290AD175DE77E5117E2D3EA21FCE6781,projectiles/source/1PSLEEPC.pro
projectile:1STAFM0,1STAFM0,3,0,data/Project.bif,0x0390002A,768,365C6546AC5E20CD97AFD03CDEA84F3C0E421CD004ED5D33C4601EF0DD03ADDD,projectiles/source/1STAFM0.pro
projectile:1STAFM0C,1STAFM0C,3,0,data/Project.bif,0x0390002B,768,35A6707FA2553AEFD3A9ED52B335ED5DFE16B9C3F47FBAB9227CC1D182E94ABE,projectiles/source/1STAFM0C.pro
projectile:1STAFM1,1STAFM1,3,0,data/Project.bif,0x0390002C,768,3193F4E087550DF5592724BC8A9BC638FE2CDC0A3A4B5F21705DE4C8C8E410F8,projectiles/source/1STAFM1.pro
projectile:ACIDBLGR,ACIDBLGR,2,1,data/Project.bif,0x0390002D,512,9FC47ACB4EFCB40F65EEFFAB1A9BD12A8DD45B69D8519E5BD887E3DB8A53D80F,projectiles/source/ACIDBLGR.pro
projectile:ACIDBLMU,ACIDBLMU,2,1,data/Project.bif,0x0390002E,512,8F2EE25B7909366B2EE640D80D7124F22895F1E7CCF789CF3EEB3E7C87D49EF0,projectiles/source/ACIDBLMU.pro
projectile:ACIDBLOB,ACIDBLOB,2,1,data/Project.bif,0x0390002F,512,1B953A4BC0C9D08A11088400CDF87BE3FA4666AA178798FD7EA38139802D8283,projectiles/source/ACIDBLOB.pro
projectile:ACIDBLOC,ACIDBLOC,2,1,data/Project.bif,0x03900030,512,0AEDA8C37373215E4063E6DA42F5292A8C0B67FFBB6B4F60951B7A49218C68FD,projectiles/source/ACIDBLOC.pro
projectile:ARROW,ARROW,2,1,data/Project.bif,0x03900031,512,FC46545338498F38882A43E1F99E26A68E7A16738EE4F458B6B942912C81971C,projectiles/source/ARROW.pro
projectile:ARROWEX,ARROWEX,3,3,data/Project.bif,0x03900032,768,DD93A79D9C0E84313D2B1D86B32A5BCCCEBE789E2EF105C2EA1041596E4B1F1D,projectiles/source/ARROWEX.pro
projectile:ARROWFLB,ARROWFLB,2,1,data/Project.bif,0x03900033,512,6DC41B5588292EAFB73E3953C807A34BAE118765D251234267DF64082D18D91D,projectiles/source/ARROWFLB.pro
projectile:ARROWFLG,ARROWFLG,2,1,data/Project.bif,0x03900034,512,D1AC86B8A4108A6B0FC901D40993256A270D8E472ED1C61AAB001C4BCEF02CE3,projectiles/source/ARROWFLG.pro
projectile:ARROWFLI,ARROWFLI,2,1,data/Project.bif,0x03900035,512,24744651B8E306E822C9A211273595F32AEC54AFD77F35B81DA22C3CA177EA5F,projectiles/source/ARROWFLI.pro
projectile:ARROWFLM,ARROWFLM,2,1,data/Project.bif,0x03900036,512,05F1B621AFA4221FC1B41658941A8236C61423E5519E12F76D3FE7619643B85E,projectiles/source/ARROWFLM.pro
projectile:ARROWHVY,ARROWHVY,2,1,data/Project.bif,0x03900037,512,00F823C099F94C94208AC2733A28CB6FCA485A5426D579826D96C88DC2832F0F,projectiles/source/ARROWHVY.pro
projectile:AURA10NS,AURA10NS,3,0,data/Project.bif,0x03900038,768,28878C0AAD9052200A0EB1020DD34C48412EBFBA545B80CFDB675BD5F4490A13,projectiles/source/AURA10NS.pro
projectile:AURA10PA,AURA10PA,3,0,data/Project.bif,0x03900039,768,20D6E8371A591B7360DB8A5D9EBE33ED32B309E42B017287BB1B17B22D72A605,projectiles/source/AURA10PA.pro
projectile:AXE,AXE,2,1,data/Project.bif,0x0390003A,512,1E0DBE2C73D709BC49CC592B912F3E9A37BF400714028917424B1EE3D78DB9D9,projectiles/source/AXE.pro
projectile:AXEEX,AXEEX,3,3,data/Project.bif,0x0390003B,768,FC56D55CE4AF5F00C20BCF8BA8F36AED37C0AAF8F6B18C5543B6386891D4251B,projectiles/source/AXEEX.pro
projectile:BDETHRET,BDETHRET,3,2,data/Patch2.bif,0x0BD00159,768,7040DF7159308E599257A4EDD23EF91AA2C2175D1EA344ECBFA8D1DB2537B2C7,projectiles/source/BDETHRET.pro
projectile:BDSPFIRE,BDSPFIRE,3,3,data/Patch2.bif,0x0BD001AD,768,090C8A9EA1414070495DA61FF41D8180ABF2FF266EDEF174C795B09EAC2CC8D0,projectiles/source/BDSPFIRE.pro
projectile:BDWOFOG,BDWOFOG,3,2,data/PATCH26.BIF,0x0860000E,768,8B5FAAFE3FC53B08602D6FB8A3B2F1FD804FA0EABA6F3009532F66CD97C39991,projectiles/source/BDWOFOG.pro
projectile:BGLRY,BGLRY,2,1,data/Patch25.bif,0x0100000A,512,58A793E22AC3CE3593CA7C5FAB03476076B731D20C1B93A266EB78D9A480FCA6,projectiles/source/BGLRY.pro
projectile:BIGNAREA,BIGNAREA,3,0,data/Project.bif,0x0390003C,768,A7D38C5705248991BC708DC3B6B90B1E50E6243342010A973EDA0D389A1ECDCD,projectiles/source/BIGNAREA.pro
projectile:BOLT,BOLT,2,1,data/Project.bif,0x0390003D,512,481B763198E7232945D8F8082527976102EA11E689ABCEB3B48DD34364DBE224,projectiles/source/BOLT.pro
projectile:BOLT2,BOLT2,3,3,data/Project.bif,0x0390003E,768,9E318B0E885AEC072DF0695C131063767C10E2A5C8BFF14F66F56A5ADAE3CD39,projectiles/source/BOLT2.pro
projectile:BOLTEX,BOLTEX,3,3,data/Project.bif,0x0390003F,768,1DAF8097AF1DA30EF5116843C2C36F1BAF54B460FFCD90A5D6D99A961ABA5D34,projectiles/source/BOLTEX.pro
projectile:BULLET,BULLET,2,1,data/Project.bif,0x03900040,512,FF477F71197B6B5637CAAE8EFABC43C185039EEE987BB3FD2B2D32044BACA2F2,projectiles/source/BULLET.pro
projectile:BULLET2,BULLET2,2,0,data/Project.bif,0x03900041,512,7FFE6460C4F9DECAFE1F4A8B52FEE07D0C087286F3DB89CECBFBB513DCB8FB31,projectiles/source/BULLET2.pro
projectile:BULLETEX,BULLETEX,3,3,data/Project.bif,0x03900042,768,0B017084C9CEA9E74A1DA5AD4161875676663BA9A5612C0F432A49D65DFB0C6F,projectiles/source/BULLETEX.pro
projectile:BURNHAND,BURNHAND,3,1,data/Project.bif,0x03900043,768,3086EB38F356B4E0249AAC8F3EDF6DC58AE1FDD2083FFD95B7A8F8E161F3CED5,projectiles/source/BURNHAND.pro
projectile:CDBEHBLA,CDBEHBLA,2,1,data/Project.bif,0x03900044,512,8C0078615FA328EF219FDE8A201551A35E54B5FF5EAE0AD1549E30DCD7E29AFF,projectiles/source/CDBEHBLA.pro
projectile:CDDRBLCK,CDDRBLCK,3,2,data/Patch2.bif,0x0BD001E4,768,70C17537465BE7CEAAEE0AB10516A65A1897E8BF7F92E56631401952EE65298E,projectiles/source/CDDRBLCK.pro
projectile:CDDRSILV,CDDRSILV,3,0,data/Patch2.bif,0x0BD001E5,768,EC6D04C27AB7B66FCBF1EFFD3488F959D687FC4281564481CC336AE098034F51,projectiles/source/CDDRSILV.pro
projectile:CGABJURA,CGABJURA,2,1,data/patch13.bif,0x0BC0000F,512,4099A0ECE63221B153141DD24553F53C1CDA1D2366381639211701C38AE550E1,projectiles/source/CGABJURA.pro
projectile:CGALTERA,CGALTERA,2,1,data/patch13.bif,0x0BC00010,512,7CC5CF8A41133A198CE146A2EB957AA545B682BB7C839A68759B4D4BE5A4BD20,projectiles/source/CGALTERA.pro
projectile:CGCONJUR,CGCONJUR,2,1,data/patch13.bif,0x0BC00011,512,1676E3F7C9C02BCFFCD44E7BE2437F47FC4A274BFEAB5E7F5CA77B003BCBD3E6,projectiles/source/CGCONJUR.pro
projectile:CGDIVINA,CGDIVINA,2,1,data/patch13.bif,0x0BC00012,512,B0B744E50645D98F18DC7BD616BD6C0429603C18876E8CBB3605DA8075A72D8F,projectiles/source/CGDIVINA.pro
projectile:CGENCHAN,CGENCHAN,2,1,data/patch13.bif,0x0BC00013,512,782BC2857367B14D7D469CB49FDBB7EFC41400802F66E00BD98E68C00D56A137,projectiles/source/CGENCHAN.pro
projectile:CGILLUSI,CGILLUSI,2,1,data/patch13.bif,0x0BC00014,512,AE24AC11734E77F6F3B66F504A019DF4A558D1B4AA2426072B4D3BB0300760F7,projectiles/source/CGILLUSI.pro
projectile:CGINVOCA,CGINVOCA,2,1,data/patch13.bif,0x0BC00015,512,6E711B4944FDFB38D50DC20D79BACF29E148CA2C34A849626BB738C8958791F8,projectiles/source/CGINVOCA.pro
projectile:CGNECROM,CGNECROM,2,1,data/patch13.bif,0x0BC00016,512,93D4237F1BD745B1D5139442983BADAB35B5C98F4F4C8352CCE99712F05371D1,projectiles/source/CGNECROM.pro
projectile:CHROMORB,CHROMORB,2,2,data/Project.bif,0x03900045,512,9B7F1ABEAA3A278A1864CDEB5497C90E2CB1A2F3B3DCEF46FF2E0FFF0E8F6D73,projectiles/source/CHROMORB.pro
projectile:CLOUD,CLOUD,3,2,data/Project.bif,0x03900046,768,60197015203D7B20F6AD5264FDE93606205F5315C3EDB5CB4473B581BF6302EF,projectiles/source/CLOUD.pro
projectile:CLOUDKIL,CLOUDKIL,3,2,data/Project.bif,0x03900047,768,FAF4DAFD61723D410C32F142606BDFB9F752C1CA7293E72F468BC741A13580A5,projectiles/source/CLOUDKIL.pro
projectile:CLOUDPC,CLOUDPC,3,2,data/Project.bif,0x03900048,768,0EA273C9454E38D44C8835D9D3CDE861BBD5A2783ECDA24053A468FADC182F16,projectiles/source/CLOUDPC.pro
projectile:COMET,COMET,3,2,data/25Projct.bif,0x09900000,768,4F49999140D87FC661DEF66AD28EDA19892A445BFB8F983046439CC2A018FB46,projectiles/source/COMET.pro
projectile:CONECOLD,CONECOLD,3,0,data/Project.bif,0x03900049,768,EB2C70B36A6575E8E36509431E6C7E46A6EB582951F7524249138F0E1B6FF5AC,projectiles/source/CONECOLD.pro
projectile:CSPRAY,CSPRAY,3,0,data/Project.bif,0x0390004A,768,FCF513706D68C42FD6AC55978B92472EE389BEA0CCC5C3CF289D482AA01279F1,projectiles/source/CSPRAY.pro
projectile:DAGGER,DAGGER,2,1,data/Project.bif,0x0390004B,512,E44A4E8E3DE79E40659D3D90A745F68FBB4929248D928D9FE47B7426E362C052,projectiles/source/DAGGER.pro
projectile:DAGGEREX,DAGGEREX,3,3,data/Project.bif,0x0390004C,768,3D8EF45BA1ECA3127EBF03C6E7DF216DF5DC2A5CD1F69F6DF2F5332D73032D71,projectiles/source/DAGGEREX.pro
projectile:DART,DART,2,1,data/Project.bif,0x0390004D,512,413FF2E1F06F99810291EFDA54ADE7325BB5BEDA6B46A89337DBB04ECDDD3E3C,projectiles/source/DART.pro
projectile:DARTEX,DARTEX,3,3,data/Project.bif,0x0390004E,768,353BC29CB99F06D81AA158B7F6F07876DDB7C34A32704BFD6089E60DAF15A898,projectiles/source/DARTEX.pro
projectile:DBFIREBL,DBFIREBL,3,3,data/Project.bif,0x0390004F,768,28EC2E0455F98A4B9A77A31ACAA40B1CD397E8C7EA15F25DED646E1A817EB5C7,projectiles/source/DBFIREBL.pro
projectile:DDBREAT,DDBREAT,3,1,data/Project.bif,0x03900050,768,48EDA0F3FC89B5DC7672752BCBD827118A1B8A307BA41D545261AC1BA519AF98,projectiles/source/DDBREAT.pro
projectile:DFIREBL,DFIREBL,3,3,data/Project.bif,0x03900051,768,B0A0B8C65AFCAA4175A156342E5244E485EA2966DB61B55123DB03130931C807,projectiles/source/DFIREBL.pro
projectile:DRAGBLCK,DRAGBLCK,3,1,data/Project.bif,0x03900052,768,EBE58445415159120763720993F454E5C01EEB674128E7E186AEDE792980277C,projectiles/source/DRAGBLCK.pro
projectile:DRAGGREE,DRAGGREE,3,2,data/25Projct.bif,0x09900001,768,88F2E988F48DFA591A593F86D62B281732AB126BC9A7746275D117715C2B9AD1,projectiles/source/DRAGGREE.pro
projectile:DRAGRED,DRAGRED,3,1,data/Project.bif,0x03900053,768,C470A6715B3DDFEF2E732CF5495B075ABDDD514D61B14A0383A28ADA56A824C8,projectiles/source/DRAGRED.pro
projectile:DRAGSILV,DRAGSILV,3,1,data/Project.bif,0x03900054,768,561F72628810829D0C26CDA2791D3D0810377D00D848496BFB412D1D08793B39,projectiles/source/DRAGSILV.pro
projectile:ENTANG2,ENTANG2,3,1,data/Project.bif,0x03900055,768,E9BF44BA17C683D16308762F846D1551F174C9D1F9BFDA457D55FC0A1465A106,projectiles/source/ENTANG2.pro
projectile:FBFLAMES,FBFLAMES,3,2,data/PATCH26.BIF,0x0860001D,768,6F37C3770419F401733BEC24202BAA13445ADA4995AAE72D7DC9ABDB75FDBBC9,projectiles/source/FBFLAMES.pro
projectile:FBFLAMGR,FBFLAMGR,3,2,data/PATCH26.BIF,0x0860001E,768,F46FEBDCA3EFB6BFB81A3EB831A786776D0DD01B9E5475E7E2A2C95B7AB348DB,projectiles/source/FBFLAMGR.pro
projectile:FBFLAMIC,FBFLAMIC,3,2,data/PATCH26.BIF,0x0860001F,768,FDDCAC12E34F2CC84B9E9F6DACDBA29EE5FA01FB18A7766FED370A3A51FBE945,projectiles/source/FBFLAMIC.pro
projectile:FDAWN,FDAWN,3,2,data/PATCH26.BIF,0x08600020,768,D320E7B2001B84C66330B857C8CB5103E063FF66A51266A29759001FA2FDABB3,projectiles/source/FDAWN.pro
projectile:FIREBALL,FIREBALL,3,3,data/Project.bif,0x03900056,768,7A21847FDBDEDF8208CADC0B184E418849EFD92DABCF7ADF6258E3C7EF3400F9,projectiles/source/FIREBALL.pro
projectile:FIREBLGR,FIREBLGR,3,3,data/Project.bif,0x03900057,768,A0475EC7D0AD2943BE4C717A7C2A512373208623A50581C390C0B914DCD73714,projectiles/source/FIREBLGR.pro
projectile:FIREBLIC,FIREBLIC,3,3,data/Project.bif,0x03900058,768,2A0DD14D50C6A982A68B97C49C00FB392B36E116C08C8DC31585FB7B675178B2,projectiles/source/FIREBLIC.pro
projectile:FIREBLNS,FIREBLNS,3,3,data/Project.bif,0x03900059,768,A5AD30017083D6F6568FB1E298947FB6C392A1615F062124F4BC6B8291764695,projectiles/source/FIREBLNS.pro
projectile:FIREBOLT,FIREBOLT,2,1,data/Project.bif,0x0390005A,512,A2EAC0E7AD1DA5C03F8173582FBBF011555DE58E01D53CA16EAA09B37C7A9E45,projectiles/source/FIREBOLT.pro
projectile:FIREBTBL,FIREBTBL,2,1,data/Project.bif,0x0390005B,512,3FF5AB3E77C1EC1097696E2F0D4A29EAAB057E8D5292FB52D39B814071FFA19D,projectiles/source/FIREBTBL.pro
projectile:FIRESTOR,FIRESTOR,3,3,data/Project.bif,0x0390005C,768,8E1A8646D9F6E9CA5EA031D0A521D9B4DB7E85C63D0C3B1FB17424FF7B00F274,projectiles/source/FIRESTOR.pro
projectile:GAZE,GAZE,2,0,data/Project.bif,0x0390005D,512,414348A64431C01EF94AE819E89304DE347A31E0269D7F84D67FDE0866DD5676,projectiles/source/GAZE.pro
projectile:GOLCLOUD,GOLCLOUD,3,2,data/Project.bif,0x0390005E,768,81E9B11602DF193E4D05248E444F48846D30B4D1687F7193889CE5D3F4E22063,projectiles/source/GOLCLOUD.pro
projectile:GREASE,GREASE,3,1,data/Project.bif,0x0390005F,768,64AA8D982328FE6C2034897059CB7587027AF1D84E8DF3075BC892A68DB4B95B,projectiles/source/GREASE.pro
projectile:GREEHIT,GREEHIT,3,2,data/25Projct.bif,0x09900002,768,7EBAAC678817F18F45CF3C331A4A106F91CCBD4AAF83D68C0AA0FCFE3FBF5CBA,projectiles/source/GREEHIT.pro
projectile:HOLD,HOLD,3,2,data/Project.bif,0x03900060,768,B2A499B865CE580B4904DFF19A2C010FF5334C0D167A7AEEE95AD46BD6358CC8,projectiles/source/HOLD.pro
projectile:HOLDNECR,HOLDNECR,3,2,data/Project.bif,0x03900061,768,6FC26E087C561A7C4BB787801C94E86A90B63F8820F9A99C29263B6EA1C55153,projectiles/source/HOLDNECR.pro
projectile:HOLDSUMM,HOLDSUMM,3,2,data/Project.bif,0x03900062,768,2770E8351BCAFB63B02A6FE7275BE17FCAD8CFEFCC6875CB5807036CD6DBC791,projectiles/source/HOLDSUMM.pro
projectile:HOLYAREA,HOLYAREA,3,1,data/Project.bif,0x03900063,768,8CD5238E604E217A319D676C451990BEABF03FAF0E8B8E656BE07B15B8FDD017,projectiles/source/HOLYAREA.pro
projectile:ICEGLYP,ICEGLYP,3,2,data/Project.bif,0x03900064,768,2AFDE7C82CD8C3767EAD93554B13A1154A3B22397C6E2D27910826EE6531DCCB,projectiles/source/ICEGLYP.pro
projectile:ICESTORM,ICESTORM,3,1,data/Project.bif,0x03900065,768,638B066464EFBDD418B52423946B438BA7F3CAE81D6E063ED546894A06E5F8A9,projectiles/source/ICESTORM.pro
projectile:ICGHIT,ICGHIT,3,1,data/Project.bif,0x03900066,768,C9FF4110E74C29880F7B6575A31363EF76E0F27E70904EED1FFDC06257DDBE77,projectiles/source/ICGHIT.pro
projectile:INAREA,INAREA,3,0,data/Project.bif,0x03900067,768,8AB558AD4B8579D1012AB313A193D55672BA318AF8E6B93D688627575CF884EF,projectiles/source/INAREA.pro
projectile:INAREANP,INAREANP,3,0,data/Project.bif,0x03900068,768,BE1DC2FC04AD51DD7E54BB16569C63716224964413F7D0D97328D9CDEC94B0E9,projectiles/source/INAREANP.pro
projectile:INAREANS,INAREANS,3,0,data/Project.bif,0x03900069,768,A7537A489DE1B501DA37ECD5DE40BF932D645C5D42BF69D319D197B675392984,projectiles/source/INAREANS.pro
projectile:INAREAPA,INAREAPA,3,0,data/Project.bif,0x0390006A,768,B45E7D4C567F489DF9579E25D2554E2F0AE267E78EC7DBF05FE17E87ED214ADB,projectiles/source/INAREAPA.pro
projectile:INAREASM,INAREASM,3,0,data/Project.bif,0x0390006B,768,1A0DE19B95F95A300129F2712C17D23FBE8AE2A6A38F4A9E5AAB49724D131EA2,projectiles/source/INAREASM.pro
projectile:INMED,INMED,3,1,data/Project.bif,0x0390006C,768,D94DA52C185194E85112DDBDEAE3422A2C7B45EDE4799E72D13885328553A363,projectiles/source/INMED.pro
projectile:INSEC1,INSEC1,2,1,data/Project.bif,0x0390006D,512,137EBD60DFDF1FCCBB6BE666BC4FE6D11547406A070626C42DBC02B14539D7AA,projectiles/source/INSEC1.pro
projectile:INSEC2,INSEC2,3,3,data/Project.bif,0x0390006E,768,045F54E0F87774D281978729FE6934560811B52131CDCC042F43925F4A11CDC8,projectiles/source/INSEC2.pro
projectile:INSEC3,INSEC3,3,3,data/Project.bif,0x0390006F,768,03E0C944EF7FC090F8D0E40828F4B2DF74EEA1F41E03D47496B6295F9783B0D6,projectiles/source/INSEC3.pro
projectile:INSEC4,INSEC4,2,1,data/Project.bif,0x03900070,512,617ACEC203E659B01063253EB25F475FF66B2038CAB6C83ACB6D622414423082,projectiles/source/INSEC4.pro
projectile:INVIS10,INVIS10,3,0,data/PATCH26.BIF,0x08600037,768,0E79DC34BADF5ED941F69F3C259120D1C1C9D6093F111300FD2AC92D3862B85E,projectiles/source/INVIS10.pro
projectile:LIGHTB,LIGHTB,3,1,data/patch13.bif,0x0BC0002E,768,156FD9C91D53B618D1537F24AA16B4DD1C9FC34EF01548912BE128BEF4045872,projectiles/source/LIGHTB.pro
projectile:LIGHTBLT,LIGHTBLT,2,1,data/Project.bif,0x03900071,512,0900F4A7468992FB1CCA36788BA2432E1FA6F90CF0440D8915EAFF3428CE9A3E,projectiles/source/LIGHTBLT.pro
projectile:LIGHTCHA,LIGHTCHA,3,3,data/Project.bif,0x03900072,768,EDBDE4EA1CBF5E2A16E1CEAC5E802A985EB635A40618C13B295D4F71382522FA,projectiles/source/LIGHTCHA.pro
projectile:LIGHTGRN,LIGHTGRN,2,1,data/patch13.bif,0x0BC0002F,512,B5CB14054D492CF6BEF9DC04C6F7A4C38B0140044A1FE602406B0212911264F6,projectiles/source/LIGHTGRN.pro
projectile:LIGHTNB,LIGHTNB,2,1,data/patch13.bif,0x0BC00030,512,9A915A3E795EC4B49EE07A18A53CCAA81C07EF1914A1D2C4CF4DF74F760123A1,projectiles/source/LIGHTNB.pro
projectile:LIGHTSTO,LIGHTSTO,3,1,data/Project.bif,0x03900073,768,C5F0AEBDF34049B921FC1FCE9F1E17AE795898267804E4CA4ADB3F46EB53610A,projectiles/source/LIGHTSTO.pro
projectile:MAGICMIS,MAGICMIS,2,1,data/Project.bif,0x03900074,512,8060ECF0DEF1E4A23EB3B65FEFD0850DE5AB50290B02DA909EBCCB9367DDC5CF,projectiles/source/MAGICMIS.pro
projectile:METSWARM,METSWARM,3,1,data/Project.bif,0x03900075,768,C17F3C2F71FD483DB92C64B2C4921CA3A3FE4399E1135CD1FABAF16FA9A85821,projectiles/source/METSWARM.pro
projectile:NEWBOLT1,NEWBOLT1,2,1,data/Project.bif,0x03900076,512,37311505E0E74D2E1C8D8015BD756E7F00AF44F94D76A20D6847FD39169D6B28,projectiles/source/NEWBOLT1.pro
projectile:OHBICEW,OHBICEW,3,1,data/BlackPits.bif,0x00F0070F,768,69BF5D7F5176B035974726E40F81FF99F142783EEB3FB4E86CF3A7018292DAA8,projectiles/source/OHBICEW.pro
projectile:OHCL937,OHCL937,3,2,data/ee.bif,0x0B500065,768,EB0755BE0EF69A8126D0DC1C88B70AADEF3B152CF8F625670E4F9F25CF27BC3B,projectiles/source/OHCL937.pro
projectile:OHDETEVL,OHDETEVL,3,1,data/Project.bif,0x03900077,768,312F1E644AF3129D9A1701572186B24472BFA544D63057F008E6425BD417B8ED,projectiles/source/OHDETEVL.pro
projectile:OHRROCK,OHRROCK,3,0,data/Rasaad.bif,0x0B900887,768,E983A34DE32B5F1B77A128F44C62A68BBAB94DEA6674D19C31329D7164B742F4,projectiles/source/OHRROCK.pro
projectile:OHSYMBOL,OHSYMBOL,3,2,data/ee.bif,0x0B50007C,768,D931605F7BB677E29FF2E6B8A7ED46BFBD0B27BCFA13E8E2E47E80CBDA71C744,projectiles/source/OHSYMBOL.pro
projectile:OHVRNP,OHVRNP,3,0,data/Patch25.bif,0x0100003D,768,6F4DD2E6F5D43B5A7B97A27AA99A44B53033F8461CDAF597372236699184EE29,projectiles/source/OHVRNP.pro
projectile:OHVRPO,OHVRPO,3,0,data/Patch25.bif,0x0100003E,768,1898FD05F7CE494D77E5A0FC885C0EC57A5432708242CE82B0C9A48F7B79867F,projectiles/source/OHVRPO.pro
projectile:PCOMETT,PCOMETT,2,1,data/Project.bif,0x03900078,512,01642E2FE96E6311EA86BEC34F6F4E1777C3BE35104D53B343D6CE1E9336C2FC,projectiles/source/PCOMETT.pro
projectile:PFIELD,PFIELD,3,1,data/Project.bif,0x03900079,768,9B509B71601C72CA3027F0DF99BC0502B1038385E1D84EDFB2B968C55EE8A346,projectiles/source/PFIELD.pro
projectile:PFIRE2,PFIRE2,3,3,data/Project.bif,0x0390007A,768,62F957E4A8EE9144BA016D584AB2548182FB9E17C77023F45406EC4EE4F7BA7D,projectiles/source/PFIRE2.pro
projectile:PFIRE3,PFIRE3,2,1,data/Project.bif,0x0390007B,512,2F7C882E54D48F95C097E9046A54F327657406296C9AFBE659AC5ACC4E6F7F09,projectiles/source/PFIRE3.pro
projectile:PHOLYST,PHOLYST,3,0,data/Project.bif,0x0390007C,768,10F42CE184499EBFD286934AE4E29B5567D46A44B8E66930916D4649C9DFD131,projectiles/source/PHOLYST.pro
projectile:PSKULLT,PSKULLT,2,1,data/Project.bif,0x0390007D,512,41224DF9A57850588992A8CCC76ACEB74DE55276424AC9EE7E61AE059A0195ED,projectiles/source/PSKULLT.pro
projectile:PSPEART,PSPEART,2,1,data/Project.bif,0x0390007E,512,6ABF9F421B6774655B0CC52656C3A816B8FF6F2B0BA67BBA76BBE50EB689C267,projectiles/source/PSPEART.pro
projectile:PSPRAY,PSPRAY,3,0,data/Project.bif,0x0390007F,768,4BAAEE25F458AD575E03A4FCE3038126D8F1541227DA46BBA0CE05223784CA1A,projectiles/source/PSPRAY.pro
projectile:PUNHLST,PUNHLST,3,0,data/Project.bif,0x03900080,768,4DB84AE284B09475927E4E1C6064E69CD95945A56EE7E633FB2AEE69BCEEE56C,projectiles/source/PUNHLST.pro
projectile:PWILT,PWILT,3,3,data/Project.bif,0x03900081,768,34E0EF01783E2B32EAAB66FF99BB9AC3D4FE98DED8A43F871B189386105592B3,projectiles/source/PWILT.pro
projectile:RANGE05,RANGE05,3,0,data/PATCH26.BIF,0x08600042,768,903822174E899E8C55D83E5839C622418339FF02D98526A3C0F6AA7B15E34475,projectiles/source/RANGE05.pro
projectile:RANGE07,RANGE07,3,0,data/PATCH26.BIF,0x08600043,768,EA131D953BE7332DF62E8FF90BD399D715E0981C04A6AEDE06887448F1E2CADC,projectiles/source/RANGE07.pro
projectile:RANGE10,RANGE10,3,0,data/PATCH26.BIF,0x08600044,768,85377ECD082C45D7F931FE6ED8E40DA324AE38E00BAC36750190BE7996F13613,projectiles/source/RANGE10.pro
projectile:RDMIDDLE,RDMIDDLE,3,0,data/Project.bif,0x03900082,768,11179298F82EB58478A7EE89F965F7AA78D2221D5F2C86C9FD79658C14CF0E81,projectiles/source/RDMIDDLE.pro
projectile:REDHIT,REDHIT,3,2,data/Project.bif,0x03900083,768,BF2A01DD20D409CDC920A994FC11BC040E2F7F18E637339A439BC04227D09368,projectiles/source/REDHIT.pro
projectile:SAFEFIRE,SAFEFIRE,3,3,data/Project.bif,0x03900084,768,1665A27CAF11FAB8DD397E9562867AEE70268A8AFAC6D0D6248706FB3FA7E4BF,projectiles/source/SAFEFIRE.pro
projectile:SCORCHER,SCORCHER,2,1,data/patch13.bif,0x0BC0007B,512,C83E11263396B10C5F296153EC12AEDAD7CA94F0A3CDD7060D55DF039D0BD4F8,projectiles/source/SCORCHER.pro
projectile:SKYBOLT,SKYBOLT,2,1,data/patch13.bif,0x0BC0007C,512,6511A8BD69F5F13F472EE0D2E288ADB69D86F8CB3BE84397E1645FB862294A8A,projectiles/source/SKYBOLT.pro
projectile:SLEEP,SLEEP,3,2,data/Project.bif,0x03900085,768,49FA7D00BCEF77829D1FD60734DE32E5B115EB82B025F59B2251A9B0C6F2667B,projectiles/source/SLEEP.pro
projectile:SMLLAREA,SMLLAREA,3,0,data/Project.bif,0x03900086,768,4949C593E379353ED0568F365CE7FC404F044FC177BE3A0DD05ABBDC2C9D4A3C,projectiles/source/SMLLAREA.pro
projectile:SMLLARNC,SMLLARNC,3,0,data/Project.bif,0x03900087,768,F67D25ABA7EB8F17B449E9560F73CAC9F3BEDBD3CFA3765F6FA4C0424A0FEE77,projectiles/source/SMLLARNC.pro
projectile:SMLLNPC,SMLLNPC,3,0,data/Project.bif,0x03900088,768,3690EAD1E9872954CB8729E98FB8B38D0E6346C9E08BFA5883382912694ECE35,projectiles/source/SMLLNPC.pro
projectile:SPARBKNP,SPARBKNP,3,2,data/Project.bif,0x03900089,768,F9BBD1332B04499C754CEC9DCDFEE7162D31A1997C5647E0FF04F1501797E626,projectiles/source/SPARBKNP.pro
projectile:SPARBKPA,SPARBKPA,3,2,data/Project.bif,0x0390008A,768,AAD1217EBCCE7095FAA3D07B0D6AE09CAA662F1E0749BD4C32DC300747FB3C6D,projectiles/source/SPARBKPA.pro
projectile:SPARBLNP,SPARBLNP,3,2,data/Project.bif,0x0390008B,768,F4F5430860E6A4EB67405C9C7D6282A771B386B4F2B22027A46532B3508D6754,projectiles/source/SPARBLNP.pro
projectile:SPARBLPA,SPARBLPA,3,2,data/Project.bif,0x0390008C,768,E1AE598EBED50DF36945599BFB6C886A1567BEF18096172D0BD2DEAB521BB4DF,projectiles/source/SPARBLPA.pro
projectile:SPARCHNP,SPARCHNP,3,1,data/Project.bif,0x0390008D,768,F4A3FA745F5B3A0923AEB5AE0BF7390167B91608A7CE55AF2B6A3C34877EB291,projectiles/source/SPARCHNP.pro
projectile:SPARCHPA,SPARCHPA,3,1,data/Project.bif,0x0390008E,768,D2075AB06052D574213E98CD4CBA721EBE1A3D5D1A5CD9D95CC4EA7D4BD03ACC,projectiles/source/SPARCHPA.pro
projectile:SPARGONP,SPARGONP,3,2,data/Project.bif,0x0390008F,768,702C7EF215C71B6E0740D744A9FA8E35241A35E9243367732903DA5F5E23910A,projectiles/source/SPARGONP.pro
projectile:SPARGOPA,SPARGOPA,3,2,data/Project.bif,0x03900090,768,CA1241BB88934784267E3650BE3D70F95A8DBBF92CBF6C1BA939DECE97976B71,projectiles/source/SPARGOPA.pro
projectile:SPARGRNP,SPARGRNP,3,2,data/Project.bif,0x03900091,768,B409E485B7CB9D1A3ADAEBCFD02056182CA2E71A6F85A32E273F12B20F0E40D8,projectiles/source/SPARGRNP.pro
projectile:SPARGRPA,SPARGRPA,3,2,data/Project.bif,0x03900092,768,EA72DDC6DDEE986D69FB45C23AF4281FD93481E7E21F0F74F288B251FCF36924,projectiles/source/SPARGRPA.pro
projectile:SPARICNP,SPARICNP,3,3,data/Project.bif,0x03900093,768,D970FB68B7AE89387454074A3332D0C16AD8225BB1E9E006DC838431BE20F364,projectiles/source/SPARICNP.pro
projectile:SPARICPA,SPARICPA,3,3,data/Project.bif,0x03900094,768,909B24F3A3F95049B2D97CAA5D6BD9DD6774C380D2FABD126B8AA827182E8CCF,projectiles/source/SPARICPA.pro
projectile:SPARKLBK,SPARKLBK,2,1,data/Project.bif,0x03900095,512,46CBFCD7D2B83241BAEC55E0CC5BD02C2091D9D6AF3D971A9650B69599A2259C,projectiles/source/SPARKLBK.pro
projectile:SPARKLBL,SPARKLBL,2,2,data/Project.bif,0x03900096,512,E7310A90353C748EECF0377AA2D974E8867F4B0541CEF464E1A69BC7A34B4CE5,projectiles/source/SPARKLBL.pro
projectile:SPARKLCH,SPARKLCH,2,1,data/Project.bif,0x03900097,512,91308DABFE4A19834B7FDE856F3937FB94E3C1E53CF106052D4C0FB7FFEAAC44,projectiles/source/SPARKLCH.pro
projectile:SPARKLGO,SPARKLGO,2,2,data/Project.bif,0x03900098,512,BECB0324708B3EC72E7595D8E41A05255412B0B2592A6E7D3E3F86A8FC7BED52,projectiles/source/SPARKLGO.pro
projectile:SPARKLGR,SPARKLGR,2,2,data/Project.bif,0x03900099,512,1B60A9D42B7CC3A8F97F3824B6D873ECC30F6D863F1F7E3B1516823813A2C630,projectiles/source/SPARKLGR.pro
projectile:SPARKLIC,SPARKLIC,2,2,data/Project.bif,0x0390009A,512,7A79E45F7B19B225FEAA50E726A306C5AF660420D06AB971C4BBAED804D6AA3F,projectiles/source/SPARKLIC.pro
projectile:SPARKLMA,SPARKLMA,2,2,data/Project.bif,0x0390009B,512,FC87EDB83F93AFC3423604C8F8666E94D00474952034213AD37837BB1AE75E5D,projectiles/source/SPARKLMA.pro
projectile:SPARKLOR,SPARKLOR,2,2,data/Project.bif,0x0390009C,512,A2489161EB1D8F8F84921C2A479482BEC501FB3B4148471EFCB8AF096F5E793C,projectiles/source/SPARKLOR.pro
projectile:SPARKLPU,SPARKLPU,2,2,data/Project.bif,0x0390009D,512,001D1EC2872B21D780AA0954DF8DE64EF8070E29DC11D78170C1D77B5E06B03E,projectiles/source/SPARKLPU.pro
projectile:SPARKLRE,SPARKLRE,2,2,data/Project.bif,0x0390009E,512,0098877CB104AE3F0ABCDC0828D05F7540D5CC7DF3436ADD0DF105B66E155017,projectiles/source/SPARKLRE.pro
projectile:SPARKLST,SPARKLST,2,2,data/Project.bif,0x0390009F,512,93B886D57ED919AD795C4BF222AB5B3BB2D986767FB02ED47CD0082E77325C2E,projectiles/source/SPARKLST.pro
projectile:SPARMANP,SPARMANP,3,2,data/Project.bif,0x039000A0,768,D42F737EBCA652638C6281E1CBEFABD2787ABACAF5C1AFD1EE274B750A4DDAFF,projectiles/source/SPARMANP.pro
projectile:SPARMAPA,SPARMAPA,3,2,data/Project.bif,0x039000A1,768,B13DC2CD2D04612587D57CE695A929202B99BBE79DADBAC4D957F695DDF722F5,projectiles/source/SPARMAPA.pro
projectile:SPARORNP,SPARORNP,3,2,data/Project.bif,0x039000A2,768,A517684E1D1B4959AE105B4E5493C66F38BBA37F9D8D488C078ED27476D86744,projectiles/source/SPARORNP.pro
projectile:SPARORPA,SPARORPA,3,2,data/Project.bif,0x039000A3,768,5970259B627D424CC73D94C653AF564F67BDC9E73CA89C584BC0729310D77966,projectiles/source/SPARORPA.pro
projectile:SPARPUNP,SPARPUNP,3,2,data/Project.bif,0x039000A4,768,7944DD967DC1BD8078EEFEC1483F6537BE79C7B829902FFD9DCF2A9C8FCC20FF,projectiles/source/SPARPUNP.pro
projectile:SPARPUPA,SPARPUPA,3,2,data/Project.bif,0x039000A5,768,822A7C1E5528C70F71E48A55A6966C23E8496421DE0EA7CFC9FB524BD1E96074,projectiles/source/SPARPUPA.pro
projectile:SPARRENP,SPARRENP,3,2,data/Project.bif,0x039000A6,768,E1815CC3F0DBE31B4C5138A2983A1AFD87F25B2C4DBA6201C93784C95242D28B,projectiles/source/SPARRENP.pro
projectile:SPARREPA,SPARREPA,3,2,data/Project.bif,0x039000A7,768,92A469F43D801E1084F1386FE06FD10A656B8DBE2E3318AE089D832CBD0DF9DE,projectiles/source/SPARREPA.pro
projectile:SPARSTNP,SPARSTNP,3,2,data/Project.bif,0x039000A8,768,EDE88D273F181A13A0DA1E35AF7E7C801C50DAC45649FC9717B850FBFFF52C8B,projectiles/source/SPARSTNP.pro
projectile:SPARSTPA,SPARSTPA,3,2,data/Project.bif,0x039000A9,768,485B9E34CAC76484F346046DCFDF8BD8D481D9531AA2992A05236305137C7160,projectiles/source/SPARSTPA.pro
projectile:SPATTCK2,SPATTCK2,2,2,data/Project.bif,0x039000AA,512,795D5E350021F903038E21548F08F7B6308F5D733708D3080498470DF00E493D,projectiles/source/SPATTCK2.pro
projectile:SPBEHBLA,SPBEHBLA,2,1,data/Project.bif,0x039000AB,512,8C0078615FA328EF219FDE8A201551A35E54B5FF5EAE0AD1549E30DCD7E29AFF,projectiles/source/SPBEHBLA.pro
projectile:SPCL236,SPCL236,2,1,data/Project.bif,0x039000AC,768,296C83A01B598AC59066C70D14FDF4766C5E4A544F024625E1D0677C97DB9367,projectiles/source/SPCL236.pro
projectile:SPCL239,SPCL239,3,3,data/Project.bif,0x039000AD,768,CA83493D09AA299974865E17934A90B9FD15E1C69D2DF20A8222A245EBA80DC0,projectiles/source/SPCL239.pro
projectile:SPDRBRTH,SPDRBRTH,3,1,data/25Projct.bif,0x09900003,768,B4BAFD5024BEDC54F018653FC369FB5C1D81DE3A238828725D09925F3BF14021,projectiles/source/SPDRBRTH.pro
projectile:SPEAR,SPEAR,2,1,data/Project.bif,0x039000AE,512,AEEB5176CD04AF0574A942D2DF74F05D1B592AC05E9684F4BC20071B09EF573B,projectiles/source/SPEAR.pro
projectile:SPEAREX,SPEAREX,3,3,data/Project.bif,0x039000AF,768,A68B198D967529083616498549B73965E22950B5DF80CEC9E41A99C60011C484,projectiles/source/SPEAREX.pro
projectile:SPENBLD,SPENBLD,2,1,data/25Projct.bif,0x09900004,512,72D003329350396070317669656D4B9BD6A400DE761BBF81996EE31F2ABF64C1,projectiles/source/SPENBLD.pro
projectile:SPGREORB,SPGREORB,2,2,data/Project.bif,0x039000B0,512,74B5EF2AD4A4DFA9756F12F1691913DDFB4B04D05D172110D52B704645B71C35,projectiles/source/SPGREORB.pro
projectile:SPKLARBK,SPKLARBK,3,2,data/Project.bif,0x039000B1,768,0E2EC5A7CABED894E000415A50F40DAC84DEC1E354D52594A34425ECF8B7BD59,projectiles/source/SPKLARBK.pro
projectile:SPKLARBL,SPKLARBL,3,2,data/Project.bif,0x039000B2,768,4D3DA51701051BFACFC4EC7D44322239DEEFC66F575FB446861381E51E86F6DB,projectiles/source/SPKLARBL.pro
projectile:SPKLARCH,SPKLARCH,3,1,data/Project.bif,0x039000B3,768,F2D564ABC583707E228192A21258B2BE22972DA14314E944892B3FA50A64160E,projectiles/source/SPKLARCH.pro
projectile:SPKLARGO,SPKLARGO,3,2,data/Project.bif,0x039000B4,768,C077D8D27B4829E97792F1C718874F2797602B2B8E197DE00F76D7F39A305529,projectiles/source/SPKLARGO.pro
projectile:SPKLARGR,SPKLARGR,3,2,data/Project.bif,0x039000B5,768,F4520163D9747D9ECF7AEF7D0BFA556584856A136BABC7C59A4B5C399F50FD83,projectiles/source/SPKLARGR.pro
projectile:SPKLARIC,SPKLARIC,3,3,data/Project.bif,0x039000B6,768,00461D0F24817412661AF2F358B843050F66FAC8F090C829A7588403C7039372,projectiles/source/SPKLARIC.pro
projectile:SPKLARMA,SPKLARMA,3,2,data/Project.bif,0x039000B7,768,994108F52AF91BCC9FB24481299AB51F83D56852224D7BAB955894A6A21B7441,projectiles/source/SPKLARMA.pro
projectile:SPKLAROR,SPKLAROR,3,2,data/Project.bif,0x039000B8,768,10900B89745383AA8D4B3C880F89B69D8428E2C8D64DC95DD5629349F81427DF,projectiles/source/SPKLAROR.pro
projectile:SPKLARPU,SPKLARPU,3,2,data/Project.bif,0x039000B9,768,5EAFEE9B21DDD36CF7293839FF45CC8FD3264F3E7CB64FF01D082BA87F98ECC2,projectiles/source/SPKLARPU.pro
projectile:SPKLARRE,SPKLARRE,3,2,data/Project.bif,0x039000BA,768,CABDDE5B2769C0C174D657A5C4E6627E6E2D9F888F21A73105E6391341F71D45,projectiles/source/SPKLARRE.pro
projectile:SPKLARST,SPKLARST,3,2,data/Project.bif,0x039000BB,768,9887A4BE704B7DA47D08FECBA94DC2E32A0F699051834EFA4CB512FF08E17261,projectiles/source/SPKLARST.pro
projectile:STONE,STONE,2,1,data/Project.bif,0x039000BC,512,D5A32B63E70980EFAA8663DB9F9AE81E7EBB1796915F52A6EDE3FD1E0B523FDB,projectiles/source/STONE.pro
projectile:STRMVENG,STRMVENG,3,1,data/25Projct.bif,0x09900005,768,A318A06A9346D1A360BFD5DFB9610243B370176193DAD4AB49B82772A275FB62,projectiles/source/STRMVENG.pro
projectile:TRAPBOOM,TRAPBOOM,3,3,data/25Projct.bif,0x09900006,768,3EB9A06B8BB5755E42D6032245D9ADBD10BB52D6B6657624D0C4590D17EF9DE1,projectiles/source/TRAPBOOM.pro
projectile:TRAPDART,TRAPDART,2,1,data/Project.bif,0x039000BD,512,7935041BD9606A3DB990EAACAF3B392EF8EA52318646A03C7F7A666B1DCBD767,projectiles/source/TRAPDART.pro
projectile:TRAPGLPN,TRAPGLPN,3,2,data/Project.bif,0x039000BE,768,4E78347063D053C0B18925C38B66C54935D155DCA3FEF5507AFE1CEA547EB1E0,projectiles/source/TRAPGLPN.pro
projectile:TRAPGLYP,TRAPGLYP,3,1,data/Project.bif,0x039000BF,768,23A9AAF27E26B6EE897DEED519E55265699F8BFDB72DB9EC3F2466A895338118,projectiles/source/TRAPGLYP.pro
projectile:TRAPSKUL,TRAPSKUL,3,2,data/Project.bif,0x039000C0,768,FBEF84AE577F4A3A9A3DAD49046C39DF9B3E4C9988E6542D16C80825E7D2B574,projectiles/source/TRAPSKUL.pro
projectile:TRAPSNAR,TRAPSNAR,3,1,data/Project.bif,0x039000C1,768,A95BF94862447C6A1227583682601E0610ED96841604E0BF3A9417B9C492FB13,projectiles/source/TRAPSNAR.pro
projectile:TRAPSPIK,TRAPSPIK,3,1,data/25Projct.bif,0x09900007,768,7CA5CF7483CC1BD71B3F30C0DFE980F71F2014F7FB9CC634E63266DC39D62AAF,projectiles/source/TRAPSPIK.pro
projectile:TRAPTIME,TRAPTIME,3,2,data/25Projct.bif,0x09900008,768,3E92B258C9C96D944D8758A7FEE4293039117F11B4F7AF3DC326B4C596486520,projectiles/source/TRAPTIME.pro
projectile:TSKULLNP,TSKULLNP,3,2,data/Project.bif,0x039000C2,768,0E429538208A364A76B9414F3A6ED63B8F146873636CA3F6750DA58C1049619F,projectiles/source/TSKULLNP.pro
projectile:UNLYAREA,UNLYAREA,3,1,data/Project.bif,0x039000C3,768,B3EFFF3571D2BE6CF772F553678C1E1FB24BEB714C4FEB28C1885B794110F963,projectiles/source/UNLYAREA.pro
projectile:WEB,WEB,3,1,data/Project.bif,0x039000C4,768,F6D87CE7D9631439E4F14B0C40E3E233BF14EE78EF413EFB3B67C846DF06BD3D,projectiles/source/WEB.pro
projectile:WEB1P,WEB1P,2,1,data/Project.bif,0x039000C5,512,B06BAA03231F9EB4470A9CFD9757D2A9A5C29FFCF3C5347FE188BE7EC4841820,projectiles/source/WEB1P.pro
projectile:WEBTRAV,WEBTRAV,2,0,data/Project.bif,0x039000C6,512,FAABD0D26735ED8E8D4392A21B450C75F4570C214A42235E286C293597FEC55B,projectiles/source/WEBTRAV.pro
projectile:WILDZONE,WILDZONE,3,1,data/Project.bif,0x039000C7,768,AC9D571F2AC90B2FFEF51330A31AA696C49232BCC38FEACAF0C058AD2AADDC88,projectiles/source/WILDZONE.pro
projectile:WRITHING,WRITHING,3,2,data/Patch2.bif,0x0BD003EA,768,FC8C47BDF5328832A7F5AB06404FFC6A140A395FBA3FA120498543D636F96A98,projectiles/source/WRITHING.pro
