asset_key,resref,origin,controller_count,controller_keys,projectile_count,projectile_keys,bam_container,bam_version,frame_count,cycle_count,source_bif,locator,source_size,source_sha256,source_state,extracted_path
effects:bam:0202A,0202A,dedicated-effect-bif,0,,0,,BAMC,V1,9,1,data/MISCAnim.bif,0x01300000,265056,10044B8F674700577B2B29B58538E190EDF95CF586049922BE60225051C55506,available,effects/ressources/0202A/source.bam
effects:bam:1WDCCDAM,1WDCCDAM,controller-member,1,effect:vvc:1WDCCDAM,0,,BAM,V1,20,1,data/GUIIcon.bif,0x0040006A,127925,AA1595857849ACB797C3A54C62EB56A903EEE221867A771A4E2317EC8C8A4360,available,effects/ressources/1WDCCDAM/source.bam
effects:bam:1WDCLDAM,1WDCLDAM,controller-member,1,effect:vvc:1WDCLDAM,0,,BAM,V1,20,1,data/GUIIcon.bif,0x0040006B,84404,45EEF0DF089F9FB43874269F14EC5AB71B225B35B2871ED4F44934AE4706A8D9,available,effects/ressources/1WDCLDAM/source.bam
effects:bam:1WDCMDAM,1WDCMDAM,controller-member,1,effect:vvc:1WDCMDAM,0,,BAM,V1,20,1,data/GUIIcon.bif,0x0040006F,140519,FEDAC2D38F371BF053A433EFB70AEF50A9D9E0A8E9EADC2992ECFE9B734207B7,available,effects/ressources/1WDCMDAM/source.bam
effects:bam:1WDCSDAM,1WDCSDAM,controller-member,1,effect:vvc:1WDCSDAM,0,,BAM,V1,20,1,data/GUIIcon.bif,0x00400073,102857,922A194863BA01D3F66A91D6E0C73D7F665975FED8C33D051360631690E186C2,available,effects/ressources/1WDCSDAM/source.bam
effects:bam:ABJURH,ABJURH,controller-member,1,effect:vvc:ABJURH,0,,BAMC,V1,12,1,data/Patch2.bif,0x0BD00128,37106,5E02E317A9B20524117DCCFFBFF6126F88C6AB0BC40DB025CC1A8ED3C43424DF,available,effects/ressources/ABJURH/source.bam
effects:bam:ACIDDTH,ACIDDTH,dedicated-effect-bif,0,,0,,BAM,V1,63,2,data/SPELAnim.bif,0x01500001,18750,1B25F6AC0161A7059D025F1BBC56855BADA5B7B8B9B89DE0210522D05058D512,available,effects/ressources/ACIDDTH/source.bam
effects:bam:AM0021A,AM0021A,dedicated-effect-bif,0,,0,,BAMC,V1,9,1,data/MISCAnim.bif,0x01300001,176317,2FBF9E54929E529B07B80A1E5A3B726F2017BF4E70DA18F8DB26EBE248652BEF,available,effects/ressources/AM0021A/source.bam
effects:bam:AM0202AT,AM0202AT,dedicated-effect-bif,0,,0,,BAMC,V1,6,1,data/MISCAnim.bif,0x01300005,158047,DD782D98DB38EC77AEE4DC2919A71FFC471FD327002AAC3D436846844161D16A,available,effects/ressources/AM0202AT/source.bam
effects:bam:AM0404A,AM0404A,dedicated-effect-bif,0,,0,,BAMC,V1,9,1,data/MISCAnim.bif,0x01300013,77815,68CEBA9B21F1598124B69667021145BB7CE02788B6B51ECD20F5E664890ABC1C,available,effects/ressources/AM0404A/source.bam
effects:bam:AM0404B,AM0404B,dedicated-effect-bif,0,,0,,BAMC,V1,9,1,data/MISCAnim.bif,0x01300014,88103,FAFB57042CBEB102530C66FFE149E2A97206ED240242BB16445EC0E0FDFFE9DB,available,effects/ressources/AM0404B/source.bam
effects:bam:AM0411A,AM0411A,dedicated-effect-bif,0,,0,,BAMC,V1,7,1,data/MISCAnim.bif,0x01300017,253081,F23649664BFC0BD2A4D41285FE7A72D200E78B936EA8653C1C3B772DCD02C3E2,available,effects/ressources/AM0411A/source.bam
effects:bam:AM0411B,AM0411B,dedicated-effect-bif,0,,0,,BAMC,V1,7,1,data/MISCAnim.bif,0x01300018,281018,F0538C96A5847D305AB55D270BC349B6A9DD04552A587F432C69CB182A6DD50A,available,effects/ressources/AM0411B/source.bam
effects:bam:AM0411B1,AM0411B1,dedicated-effect-bif,0,,0,,BAMC,V1,7,1,data/MISCAnim.bif,0x01300019,162608,9835E76F02337A4F6A646CD006B0B16034D43EF05D877E6124DAF29AA94A0BE1,available,effects/ressources/AM0411B1/source.bam
effects:bam:AM0411B2,AM0411B2,dedicated-effect-bif,0,,0,,BAMC,V1,7,1,data/MISCAnim.bif,0x0130001A,160385,6D9692340EAD8718B00C647158F345695ABB005910BEC2DB6AF5EF0D924CA4E4,available,effects/ressources/AM0411B2/source.bam
effects:bam:AM0603D4,AM0603D4,dedicated-effect-bif,0,,0,,BAMC,V1,6,1,data/MISCAnim.bif,0x01300038,9243,DDE14A183239B4E29D89765E279489AD1BDA53452F6B3F950B3EF16F593880A6,available,effects/ressources/AM0603D4/source.bam
effects:bam:AM0902L1,AM0902L1,dedicated-effect-bif,0,,0,,BAMC,V1,8,1,data/MISCAnim.bif,0x0130004A,122614,AE0104BBEFC46FBC77B9CD46C5D1049BF20EC3B215290BB87D9E0C417ACE29EB,available,effects/ressources/AM0902L1/source.bam
effects:bam:AM0902L2,AM0902L2,dedicated-effect-bif,0,,0,,BAMC,V1,8,1,data/MISCAnim.bif,0x0130004B,52266,95BE65AA6E9C7F003FFA170643498C3E16638CB5C74958D984BE0066CF9711ED,available,effects/ressources/AM0902L2/source.bam
effects:bam:AM0902L3,AM0902L3,dedicated-effect-bif,0,,0,,BAMC,V1,8,1,data/MISCAnim.bif,0x0130004C,107371,88C752A0765B9D526443D8194648B23991E43C8E4786737F16727488252760CB,available,effects/ressources/AM0902L3/source.bam
effects:bam:AM0902L4,AM0902L4,dedicated-effect-bif,0,,0,,BAMC,V1,8,1,data/MISCAnim.bif,0x0130004D,90755,D88D4579F452673F305D171AC9F138AC6D5F74F4388BBB7DABE2676AB70BC368,available,effects/ressources/AM0902L4/source.bam
effects:bam:AM2000A1,AM2000A1,dedicated-effect-bif,0,,0,,BAMC,V1,7,1,data/MISCAnim.bif,0x0130005B,53094,AE49E90264F6331568BBD867C3C1D8821358D5CC8EBFCFBF8D522AD6D100ED4F,available,effects/ressources/AM2000A1/source.bam
effects:bam:AM2000A2,AM2000A2,dedicated-effect-bif,0,,0,,BAMC,V1,7,1,data/MISCAnim.bif,0x0130005C,51315,8CD188033E65CEC7EBEF9355733FD6116B9237DF1A46CB1ABB53E2FC7981F849,available,effects/ressources/AM2000A2/source.bam
effects:bam:AM2000A3,AM2000A3,dedicated-effect-bif,0,,0,,BAMC,V1,7,1,data/MISCAnim.bif,0x0130005D,82795,C255B419DD6D9B719A2DF0931453693769A71858473817BAE1C2B48B5853607E,available,effects/ressources/AM2000A3/source.bam
effects:bam:AM2000A4,AM2000A4,dedicated-effect-bif,0,,0,,BAMC,V1,7,1,data/MISCAnim.bif,0x0130005E,80044,461C11AB9973F2591D4CDEF5820D2D5BD39D1AEE0F32468EFCF63EE59A8D9D3B,available,effects/ressources/AM2000A4/source.bam
effects:bam:AM2000B1,AM2000B1,dedicated-effect-bif,0,,0,,BAMC,V1,7,1,data/MISCAnim.bif,0x01300060,51527,3AAE4C40D3CE13DA93156FB83EAF4362A8A959A99928A73600ACA8E36A061651,available,effects/ressources/AM2000B1/source.bam
effects:bam:AM2000B2,AM2000B2,dedicated-effect-bif,0,,0,,BAMC,V1,7,1,data/MISCAnim.bif,0x01300061,53453,AB4F5F6C3180F2F394F0902792AD5236BD1D0583B2B7E1F3452621409FCF4A9E,available,effects/ressources/AM2000B2/source.bam
effects:bam:AM2000B3,AM2000B3,dedicated-effect-bif,0,,0,,BAMC,V1,7,1,data/MISCAnim.bif,0x01300062,81353,8680118490C903E1AC51D3034EE4E52481D7D7600E2434491C91C334049DC19B,available,effects/ressources/AM2000B3/source.bam
effects:bam:AM2000B4,AM2000B4,dedicated-effect-bif,0,,0,,BAMC,V1,7,1,data/MISCAnim.bif,0x01300063,80972,EEC224BC8F744FB402F29B931CEF4BB273A2D5AEF5F7B2112CC7CAD44305A148,available,effects/ressources/AM2000B4/source.bam
effects:bam:AM3000G,AM3000G,dedicated-effect-bif,0,,0,,BAMC,V1,8,1,data/25MiscAn.bif,0x09B00002,43232,0D53F5A0A385B24EEE610E1918F79F5C55411FD83DADECA88C2B8856916D75CF,available,effects/ressources/AM3000G/source.bam
effects:bam:AM307TT2,AM307TT2,dedicated-effect-bif,0,,0,,BAMC,V1,5,1,data/MISCAnim.bif,0x01300072,11199,D11E114C218BACBAF301E5EF2593B2340AB4DA80DCF93E996D97D8CE6A8AF6AF,available,effects/ressources/AM307TT2/source.bam
effects:bam:AM307TT3,AM307TT3,dedicated-effect-bif,0,,0,,BAMC,V1,5,1,data/MISCAnim.bif,0x01300073,9504,02DBEEABFA0B7601B74D1448506371999D9BB37B1ADC29C58142B740AF97B702,available,effects/ressources/AM307TT3/source.bam
effects:bam:AM60406B,AM60406B,dedicated-effect-bif,0,,0,,BAMC,V1,9,1,data/MISCAnim.bif,0x0130007B,130069,9CC5F2027DFCDF0ACC91CD1A96925FF9A377638CF9781F9D34FA17CA044B9367,available,effects/ressources/AM60406B/source.bam
effects:bam:AM6200C,AM6200C,dedicated-effect-bif,0,,0,,BAMC,V1,9,1,data/25MiscAn.bif,0x09B00042,198914,E5668DEF1724800230CE23F169138195668C32A26A6E1003D3CED3DC1E21BE2D,available,effects/ressources/AM6200C/source.bam
effects:bam:AM6200D,AM6200D,dedicated-effect-bif,0,,0,,BAMC,V1,9,1,data/25MiscAn.bif,0x09B00043,182685,5C87B445DF0179AF77E0BD58E47113F7AECB64C1CA865E0DD903526E12427271,available,effects/ressources/AM6200D/source.bam
effects:bam:AMDEMGT,AMDEMGT,dedicated-effect-bif,0,,0,,BAMC,V1,42,2,data/25MiscAn.bif,0x09B0004A,405058,51382DACD59F0AF394C1B3F33A2FB37199B4B96F904006EB4F9C7AD72FD017A6,available,effects/ressources/AMDEMGT/source.bam
effects:bam:AMYAG_B,AMYAG_B,controller-member,1,effect:vvc:AMYAG_B,0,,BAMC,V1,34,1,data/25MiscAn.bif,0x09B0004E,75624,5589DF8E84D0AC9455C925A5E1C08331C0B124FE8F6DC4642B40922428C2F31B,available,effects/ressources/AMYAG_B/source.bam
effects:bam:AMYAG_F,AMYAG_F,controller-member,1,effect:vvc:AMYAG_F,0,,BAMC,V1,34,1,data/25MiscAn.bif,0x09B0004F,72785,B083D0AADB42C04E25B5F2D5D330D8BD6C98974D386E5870F4EA679A633B2059,available,effects/ressources/AMYAG_F/source.bam
effects:bam:ASUMM1X,ASUMM1X,controller-member,1,effect:vvc:ASUMM1X,0,,BAMC,V1,30,1,data/Patch2.bif,0x0BD0012F,176536,7E8CE2BFC0939AE9012D386D98DD66A316BCDD70C1415B23D9B4E1619971DDC4,available,effects/ressources/ASUMM1X/source.bam
effects:bam:BDETHER,BDETHER,controller-member,1,effect:vvc:BDETHER,0,,BAM,V1,32,1,data/Patch2.bif,0x0BD00152,436380,110223DCD804D1C969AFE352B77CFF25BE8A30BB8928DBB56AD5DF2C88F01EE4,available,effects/ressources/BDETHER/source.bam
effects:bam:BDETHREA,BDETHREA,controller-member,1,effect:vvc:BDETHREA,1,projectile:BDETHRET,BAM,V1,80,4,data/Patch2.bif,0x0BD00155,113939,D31C65134BEB2D32DA4B1A1276D4FD23A8F4471BE706644C0149C8C0B1ED572A,available,effects/ressources/BDETHREA/source.bam
effects:bam:BDETHREH,BDETHREH,controller-member,1,effect:vvc:BDETHREH,0,,BAM,V1,50,3,data/Patch2.bif,0x0BD00157,117928,BBDD7CCA77FED36D8BB81A7624F9D184C63634BC2B5FFC11422C5C6B6E867971,available,effects/ressources/BDETHREH/source.bam
effects:bam:BDFAVSPI,BDFAVSPI,controller-member,1,effect:vvc:BDFAVSPI,0,,BAM,V1,21,1,data/Patch2.bif,0x0BD0015A,127813,7364024AA1967CC396253BA485C55CBF136267BDA60B8471895760A58C58909E,available,effects/ressources/BDFAVSPI/source.bam
effects:bam:BDFORCEW,BDFORCEW,controller-member,1,effect:vvc:BDFORCEW,0,,BAMC,V1,160,9,data/PATCH26.BIF,0x0860000A,1144030,A823590084DB5FF75D851EBCA37BE64BD3F624A528A2679225DC6AAB30A2C2F6,available,effects/ressources/BDFORCEW/source.bam
effects:bam:BDRSPIRI,BDRSPIRI,controller-member,1,effect:vvc:BDRSPIRI,0,,BAM,V1,31,1,data/Patch2.bif,0x0BD00176,174673,F1833CBA6FA6F2ECB12F0D60CBF6DE89DC6CD036813F5A29910F145A85500CB8,available,effects/ressources/BDRSPIRI/source.bam
effects:bam:BDSHSUM,BDSHSUM,controller-member,1,effect:vvc:BDSHSUM,0,,BAM,V1,30,1,data/PATCH26.BIF,0x0860000C,349657,6C414B980C745B86E0AA9E4D5A47E36988AA3B2E456434345B797883409D6B58,available,effects/ressources/BDSHSUM/source.bam
effects:bam:BDSPCLAR,BDSPCLAR,controller-member,1,effect:vvc:BDSPCLAR,0,,BAM,V1,27,1,data/Patch2.bif,0x0BD001AB,133873,E265E87FF9C567C5FF56D0E44DC5284AD9817C4D4760ACC18636FB7036F77159,available,effects/ressources/BDSPCLAR/source.bam
effects:bam:BDSPLOCK,BDSPLOCK,controller-member,1,effect:vvc:BDSPLOCK,0,,BAM,V1,21,1,data/Patch2.bif,0x0BD001B0,177301,5514C6F98B970881F249E80B24CE566A23EB53851607241E40F7305336A83951,available,effects/ressources/BDSPLOCK/source.bam
effects:bam:BDSPWARD,BDSPWARD,controller-member,1,effect:vvc:BDSPWARD,0,,BAMC,V1,25,1,data/PATCH26.BIF,0x0860000D,117014,2701A063CE2A5B6D10378D88CD2E287D120CC31B383E7139A617469A3E2A51B4,available,effects/ressources/BDSPWARD/source.bam
effects:bam:BGLRYH,BGLRYH,controller-member,1,effect:vvc:BGLRYH,0,,BAMC,V1,25,1,data/Patch25.bif,0x0100000B,70311,EBDD426400A1798061F0F7C2D8372A8BD18D59D80860F1C7FA63D676F457236B,available,effects/ressources/BGLRYH/source.bam
effects:bam:BLOODCR,BLOODCR,dedicated-effect-bif,0,,0,,BAMC,V1,6,1,data/SPELAnim.bif,0x01500002,1679,7C00A722C57C68F49C02478A1201A9ACB66000C6D047B0D230B70BA0A0EE254D,available,effects/ressources/BLOODCR/source.bam
effects:bam:BLOODL,BLOODL,dedicated-effect-bif,0,,0,,BAMC,V1,13,1,data/SPELAnim.bif,0x01500003,2035,D961D83152B32B8650BA214AA81ABA3C5F49D7689E8C2F252EF1F86B767CF5B2,available,effects/ressources/BLOODL/source.bam
effects:bam:BLOODM,BLOODM,dedicated-effect-bif,0,,0,,BAMC,V1,13,1,data/SPELAnim.bif,0x01500004,1729,48E557BF9147E4F25773734856417E86308C9136A0C2FFAF2C189F1D352C271D,available,effects/ressources/BLOODM/source.bam
effects:bam:BLOODS,BLOODS,dedicated-effect-bif,0,,0,,BAMC,V1,8,1,data/SPELAnim.bif,0x01500005,1030,A07239692AB630D339EC881384306A841FC092CC67BBA30027E053744E3D8693,available,effects/ressources/BLOODS/source.bam
effects:bam:BUBBLES1,BUBBLES1,dedicated-effect-bif,0,,0,,BAMC,V1,8,5,data/MISCAnim.bif,0x01300081,2266,A7EBBBBEDC4557983C1093701E5443854710A797AC546210C6B8D2CA2AFA781E,available,effects/ressources/BUBBLES1/source.bam
effects:bam:BUBLES,BUBLES,dedicated-effect-bif,0,,0,,BAMC,V1,108,1,data/MISCAnim.bif,0x01300083,19134,F0E5D0CA21B2D6C5A8FB20D3B89160A191D938F501379AD31E568DF281BA3976,available,effects/ressources/BUBLES/source.bam
effects:bam:BURNHAND,BURNHAND,dedicated-effect-bif,0,,0,,BAMC,V1,30,5,data/SPELAnim.bif,0x01500006,19099,D841B2357874FF46621F3FDFDAC9C71A7597DE2D60734BF16F6A4A17FD7D62CB,available,effects/ressources/BURNHAND/source.bam
effects:bam:COLDH,COLDH,controller-member,1,effect:vvc:COLDH,0,,BAMC,V1,16,1,data/GUIIcon.bif,0x00400C65,38975,F3658B79AFBFF8481DD9C8483BAB27A304E1663C48ADB8D3B5CE1BA8BBC1A5F6,available,effects/ressources/COLDH/source.bam
effects:bam:CSHIELDH,CSHIELDH,controller-member,1,effect:vvc:CSHIELDH,0,,BAMC,V1,20,1,data/PATCH26.BIF,0x08600011,61223,43FB88AA4ACDF76D84E6801A8C031600D8C2BAD1D7FABB18266187178718A66F,available,effects/ressources/CSHIELDH/source.bam
effects:bam:CURSEH,CURSEH,controller-member,1,effect:vvc:CURSEH,0,,BAMC,V1,17,1,data/PATCH26.BIF,0x08600013,26512,E4AABE7DE35577D60A2F090FF49FF27211B231F5DEEDEC1006AC1615A2DC2661,available,effects/ressources/CURSEH/source.bam
effects:bam:DDOORH,DDOORH,controller-member,1,effect:vvc:DDOORH,0,,BAMC,V1,20,1,data/Patch2.bif,0x0BD001F5,97282,B3CFF3B86F652169EF899B8E6886A4C928D15AC55AD5DA5AB1A409AFAE38DE37,available,effects/ressources/DDOORH/source.bam
effects:bam:DEMB1A1,DEMB1A1,dedicated-effect-bif,0,,0,,BAMC,V1,135,9,data/MISCAnim.bif,0x01300085,57341,E181EF6A8C8A3703742FDDDDE866705D92404F290665EB562375667D2D9D32A3,available,effects/ressources/DEMB1A1/source.bam
effects:bam:DEMB1A2,DEMB1A2,dedicated-effect-bif,0,,0,,BAMC,V1,135,9,data/MISCAnim.bif,0x01300086,54121,C8E2E17FEF2ED58A0F41A2788C74182E8EC59ADA1E1256B549CF86EAB16479CF,available,effects/ressources/DEMB1A2/source.bam
effects:bam:DEMB1A3,DEMB1A3,dedicated-effect-bif,0,,0,,BAMC,V1,135,9,data/MISCAnim.bif,0x01300087,58378,F058BF5EDEB530C39CD06A19B20A8EC341986757B40F0D7ED02A20F880138A1B,available,effects/ressources/DEMB1A3/source.bam
effects:bam:DEMB1A4,DEMB1A4,dedicated-effect-bif,0,,0,,BAMC,V1,135,9,data/MISCAnim.bif,0x01300088,56362,C43EA0FBF1889130CCF670A88C1FA69A974E45AE760DC6483B6DC8177DDCDF13,available,effects/ressources/DEMB1A4/source.bam
effects:bam:DEMB1A5,DEMB1A5,dedicated-effect-bif,0,,0,,BAMC,V1,135,9,data/MISCAnim.bif,0x01300089,56812,4D6F5C0C950E41CBA99AC7619A61F9EB0BF0440602103F7C773F22E82D850A1C,available,effects/ressources/DEMB1A5/source.bam
effects:bam:DEMB1A6,DEMB1A6,dedicated-effect-bif,0,,0,,BAMC,V1,126,9,data/MISCAnim.bif,0x0130008A,48097,E89AF389CE92EB3649F9B5B56AF508474EA6BBC1E51BE74DA1D58C3E0CF1C151,available,effects/ressources/DEMB1A6/source.bam
effects:bam:DEMB1A7,DEMB1A7,dedicated-effect-bif,0,,0,,BAMC,V1,135,9,data/MISCAnim.bif,0x0130008B,56061,FC8A87EA74FAE133E12715BF1558DDD85AAC45C5E9EECBA0BF1C8E4DC2A3874C,available,effects/ressources/DEMB1A7/source.bam
effects:bam:DEMB1A8,DEMB1A8,dedicated-effect-bif,0,,0,,BAMC,V1,135,9,data/MISCAnim.bif,0x0130008C,57241,391EC0A6F499B04E0AE1688A2F38F1EA829B7719162F683BA3768E950352AD64,available,effects/ressources/DEMB1A8/source.bam
effects:bam:DEMB1A9,DEMB1A9,dedicated-effect-bif,0,,0,,BAMC,V1,135,9,data/MISCAnim.bif,0x0130008D,56061,FC8A87EA74FAE133E12715BF1558DDD85AAC45C5E9EECBA0BF1C8E4DC2A3874C,available,effects/ressources/DEMB1A9/source.bam
effects:bam:DEMB1CA,DEMB1CA,dedicated-effect-bif,0,,0,,BAMC,V1,270,72,data/MISCAnim.bif,0x0130008E,114790,E935F5FDCDD85857F75E6617970710556BE8352497945BAF6284C70D038CD27B,available,effects/ressources/DEMB1CA/source.bam
effects:bam:DEMB1G1,DEMB1G1,dedicated-effect-bif,0,,0,,BAMC,V1,846,99,data/MISCAnim.bif,0x0130008F,319766,77BDC70FF4C7AA9A7F08FC34F978D4DD4CC2CB439286B8D1F29C47EB96FC31D0,available,effects/ressources/DEMB1G1/source.bam
effects:bam:DSTDVL2A,DSTDVL2A,dedicated-effect-bif,0,,0,,BAMC,V1,18,1,data/MISCAnim.bif,0x01300093,55866,C1D754E64CC7D9669516586741F36D0E802F34BCB811026CA7D76F90B29EA432,available,effects/ressources/DSTDVL2A/source.bam
effects:bam:DUST,DUST,dedicated-effect-bif,0,,0,,BAMC,V1,30,1,data/MISCAnim.bif,0x01300096,9164,3E38053E8C2D1EA23C6FE926EAB61C3469BCA6DC24108C4781B85E4FBE3E5898,available,effects/ressources/DUST/source.bam
effects:bam:EXALTAH,EXALTAH,controller-member,1,effect:vvc:EXALTAH,0,,BAMC,V1,27,1,data/PATCH26.BIF,0x0860001B,83622,5AA4A46FBDD8CFD16F96FEF8F06475ABF1C23CC009941695613FAEC33F4B4D50,available,effects/ressources/EXALTAH/source.bam
effects:bam:EXPLODE,EXPLODE,dedicated-effect-bif,0,,0,,BAMC,V1,12,1,data/SPELAnim.bif,0x01500007,20660,2A6B43BC61CDD631506EC048F06DB7EE2F9CAD609E2B6A4EE731C8A8F4B559CC,available,effects/ressources/EXPLODE/source.bam
effects:bam:FALLMIST,FALLMIST,dedicated-effect-bif,0,,0,,BAMC,V1,9,1,data/MISCAnim.bif,0x013000A3,7405,941413E7B7E05C73AEE9AA24E460B4BE5CD2AD49EE822420C20E3C25F67F541A,available,effects/ressources/FALLMIST/source.bam
effects:bam:FDAWNX,FDAWNX,controller-member,1,effect:vvc:FDAWNX,1,projectile:FDAWN,BAMC,V1,39,1,data/PATCH26.BIF,0x08600022,258917,5F915D9A22F2F26BEFB69F6531A4227DACC8E9CB5DFFC96F063E305FD8FA0BFD,available,effects/ressources/FDAWNX/source.bam
effects:bam:FIM1YEL,FIM1YEL,dedicated-effect-bif,0,,0,,BAMC,V1,16,1,data/MISCAnim.bif,0x013000A4,2820,61B334077D4CDDB6A575DC1332305754E3EE004FDE8171CC7E77C59ABAF132D7,available,effects/ressources/FIM1YEL/source.bam
effects:bam:FIM2YEL,FIM2YEL,dedicated-effect-bif,0,,0,,BAMC,V1,16,1,data/MISCAnim.bif,0x013000A5,4749,ABE89FABA2279D9E3913041DDAE0BBE122EB6168AEA3FE84C5C6DC088C843BC0,available,effects/ressources/FIM2YEL/source.bam
effects:bam:FIRE_1B,FIRE_1B,dedicated-effect-bif,0,,0,,BAMC,V1,15,5,data/MISCAnim.bif,0x013000A7,9521,1E4E99E9339DB3E68AD592BECC24D6BE8D004F5EC42B8441BD57851EF599192C,available,effects/ressources/FIRE_1B/source.bam
effects:bam:FIRE_1C,FIRE_1C,dedicated-effect-bif,0,,0,,BAMC,V1,15,5,data/MISCAnim.bif,0x013000A8,11883,E5B94689788F120DF584475E636299D7BAE5FE05FE68A39A1EC9143AA3B91407,available,effects/ressources/FIRE_1C/source.bam
effects:bam:FIRE_1GR,FIRE_1GR,dedicated-effect-bif,0,,0,,BAMC,V1,15,5,data/MISCAnim.bif,0x013000A9,19351,F577EFB33F7F2A087C897EE34D964BB5E522530C88C238B0A9FE3EB90011B411,available,effects/ressources/FIRE_1GR/source.bam
effects:bam:FIRE_1GS,FIRE_1GS,dedicated-effect-bif,0,,0,,BAMC,V1,15,5,data/MISCAnim.bif,0x013000AA,19461,E9B93E1012676A49C81AEC701598DB6D597BAD4675B7E4AAAB11C9765208BF54,available,effects/ressources/FIRE_1GS/source.bam
effects:bam:FIRE_2,FIRE_2,dedicated-effect-bif,0,,0,,BAMC,V1,16,5,data/MISCAnim.bif,0x013000AB,29816,694578D328B896E2FB614261B33E605324C4642CCA61FD57030903E3BD70C4EA,available,effects/ressources/FIRE_2/source.bam
effects:bam:FIRE_2A,FIRE_2A,dedicated-effect-bif,0,,0,,BAMC,V1,16,5,data/MISCAnim.bif,0x013000AC,29639,1504D75A99F317AD01ED80F97B7A247AF2F27BD4F657EDBC8600FA5206996890,available,effects/ressources/FIRE_2A/source.bam
effects:bam:FIRE_4BL,FIRE_4BL,dedicated-effect-bif,0,,0,,BAMC,V1,14,5,data/MISCAnim.bif,0x013000B2,4787,4A32D607DB4FA6848D9169D006274076E759D51B5327034BC8F02767A18D8A41,available,effects/ressources/FIRE_4BL/source.bam
effects:bam:FIRE_4G2,FIRE_4G2,dedicated-effect-bif,0,,0,,BAMC,V1,14,5,data/MISCAnim.bif,0x013000B3,5024,BC0CAC6A475740EF429846B3F3F5F5D42311A3D4D688C7EC3FAEC408F5E771FB,available,effects/ressources/FIRE_4G2/source.bam
effects:bam:FIRE_4GR,FIRE_4GR,dedicated-effect-bif,0,,0,,BAMC,V1,14,5,data/MISCAnim.bif,0x013000B4,4790,AA479EC1AC4082EF9A92664D66DE91C393B956CD71796B248BAC09B597EEC852,available,effects/ressources/FIRE_4GR/source.bam
effects:bam:FIREH,FIREH,controller-member,1,effect:vvc:FIREH,0,,BAMC,V1,16,1,data/PATCH26.BIF,0x0860002C,33191,AD37CF20A2180863F1BB91081DDEFEE77465E3FFFA67FEBE77F17533334C858C,available,effects/ressources/FIREH/source.bam
effects:bam:FISH4SA,FISH4SA,dedicated-effect-bif,0,,0,,BAMC,V1,18,1,data/MISCAnim.bif,0x013000BC,1708,EF4B33129581D3BAD02FF5A3EF5447D1696D2C659DE282F90A81A43098E858BB,available,effects/ressources/FISH4SA/source.bam
effects:bam:FISH4SB,FISH4SB,dedicated-effect-bif,0,,0,,BAMC,V1,18,1,data/MISCAnim.bif,0x013000BD,1712,5C00A22B03B5D4AFD09686E6FA58FB824E43E24472E42F848419A970A77111BD,available,effects/ressources/FISH4SB/source.bam
effects:bam:FISH4SC,FISH4SC,dedicated-effect-bif,0,,0,,BAMC,V1,18,1,data/MISCAnim.bif,0x013000BE,1714,B90C30139A6B0913A88F7AF137986638024F5F84A1EC7FB545D3CD9D17C35E79,available,effects/ressources/FISH4SC/source.bam
effects:bam:FISH5SA,FISH5SA,dedicated-effect-bif,0,,0,,BAMC,V1,18,1,data/MISCAnim.bif,0x013000BF,1864,8CA635FC09AD1DB90C250E08AC377059C06F2082462BB742B1780852546D8DA1,available,effects/ressources/FISH5SA/source.bam
effects:bam:FISH5SB,FISH5SB,dedicated-effect-bif,0,,0,,BAMC,V1,18,1,data/MISCAnim.bif,0x013000C0,1866,42EE584886D391DF85EAE6A0FA5A033AA65C5029471878A26707273A69345703,available,effects/ressources/FISH5SB/source.bam
effects:bam:FISH5SC,FISH5SC,dedicated-effect-bif,0,,0,,BAMC,V1,18,1,data/MISCAnim.bif,0x013000C1,1866,FFD5C9F0DC1C8EA1EE1E2057C8C33602BC7CB1DC2E8B293098A6484738B4FC6A,available,effects/ressources/FISH5SC/source.bam
effects:bam:FISM1YEL,FISM1YEL,dedicated-effect-bif,0,,0,,BAMC,V1,10,1,data/MISCAnim.bif,0x013000C2,1383,91D7B4ED849CFECA27FDB7BCA589458D1F05904E641E95EF7681D8AE5902C3A7,available,effects/ressources/FISM1YEL/source.bam
effects:bam:FLLGBLU,FLLGBLU,dedicated-effect-bif,0,,0,,BAMC,V1,16,1,data/MISCAnim.bif,0x013000C8,15181,FCB32862194CFD9151FF081E459831893FFDC140AD3AABD97C7E8C6714A4B68F,available,effects/ressources/FLLGBLU/source.bam
effects:bam:FLLGBLUE,FLLGBLUE,dedicated-effect-bif,0,,0,,BAMC,V1,16,1,data/MISCAnim.bif,0x013000C9,8215,65F3226FF563D4B8B540E0B4FDFA2F9BF57C5E07602FB80309936327F17CE2CE,available,effects/ressources/FLLGBLUE/source.bam
effects:bam:FLLGRED,FLLGRED,dedicated-effect-bif,0,,0,,BAMC,V1,16,1,data/MISCAnim.bif,0x013000CA,7845,7966CFDD36CB49AC70A99B9B4143365A48E23CF0DDCFAD65F2F72549C2B314BF,available,effects/ressources/FLLGRED/source.bam
effects:bam:FLM1PUR,FLM1PUR,dedicated-effect-bif,0,,0,,BAMC,V1,16,1,data/MISCAnim.bif,0x013000CB,4580,2C41BC027BF4DAC2189455C4004A8E8B1D690E213327F1BC279378C0A563A87C,available,effects/ressources/FLM1PUR/source.bam
effects:bam:FLM1RED,FLM1RED,dedicated-effect-bif,0,,0,,BAMC,V1,16,1,data/MISCAnim.bif,0x013000CC,2423,5F0D479BBB96946D19E9C9436F5828CEF85A01F1104F5C2733030F3D3EC2B503,available,effects/ressources/FLM1RED/source.bam
effects:bam:FLM2RED,FLM2RED,dedicated-effect-bif,0,,0,,BAMC,V1,16,1,data/MISCAnim.bif,0x013000CE,4098,8A0ACA453DF888FDA0530F02420EB9C4DDA4F7D5791CDC5BD6D4081088E14FA5,available,effects/ressources/FLM2RED/source.bam
effects:bam:FLMDBLU,FLMDBLU,dedicated-effect-bif,0,,0,,BAMC,V1,16,1,data/MISCAnim.bif,0x013000CF,3747,B8506C448A7AF9C17E5AB5EB46E21F0D281B51D174789D4573D1DE9BB5E3EDEB,available,effects/ressources/FLMDBLU/source.bam
effects:bam:FLML,FLML,dedicated-effect-bif,0,,0,,BAMC,V1,6,1,data/SPELAnim.bif,0x0150000A,955,08247D3823959477A2E775551A15F08ECB267C1440898B42367D4382A736E4FC,available,effects/ressources/FLML/source.bam
effects:bam:FLMSTRK,FLMSTRK,controller-member,1,effect:vvc:ANPILLAR,0,,BAMC,V1,34,1,data/SPELAnim.bif,0x0150000D,463953,13EAD5E2F0FC77E619451B5F656945BEF215EA4B6BCF50A492A3795195F75428,available,effects/ressources/FLMSTRK/source.bam
effects:bam:FLSM1PUR,FLSM1PUR,dedicated-effect-bif,0,,0,,BAMC,V1,10,1,data/MISCAnim.bif,0x013000D0,1511,43549E1F6AE6F2EB48E57478EEE0C80D2CCF36559AB1D38BF53B6087D7A966E7,available,effects/ressources/FLSM1PUR/source.bam
effects:bam:FLSM1RED,FLSM1RED,dedicated-effect-bif,0,,0,,BAMC,V1,10,1,data/MISCAnim.bif,0x013000D1,800,4B5F1E6D5C38250D073B7BDD87EC22BF6D261494900A5C9513543A0EBE9DA4FB,available,effects/ressources/FLSM1RED/source.bam
effects:bam:FOUNT2,FOUNT2,dedicated-effect-bif,0,,0,,BAMC,V1,6,1,data/MISCAnim.bif,0x013000D3,12581,BE60C9DDCCEDD56141C9E4656605CF8543750FC40E07F4B259D46F43D12C2E45,available,effects/ressources/FOUNT2/source.bam
effects:bam:FOUNTN,FOUNTN,dedicated-effect-bif,0,,0,,BAMC,V1,18,1,data/MISCAnim.bif,0x013000D4,41797,F2FC559016B6B6E091C552B8F5731337EBA3D692EFDB27AFF6BED723518EF2DD,available,effects/ressources/FOUNTN/source.bam
effects:bam:GARMORH,GARMORH,controller-member,1,effect:vvc:1WDGARMR,0,,BAMC,V1,16,1,data/GUIBam.bif,0x00C0000A,36596,4FA07DCEE9FCF6E0D10BF25CA2B36138C636BAB13AFA68066995852B2FE27248,available,effects/ressources/GARMORH/source.bam
effects:bam:GLDUSTH,GLDUSTH,controller-member,1,effect:vvc:GLDUSTH,0,,BAMC,V1,39,1,data/PATCH26.BIF,0x08600032,71393,C1F44B834AA12B113BB4E300303FB7CDF795BD84CD9412ECCE7A1653D97E7043,available,effects/ressources/GLDUSTH/source.bam
effects:bam:GLPHWRDH,GLPHWRDH,dedicated-effect-bif,0,,0,,BAMC,V1,30,5,data/SPELAnim.bif,0x0150000E,3348,086B1970C2655AEF7D1CE4EF052DACCB1122514577AB010BF84D3B62F433DC99,available,effects/ressources/GLPHWRDH/source.bam
effects:bam:GREASED,GREASED,dedicated-effect-bif,0,,0,,BAMC,V1,24,3,data/SPELAnim.bif,0x01500010,26359,ECAD8F8A2DACC293F5068EAD6A14E49F75A4BCE45CB502AE00F74EB94493F191,available,effects/ressources/GREASED/source.bam
effects:bam:GREASEH,GREASEH,dedicated-effect-bif,0,,0,,BAMC,V1,6,1,data/SPELAnim.bif,0x01500011,8464,3100F7A46793072D49AFCB8972E2D6023BD940E4F05ED71BEFF1661FF8F7D2B4,available,effects/ressources/GREASEH/source.bam
effects:bam:GRNDGLOW,GRNDGLOW,controller-member,1,effect:vvc:FIRECOLD,0,,BAMC,V1,20,1,data/SPELAnim.bif,0x01500012,83158,E32F57685EFB9951B0846ADA68AAB9E6DABEC37B4DC0BDCA25E893CE7949AA9E,available,effects/ressources/GRNDGLOW/source.bam
effects:bam:HARPDISC,HARPDISC,dedicated-effect-bif,0,,0,,BAMC,V1,11,1,data/MISCAnim.bif,0x013000D8,21742,C90D694AABEAF3BEDD266F515A3AA1D6E9CD1413EAFCB2B012ABEEC2B1E678CE,available,effects/ressources/HARPDISC/source.bam
effects:bam:HIHEDGE,HIHEDGE,dedicated-effect-bif,0,,0,,BAMC,V1,12,1,data/MISCAnim.bif,0x013000D9,26946,1EE588007C2D9A4339A4AE9A44EBAA0420541E7C5AF968EC9B4891C997D1B18A,available,effects/ressources/HIHEDGE/source.bam
effects:bam:HLYMITE,HLYMITE,dedicated-effect-bif,0,,0,,BAMC,V1,6,1,data/SPELAnim.bif,0x01500013,56755,ECE4F1A8C3E4FCA7B2031E3AE8E7AB21DB1F9113E2A1AF1A04FF6DCE9CF3667C,available,effects/ressources/HLYMITE/source.bam
effects:bam:JDPROP,JDPROP,dedicated-effect-bif,0,,0,,BAMC,V1,4,1,data/MISCAnim.bif,0x013000DA,25609,002BAF8BE96872A8331451FF4C65A7E647CE15F3ABE0FDE3DA9344F5DAACCFEC,available,effects/ressources/JDPROP/source.bam
effects:bam:LAVABUB1,LAVABUB1,dedicated-effect-bif,0,,0,,BAMC,V1,15,5,data/MISCAnim.bif,0x013000DB,1636,9B5626AB5763A4E743EDB67543B6D2691F8E60804E3CB62374A866C4A9E33FF6,available,effects/ressources/LAVABUB1/source.bam
effects:bam:LAVABUB2,LAVABUB2,dedicated-effect-bif,0,,0,,BAMC,V1,15,5,data/MISCAnim.bif,0x013000DC,1389,970855675DC1D815E563E4BC72C02EEE21B0D4EF831D359EB145F5A0CC2617F3,available,effects/ressources/LAVABUB2/source.bam
effects:bam:LAVAFIR1,LAVAFIR1,dedicated-effect-bif,0,,0,,BAMC,V1,10,5,data/MISCAnim.bif,0x013000DD,34460,A5CC256491E22B508020B0D8FBD1F1FA24294B57E92CF3D2E636A1CDBF572D45,available,effects/ressources/LAVAFIR1/source.bam
effects:bam:MINORGLB,MINORGLB,controller-member,1,effect:vvc:MINORGLB,0,,BAMC,V1,18,1,data/SPELAnim.bif,0x01500015,120803,7355BC6D242ECE20CF330198B28F4A5A74C57C9FD23937660930D3C91C5F3D86,available,effects/ressources/MINORGLB/source.bam
effects:bam:MMAGICH,MMAGICH,controller-member,2,effect:vvc:ICMAGICH;effect:vvc:SPBOLTGL,0,,BAMC,V1,20,1,data/SPELAnim.bif,0x01500016,38518,392A8644C4A1B18622326CEE691631810BC606910CAD80473B24A82901C1EA11,available,effects/ressources/MMAGICH/source.bam
effects:bam:MSOLG1,MSOLG1,controller-member,1,effect:vvc:MSOLG1,0,,BAMC,V1,387,54,data/25CreAni.bif,0x09700085,139598,B5165B395B04D7A82FA0DCBDC43620C6AE901D42F741700DD4B848C95AF02D2C,available,effects/ressources/MSOLG1/source.bam
effects:bam:MSUMM1H,MSUMM1H,controller-member,1,effect:vvc:MSUMM1H,0,,BAMC,V1,48,3,data/Patch2.bif,0x0BD0034A,97038,085E8DE1FCC762BD90C05A16683D07D410F8B1C4BD080A7103C3CEE36F466C65,available,effects/ressources/MSUMM1H/source.bam
effects:bam:MSUMM1X,MSUMM1X,controller-member,1,effect:vvc:MSUMM1X,0,,BAMC,V1,30,1,data/Patch2.bif,0x0BD0034C,157525,ED8033210743183D959FDE7285919767B8B774B2779017AA55E5E94C4B0A9BED,available,effects/ressources/MSUMM1X/source.bam
effects:bam:OHBENVLP,OHBENVLP,controller-member,1,effect:vvc:OHBENVLP,0,,BAMC,V1,70,2,data/GUIIcon.bif,0x00401288,123997,4AE7D9BD432ED57F006342CDCB97667BE1BD6F615E50AFA046BABB60F6788F20,available,effects/ressources/OHBENVLP/source.bam
effects:bam:OHBGOLD,OHBGOLD,controller-member,1,effect:vvc:OHBGOLD,0,,BAMC,V1,18,1,data/GUIIcon.bif,0x00401289,120703,48FD41D5EBF5C23924AF6CA3B7ECC252058CD1ECB537DE53710F62AC6E2E5B0B,available,effects/ressources/OHBGOLD/source.bam
effects:bam:OHDLPORT,OHDLPORT,controller-member,1,effect:vvc:OHDLPORT,0,,BAM,V1,26,1,data/GUIIcon.bif,0x004012B5,151222,3F538D8CC83F0DC74579C0DE7BA1BA52466B41713B6803052C112BED43ABC15D,available,effects/ressources/OHDLPORT/source.bam
effects:bam:OHDSTREE,OHDSTREE,controller-member,1,effect:vvc:OHDSTREE,0,,BAMC,V1,45,1,data/GUIIcon.bif,0x004012B8,49336,DB6FA00B99662FDF6936089222F9C173A491D5C275E0EE543B4654B73F9E9289,available,effects/ressources/OHDSTREE/source.bam
effects:bam:OHHNECR,OHHNECR,controller-member,1,effect:vvc:OHHNECR,0,,BAMC,V1,11,1,data/GUIIcon.bif,0x004012D4,46758,B391A767F9581400980C8217E116B39B1D4962764697C6B0FF721C14EAADE874,available,effects/ressources/OHHNECR/source.bam
effects:bam:OHNPORTA,OHNPORTA,controller-member,1,effect:vvc:OHNPORTA,0,,BAMC,V1,38,1,data/GUIIcon.bif,0x00401308,158959,C7D713E01C6F3981626AEB2BC31797B9D8A4DD91E9BFA158A1E32785F57E3129,available,effects/ressources/OHNPORTA/source.bam
effects:bam:OHNVIS1,OHNVIS1,controller-member,1,effect:vvc:OHNVIS1,0,,BAMC,V1,39,2,data/GUIIcon.bif,0x0040130B,81178,97F3743F9AEFFE1024DC5C7568A4FE3D9447BD383E36DC1F35C3AF985D66EB53,available,effects/ressources/OHNVIS1/source.bam
effects:bam:OHNVIS2,OHNVIS2,controller-member,1,effect:vvc:OHNVIS2,0,,BAMC,V1,39,2,data/GUIIcon.bif,0x0040130C,80545,1621828AC6538A9FB6E265D2CA3242EA26EC53A92DFEA55753F40BAE6D1C8D96,available,effects/ressources/OHNVIS2/source.bam
effects:bam:OHNVIS3,OHNVIS3,controller-member,1,effect:vvc:OHNVIS3,0,,BAMC,V1,39,2,data/GUIIcon.bif,0x0040130D,80406,18469335898329D99A91B7D23037959BD87B95651B5821701DC21A718C30782A,available,effects/ressources/OHNVIS3/source.bam
effects:bam:OHNVIS4,OHNVIS4,controller-member,1,effect:vvc:OHNVIS4,0,,BAMC,V1,39,2,data/GUIIcon.bif,0x0040130E,80385,BB94BD2C90D27572481571B4E4ECAEBF9F75C48E3F8D3A6E161EEA3A076E250A,available,effects/ressources/OHNVIS4/source.bam
effects:bam:OHNWAND1,OHNWAND1,controller-member,1,effect:vvc:OHNWAND1,0,,BAMC,V1,32,3,data/GUIIcon.bif,0x0040130F,33538,412F72597C09C98056AAA3D0D4626FB1CED09B88060C10A0D290328697CBED18,available,effects/ressources/OHNWAND1/source.bam
effects:bam:OHRDARK,OHRDARK,controller-member,1,effect:vvc:OHRDARK,0,,BAMC,V1,31,1,data/GUIIcon.bif,0x00401321,128527,F7E7517939E3F4CE038DEB0D173EB610408C7797D7EC6B2B6F8A5C0B63E95D09,available,effects/ressources/OHRDARK/source.bam
effects:bam:OHRFEAR,OHRFEAR,controller-member,1,effect:vvc:OHRFEAR,0,,BAMC,V1,45,1,data/GUIIcon.bif,0x00401322,98747,153A2A2F4246545BAA984C2CD3FAE3340827B65D8299CB799E807EFFB593AB4A,available,effects/ressources/OHRFEAR/source.bam
effects:bam:OHRMIND,OHRMIND,controller-member,1,effect:vvc:OHRMIND,0,,BAMC,V1,30,1,data/GUIIcon.bif,0x00401337,23353,82E91288FCF16594CDF7EA28FE41D7278312E03E794BC1857FF6D24DFFAB3442,available,effects/ressources/OHRMIND/source.bam
effects:bam:OHRMJAR,OHRMJAR,controller-member,1,effect:vvc:OHRMJAR,0,,BAM,V1,60,1,data/GUIIcon.bif,0x00401338,124477,0EA8065ACB1B8D7D9D9503AF958F07AB402F48F5F2D6EFD10F0445CA882047FC,available,effects/ressources/OHRMJAR/source.bam
effects:bam:OHRPOLY,OHRPOLY,controller-member,2,effect:vvc:OHRPOLY1;effect:vvc:OHRPOLY2,0,,BAMC,V1,90,2,data/GUIIcon.bif,0x00401339,252432,2AF79F70352793983FCD3CA162B33660EB4A8EFCDA009F697489835CD168EE8B,available,effects/ressources/OHRPOLY/source.bam
effects:bam:OHRSGATE,OHRSGATE,controller-member,1,effect:vvc:OHRSGATE,0,,BAMC,V1,30,1,data/GUIIcon.bif,0x0040133B,146050,7519A21B25C63C93975A34B48E9BFEB2A4FDFCE1D2A55FDC02E80C190843F5F9,available,effects/ressources/OHRSGATE/source.bam
effects:bam:OHRSGONE,OHRSGONE,controller-member,1,effect:vvc:OHRSGONE,0,,BAMC,V1,119,1,data/GUIIcon.bif,0x0040133C,359430,95B9ED64FC069E9E9E50DA6EB38B12D50231A6CB35311B8B5785FB60A4D48CCB,available,effects/ressources/OHRSGONE/source.bam
effects:bam:OHRSHFIE,OHRSHFIE,controller-member,1,effect:vvc:OHRSHFIE,0,,BAMC,V1,12,1,data/GUIIcon.bif,0x0040133D,37102,FEB37CDF1480969B5ECEE168BAA20C3CD6191055F69AF5D3AC62F9E45CE9CF0C,available,effects/ressources/OHRSHFIE/source.bam
effects:bam:PARALH,PARALH,controller-member,1,effect:vvc:PARALH,0,,BAMC,V1,12,1,data/Patch2.bif,0x0BD00373,19598,B2D3825586F0387A6797B18AAD6BD4E25B2A452964ADBC3194FCF4D2324A70F4,available,effects/ressources/PARALH/source.bam
effects:bam:PRAYERB,PRAYERB,controller-member,1,effect:vvc:PRAYERB,0,,BAMC,V1,20,1,data/PATCH26.BIF,0x0860003E,55762,6672C9319A04B7CD1ED85F5648F6C725E669F5A5150E460C0FFA978F5B04CBED,available,effects/ressources/PRAYERB/source.bam
effects:bam:PRAYERG,PRAYERG,controller-member,1,effect:vvc:PRAYERG,0,,BAMC,V1,20,1,data/PATCH26.BIF,0x08600040,55761,76B818B1D3B9DF9DC814A53359768A8BD88141C2DD5F633395BE018B246CC1B8,available,effects/ressources/PRAYERG/source.bam
effects:bam:RIPPLE_1,RIPPLE_1,dedicated-effect-bif,0,,0,,BAMC,V1,13,5,data/MISCAnim.bif,0x013000E1,2139,B54166C72ACC68F88CB00ED737A5FBB0816229E3133464FAB0F6079194341B5C,available,effects/ressources/RIPPLE_1/source.bam
effects:bam:RIPPLE_2,RIPPLE_2,dedicated-effect-bif,0,,0,,BAMC,V1,30,5,data/MISCAnim.bif,0x013000E2,102339,D933E4C6DD989AFEBE06F6E5BE2F1E7A7E7C686B9A581428741D4D7D7691BB37,available,effects/ressources/RIPPLE_2/source.bam
effects:bam:RIPPLE_3,RIPPLE_3,dedicated-effect-bif,0,,0,,BAMC,V1,20,5,data/MISCAnim.bif,0x013000E3,10454,4D8BD43C91ED8CC4DB2FEB4F71C74DD02CEDBDE32CEFCFA653F54935E7F8A2B7,available,effects/ressources/RIPPLE_3/source.bam
effects:bam:SANCTRY,SANCTRY,dedicated-effect-bif,0,,0,,BAMC,V1,18,1,data/SPELAnim.bif,0x01500017,95540,1C9E7A29DFF872489594133C86D6481B5C15B1EEA39A18036F0469781118985B,available,effects/ressources/SANCTRY/source.bam
effects:bam:SARMORH,SARMORH,controller-member,1,effect:vvc:1WDSARMR,0,,BAMC,V1,16,1,data/SPELAnim.bif,0x01500018,39834,BFA6241FAAEF02785E53425D47E712262DBC1891713960915FA597CE97D02751,available,effects/ressources/SARMORH/source.bam
effects:bam:SETTRAP,SETTRAP,dedicated-effect-bif,0,,0,,BAMC,V1,1,2,data/SPELAnim.bif,0x01500019,1447,C02180FB96A96059298D8E17CCB17B3DA63627B2EF463703481D2B0B67754B65,available,effects/ressources/SETTRAP/source.bam
effects:bam:SHACID,SHACID,controller-member,3,effect:vvc:POISON;effect:vvc:SHACID;effect:vvc:SHACID2,0,,BAMC,V1,24,1,data/SPELAnim.bif,0x0150001A,14853,45BF47936DE0890A6954F57646990833511E216BD4F1928833A2687EF03224AC,available,effects/ressources/SHACID/source.bam
effects:bam:SHAIR,SHAIR,controller-member,1,effect:vvc:SHAIR,0,,BAMC,V1,18,1,data/SPELAnim.bif,0x0150001B,33938,37903205D1BA3D70BC0920EB9FF35B48451831B1BE10809B20963712E319EB83,available,effects/ressources/SHAIR/source.bam
effects:bam:SHAREA,SHAREA,dedicated-effect-bif,0,,0,,BAMC,V1,6,1,data/SPELAnim.bif,0x01500023,12888,8B9C776DA0BEA3F6C557DC26D43BB8BB3FD0CCFE3A499BC7FFD43E186ECE6711,available,effects/ressources/SHAREA/source.bam
effects:bam:SHAREAB,SHAREAB,controller-member,1,effect:vvc:SHAREAB,3,projectile:SPARBKNP;projectile:SPARBKPA;projectile:SPKLARBK,BAM,V1,6,1,data/PATCH26.BIF,0x08600049,14414,8A78E6B03AE86BAC8A2E0B7F5B0847C3B92594C129AF1CE253A43C50E8A552AA,available,effects/ressources/SHAREAB/source.bam
effects:bam:SHAREAW,SHAREAW,controller-member,1,effect:vvc:SHAREAW,3,projectile:SPARICNP;projectile:SPARICPA;projectile:SPKLARIC,BAMC,V1,6,1,data/PATCH26.BIF,0x0860004B,12691,9973556BE1BFB16E9C25EAB62F2E9312B496CEDC27E17E27B754DF0425A370DA,available,effects/ressources/SHAREAW/source.bam
effects:bam:SHEARTH,SHEARTH,dedicated-effect-bif,0,,0,,BAMC,V1,18,1,data/SPELAnim.bif,0x0150002B,17217,495391342A51E054577D87382A6B021D82AEFAD68FB3F7592DB0C903BEC8CF0F,available,effects/ressources/SHEARTH/source.bam
effects:bam:SHWATER,SHWATER,dedicated-effect-bif,0,,0,,BAMC,V1,18,1,data/SPELAnim.bif,0x01500035,16404,0D2999695FD3077D5B64D1559C82E054BD23DE53B1C5BD62B3A5B7222886917D,available,effects/ressources/SHWATER/source.bam
effects:bam:SKLH,SKLH,dedicated-effect-bif,0,,0,,BAMC,V1,36,6,data/SPELAnim.bif,0x0150003D,2469,51B6D0D169FCB8912A09DCF26CB63A7C659E659023EB71765C396C40C2EF2CA0,available,effects/ressources/SKLH/source.bam
effects:bam:SNOWFAL1,SNOWFAL1,dedicated-effect-bif,0,,0,,BAMC,V1,18,5,data/MISCAnim.bif,0x013000E5,7367,F71448994496296AE9CD08147D3A2787B64C3E8781FE392383E8DCCDD205D2A7,available,effects/ressources/SNOWFAL1/source.bam
effects:bam:SNOWFAL2,SNOWFAL2,dedicated-effect-bif,0,,0,,BAMC,V1,21,5,data/MISCAnim.bif,0x013000E6,9445,B57038950AC2D82D977EF1BDB8CD59C9604FFB2B7F1841DDA2109E4CDA073243,available,effects/ressources/SNOWFAL2/source.bam
effects:bam:SP_DEMGT,SP_DEMGT,dedicated-effect-bif,0,,0,,BAMC,V1,42,2,data/25SpelAn.bif,0x0980001C,405058,51382DACD59F0AF394C1B3F33A2FB37199B4B96F904006EB4F9C7AD72FD017A6,available,effects/ressources/SP_DEMGT/source.bam
effects:bam:SPABJURA,SPABJURA,controller-member,1,effect:vvc:SPABJURA,0,,BAMC,V1,165,10,data/SPELAnim.bif,0x01500040,24175,B81DD139ECA299A2E6C3D1CEF13ACFAC6C6CC6DB63C4D6546AAF82C6E0B44629,available,effects/ressources/SPABJURA/source.bam
effects:bam:SPAGSCHO,SPAGSCHO,dedicated-effect-bif,0,,0,,BAMC,V1,30,5,data/SPELAnim.bif,0x01500041,8536,D4FDAC9CD5EDF72BFE596136C94CC4A4CE70B544C732AFB2484EF41EA661FB43,available,effects/ressources/SPAGSCHO/source.bam
effects:bam:SPALTERA,SPALTERA,controller-member,1,effect:vvc:SPALTERA,0,,BAMC,V1,61,2,data/SPELAnim.bif,0x01500042,25037,A965D102A53F33001A54CA665F2CD94FE0D209968CAB4D4EAF85659F2BEFF179,available,effects/ressources/SPALTERA/source.bam
effects:bam:SPANISUM,SPANISUM,controller-member,1,effect:vvc:SPANISUM,0,,BAMC,V1,49,1,data/SPELAnim.bif,0x01500043,132389,C604185BFC1839F8518542ECE1F7C1251760C3CC8FA822A17E511F93E3644DEA,available,effects/ressources/SPANISUM/source.bam
effects:bam:SPARMOR2,SPARMOR2,dedicated-effect-bif,0,,0,,BAMC,V1,30,1,data/SPELAnim.bif,0x01500044,34771,43502961C8E26B1688E8008B487C81FBF117D1891E7D480B9D389E0E32B5E2DF,available,effects/ressources/SPARMOR2/source.bam
effects:bam:SPARMORI,SPARMORI,controller-member,1,effect:vvc:ICARMOR,0,,BAMC,V1,16,1,data/SPELAnim.bif,0x01500045,46514,AF0DE50BA964410676722CD78E3C4C25BEBC61F1CC54517997AFBEFA2B8AA202,available,effects/ressources/SPARMORI/source.bam
effects:bam:SPARMOUR,SPARMOUR,controller-member,7,effect:vvc:MAGRES;effect:vvc:MAGRES2;effect:vvc:MAGRES3;effect:vvc:MAGRES4;effect:vvc:OHHSMOVE;effect:vvc:SPARM2;effect:vvc:SPARMOUR,0,,BAMC,V1,39,2,data/SPELAnim.bif,0x01500046,81178,97F3743F9AEFFE1024DC5C7568A4FE3D9447BD383E36DC1F35C3AF985D66EB53,available,effects/ressources/SPARMOUR/source.bam
effects:bam:SPATTCK1,SPATTCK1,controller-member,1,effect:vvc:SPATTCK1,0,,BAMC,V1,51,2,data/SPELAnim.bif,0x01500047,228424,D8990B3C6B47B04CEDF0603A03CD106EF46F9AB505771B7C0A2B109B12D18C88,available,effects/ressources/SPATTCK1/source.bam
effects:bam:SPATTCK2,SPATTCK2,controller-member,1,effect:vvc:SPATTCK2,1,projectile:SPATTCK2,BAMC,V1,21,1,data/SPELAnim.bif,0x01500048,4333,101BCD288B7B6B9C973529D37DCAED02F96BF44FBE2D2E2EDCE97083BBF1E083,available,effects/ressources/SPATTCK2/source.bam
effects:bam:SPAURAFB,SPAURAFB,controller-member,1,effect:vvc:SPAURAFB,0,,BAMC,V1,20,2,data/25SpelAn.bif,0x09800000,24690,4612C0647FD53E097DB7E74C234C3947DE862057279AB87B9F6043185ECFFDB2,available,effects/ressources/SPAURAFB/source.bam
effects:bam:SPAURAFD,SPAURAFD,controller-member,1,effect:vvc:SPAURAFD,0,,,,,,,,,,missing,effects/ressources/SPAURAFD/source.bam
effects:bam:SPAURAFF,SPAURAFF,controller-member,1,effect:vvc:SPAURAFF,0,,BAMC,V1,20,2,data/25SpelAn.bif,0x09800001,33254,46C33059A99CB99E048BF619AC30CA074B7FBBEF6C981F33EC88E44DDD1FDEB9,available,effects/ressources/SPAURAFF/source.bam
effects:bam:SPBASERD,SPBASERD,controller-member,1,effect:vvc:SPPOWRRD,0,,BAMC,V1,50,1,data/SPELAnim.bif,0x01500049,135555,D63B1E9C5DEB42B07C60EB7E467409E85D7EAA94325656901C454297069A8D40,available,effects/ressources/SPBASERD/source.bam
effects:bam:SPBASEWT,SPBASEWT,dedicated-effect-bif,0,,0,,BAMC,V1,49,1,data/SPELAnim.bif,0x0150004A,141515,F03797953119B0074E45172C4C9D4DC9802DC74ABD1E4C1AAB01C249C1484381,available,effects/ressources/SPBASEWT/source.bam
effects:bam:SPBDBUR,SPBDBUR,dedicated-effect-bif,0,,0,,BAMC,V1,15,1,data/SPELAnim.bif,0x0150004B,4893,B54BF8B22C9165AEFA5169B61BC9C81DE1D44929819A9D9AF71CE5EC3A5C9A4E,available,effects/ressources/SPBDBUR/source.bam
effects:bam:SPBDBURS,SPBDBURS,dedicated-effect-bif,0,,0,,BAMC,V1,73,9,data/SPELAnim.bif,0x0150004C,155893,D77A0D26B024C5C2E03DE12594B94DE88F174ECFF373BC2019ED28D4D557EEF9,available,effects/ressources/SPBDBURS/source.bam
effects:bam:SPBEHBLA,SPBEHBLA,controller-member,1,effect:vvc:SPBEHBLA,2,projectile:CDBEHBLA;projectile:SPBEHBLA,BAMC,V1,100,5,data/SPELAnim.bif,0x0150004E,145698,92FDA05A13B80E7E3E78F470E5FBEFB0978586D9A93825F8BDCBD758BDE5439B,available,effects/ressources/SPBEHBLA/source.bam
effects:bam:SPBEHRAY,SPBEHRAY,controller-member,1,effect:vvc:SPBEHRAY,0,,BAMC,V1,50,5,data/SPELAnim.bif,0x0150004F,38414,D2F37907ABBF5CE523510402DF9AA0CB9FE813F5DAF9FB90D64CA9DEA9ABB2DA,available,effects/ressources/SPBEHRAY/source.bam
effects:bam:SPBGBFST,SPBGBFST,controller-member,3,effect:vvc:SPBGBFS1;effect:vvc:SPBGBFS2;effect:vvc:SPBGBFST,0,,BAMC,V1,37,4,data/25SpelAn.bif,0x09800002,386274,D6E0FFFADFE1EF1561CC3EC5DDB0F1DBAE02EF1C1C485F3681C8C59C09BAE4EB,available,effects/ressources/SPBGBFST/source.bam
effects:bam:SPBLBBTM,SPBLBBTM,controller-member,1,effect:vvc:SPBLDBTM,0,,BAM,V1,24,3,data/SPELAnim.bif,0x01500051,52717,DE765CACDB92A13C4FC0EA1B89F5F5D25EAF256B86D3C974A9F99913D6A93841,available,effects/ressources/SPBLBBTM/source.bam
effects:bam:SPBLBTOP,SPBLBTOP,controller-member,1,effect:vvc:SPBLDTOP,0,,BAM,V1,24,3,data/SPELAnim.bif,0x01500052,47022,ADE74A5952F69EF2649193330F100800A72195CDBA0590068B9854067CE55DE1,available,effects/ressources/SPBLBTOP/source.bam
effects:bam:SPBLESHI,SPBLESHI,controller-member,2,effect:vvc:ICBLESAI;effect:vvc:ICGLYPTI,0,,BAMC,V1,17,1,data/SPELAnim.bif,0x01500053,18814,499B5A10771BDB8BB40634D54E3EFFD9788985B2CF7AC586E4777026E5DAFB47,available,effects/ressources/SPBLESHI/source.bam
effects:bam:SPBLOOD,SPBLOOD,dedicated-effect-bif,0,,0,,BAMC,V1,30,5,data/SPELAnim.bif,0x01500054,4739,0FF12A2C943534D0EFDBB66A60A4E880392BD8B9BCB3E0E27AA1508A4416C3FA,available,effects/ressources/SPBLOOD/source.bam
effects:bam:SPBOOM,SPBOOM,dedicated-effect-bif,0,,0,,BAMC,V1,12,1,data/SPELAnim.bif,0x01500055,11214,982B744717089A1B88FF33FD84711ED8CD0B47AC1DDFC8410BC5BE8808B0872A,available,effects/ressources/SPBOOM/source.bam
effects:bam:SPBRNHND,SPBRNHND,dedicated-effect-bif,0,,0,,BAMC,V1,30,5,data/SPELAnim.bif,0x01500056,19099,D841B2357874FF46621F3FDFDAC9C71A7597DE2D60734BF16F6A4A17FD7D62CB,available,effects/ressources/SPBRNHND/source.bam
effects:bam:SPBURN,SPBURN,dedicated-effect-bif,0,,0,,BAMC,V1,12,3,data/SPELAnim.bif,0x01500057,1551,3E0C3D3623ECD8961E6C8D0EB374828F190CFC75D3D1453EB7A895925060BD37,available,effects/ressources/SPBURN/source.bam
effects:bam:SPBURNS1,SPBURNS1,dedicated-effect-bif,0,,0,,BAMC,V1,24,3,data/SPELAnim.bif,0x01500058,17775,906AFF960F6DF32DDFB09F547EFCA4D8E8091911FEAE74EF24260EBFB9A55C82,available,effects/ressources/SPBURNS1/source.bam
effects:bam:SPCAGEMZ,SPCAGEMZ,controller-member,2,effect:vvc:SPMAZE1;effect:vvc:SPMAZE2,0,,BAMC,V1,84,2,data/SPELAnim.bif,0x01500059,383526,572B8CB4AE9F1F135FBEF5082C7D36E32D5B449FAD927359A66A22E4B44322F1,available,effects/ressources/SPCAGEMZ/source.bam
effects:bam:SPCALLLI,SPCALLLI,controller-member,2,effect:vvc:AMCALL;effect:vvc:CALLLIGH,0,,BAMC,V1,18,1,data/SPELAnim.bif,0x0150005A,19945,6890848DDAA3BA24B4E23D56727AB865A0EF3EE20FC86B25FA32608ADDD2EC3C,available,effects/ressources/SPCALLLI/source.bam
effects:bam:SPCAUSEW,SPCAUSEW,controller-member,1,effect:vvc:SPCAUSEW,0,,BAMC,V1,61,3,data/PATCH26.BIF,0x08600054,235326,C613F9C981DEB7844500093F7E71FDB84E1E02C5107BCC601E0AC609EF03E8A8,available,effects/ressources/SPCAUSEW/source.bam
effects:bam:SPCCMDSI,SPCCMDSI,controller-member,1,effect:vvc:ICCCMDSI,0,,BAMC,V1,20,1,data/SPELAnim.bif,0x0150005B,112302,28F597F1148939490A519EC040BA5571AC844A095E78308D5DCD6D1C4503F649,available,effects/ressources/SPCCMDSI/source.bam
effects:bam:SPCCOLDE,SPCCOLDE,dedicated-effect-bif,0,,0,,BAMC,V1,80,5,data/SPELAnim.bif,0x0150005C,74325,F019301117A9F077D4BFE92F0A12CB49BAD4419D31DC56747A9D5B33D7606648,available,effects/ressources/SPCCOLDE/source.bam
effects:bam:SPCCOLDL,SPCCOLDL,dedicated-effect-bif,0,,0,,BAMC,V1,60,5,data/SPELAnim.bif,0x0150005D,78748,EF55A7306D1F588C77F1DA099A1605B4B172D6D9CCD34A008680B8372AD9FA19,available,effects/ressources/SPCCOLDL/source.bam
effects:bam:SPCCWOUI,SPCCWOUI,dedicated-effect-bif,0,,0,,BAMC,V1,41,2,data/SPELAnim.bif,0x0150005E,170023,C578DD59F0CD4494DBA29F4CA2995D4939792E68A74D17C1AAA0DC075DD836B3,available,effects/ressources/SPCCWOUI/source.bam
effects:bam:SPCHLGT1,SPCHLGT1,controller-member,1,effect:vvc:SPCHLGT1,1,projectile:LIGHTCHA,BAMC,V1,70,9,data/SPELAnim.bif,0x0150005F,42532,78FF42E52B3D518655978E9219A96B187C8F2DA673B0C73F7ACEAFDF310BDF25,available,effects/ressources/SPCHLGT1/source.bam
effects:bam:SPCHLGT2,SPCHLGT2,controller-member,1,effect:vvc:SPCHLGT2,2,projectile:LIGHTCHA;projectile:NEWBOLT1,BAMC,V1,70,9,data/SPELAnim.bif,0x01500060,28780,92C5027DE75823523289788D4A6613D77378BDD51276EA8C23C91F4FCFF57C45,available,effects/ressources/SPCHLGT2/source.bam
effects:bam:SPCHLGT3,SPCHLGT3,controller-member,1,effect:vvc:SPCHLGT3,1,projectile:LIGHTCHA,BAMC,V1,66,9,data/SPELAnim.bif,0x01500061,28337,E4254C504523BC7CCE141CEF36A5BE114922615925D93C8B10515498B028992B,available,effects/ressources/SPCHLGT3/source.bam
effects:bam:SPCHMPSI,SPCHMPSI,controller-member,1,effect:vvc:ICCHMPSI,0,,BAMC,V1,20,1,data/SPELAnim.bif,0x01500062,31052,DE4755DF8C0243DDED12F88FCC347A71C95F712534BDE7FD29FA51803EAEF09C,available,effects/ressources/SPCHMPSI/source.bam
effects:bam:SPCHROMI,SPCHROMI,dedicated-effect-bif,0,,0,,BAMC,V1,72,9,data/SPELAnim.bif,0x01500063,74740,12059A6AF79D3AC94C7E3C2735774BE8C04F5DBFB4E7710DB5E37ABAD73FE2D9,available,effects/ressources/SPCHROMI/source.bam
effects:bam:SPCHUNKS,SPCHUNKS,dedicated-effect-bif,0,,0,,BAMC,V1,30,10,data/SPELAnim.bif,0x01500065,1215,B574FB59E1171F5C38A3E1327AA66ED968F4A9FF7CBDEE5EA0D8A68A45D95736,available,effects/ressources/SPCHUNKS/source.bam
effects:bam:SPCL239,SPCL239,controller-member,1,effect:vvc:SPCL239,0,,BAMC,V1,24,1,data/GUIIcon.bif,0x00401365,118755,E40C1D57CEE69E516B19FDD5323DB1EEFA50DA81AEF0921A46F85C525D4BCDBF,available,effects/ressources/SPCL239/source.bam
effects:bam:SPCL239X,SPCL239X,controller-member,1,effect:vvc:SPCL239X,1,projectile:SPCL239,BAMC,V1,19,4,data/Patch25.bif,0x01000049,125298,29DD2A3A279837E795AF2BB2B65261037C8D11E4EDA94D8EEAC4219476E77105,available,effects/ressources/SPCL239X/source.bam
effects:bam:SPCLKFRI,SPCLKFRI,controller-member,2,effect:vvc:ICCLKFR;effect:vvc:ICCLKFR2,0,,BAMC,V1,48,2,data/GUIIcon.bif,0x004013B9,165105,76E9FDE032B15F99B4980EE9446C068BB2DDDC4A9FA66A6D5CE6D723731D573F,available,effects/ressources/SPCLKFRI/source.bam
effects:bam:SPCLOUD1,SPCLOUD1,controller-member,1,effect:vvc:SPCLOUD1,0,,BAMC,V1,57,6,data/GUIIcon.bif,0x004013BA,140548,E0AEF198766511AA70AE17E5CD60119E29AFB3B4EAFCC3C31C00619DC3104824,available,effects/ressources/SPCLOUD1/source.bam
effects:bam:SPCLOUD2,SPCLOUD2,controller-member,1,effect:vvc:SPCLOUD2,0,,BAMC,V1,11,1,data/GUIIcon.bif,0x004013BB,47407,CD65189AAD090EC3AE69F5537522725BF663244AD42161261190B6FC71C58989,available,effects/ressources/SPCLOUD2/source.bam
effects:bam:SPCLOUD3,SPCLOUD3,controller-member,1,effect:vvc:SPCLOUD3,1,projectile:BDETHRET,BAMC,V1,11,1,data/GUIIcon.bif,0x004013BC,12542,869C0EBEC02473E2BE84ED4412C3957ABC4BEE967B7B8B0ECAD91F613694C7C6,available,effects/ressources/SPCLOUD3/source.bam
effects:bam:SPCMWOUI,SPCMWOUI,controller-member,2,effect:vvc:ICRMPAR2;effect:vvc:ICRMPARI,0,,BAMC,V1,61,3,data/SPELAnim.bif,0x01500066,253916,0AB996C7EAAA82B093A233FBA9A0D87263A72FD87F92C2A0D78A6FA879BE1067,available,effects/ressources/SPCMWOUI/source.bam
effects:bam:SPCOMEND,SPCOMEND,controller-member,1,effect:vvc:SPCOMEND,0,,BAMC,V1,72,9,data/SPELAnim.bif,0x01500067,54569,F5F0647E272C37A53A1F7ADC2735039D014F4724BDD4A275618D35BADF15D0BC,available,effects/ressources/SPCOMEND/source.bam
effects:bam:SPCOMEXP,SPCOMEXP,controller-member,3,effect:vvc:SPBEHPOO;effect:vvc:SPCOMEX1;effect:vvc:SPCOMEX2,1,projectile:COMET,BAMC,V1,15,2,data/25SpelAn.bif,0x09800003,235576,4FD66CB40FF5AE2056078AF310B53E2FAD1852F3C400F34FFD5018D5B89BAC1D,available,effects/ressources/SPCOMEXP/source.bam
effects:bam:SPCOMSTT,SPCOMSTT,controller-member,1,effect:vvc:SPCOMSTT,0,,BAMC,V1,145,9,data/SPELAnim.bif,0x01500069,56762,748414D0BA4778E78F74E93A289E67B2BFEFB7FB0F1C46EFC7EF4BD6EAAAE3FB,available,effects/ressources/SPCOMSTT/source.bam
effects:bam:SPCOMTRV,SPCOMTRV,controller-member,1,effect:vvc:SPCOMTRV,1,projectile:COMET,BAMC,V1,7,1,data/25SpelAn.bif,0x09800004,32914,75AD2661C6C1A7F7C23393053159DD3579CE5BA5B81C360D8C54750F8AD57762,available,effects/ressources/SPCOMTRV/source.bam
effects:bam:SPCONFUS,SPCONFUS,controller-member,1,effect:vvc:SPCONFUS,0,,BAMC,V1,60,1,data/SPELAnim.bif,0x0150006A,22522,0B0E72D00301AAFF636048596624604784AFAE37838104C9BFB66763D928D9BC,available,effects/ressources/SPCONFUS/source.bam
effects:bam:SPCONTIN,SPCONTIN,controller-member,1,effect:vvc:SPCONTIN,0,,BAMC,V1,66,1,data/SPELAnim.bif,0x0150006B,26343,564B475CAEAFC029C224654830489C35A1AE4CAF96EBF93C19D5A2E796398DC7,available,effects/ressources/SPCONTIN/source.bam
effects:bam:SPCRTWPN,SPCRTWPN,controller-member,1,effect:vvc:SPCRTWPN,0,,BAMC,V1,88,1,data/SPELAnim.bif,0x0150006C,72308,874B3FC4DEF749C839568FCD3CEFE200B9F0F81D8E3B720CA609AE9394059EB7,available,effects/ressources/SPCRTWPN/source.bam
effects:bam:SPCSPRA2,SPCSPRA2,dedicated-effect-bif,0,,0,,BAMC,V1,24,1,data/SPELAnim.bif,0x0150006D,19766,20659C8BFF45F84F8D85FFC8B88EAB259722B27E58B2629CAB331916FF5A58B6,available,effects/ressources/SPCSPRA2/source.bam
effects:bam:SPCSPRA3,SPCSPRA3,dedicated-effect-bif,0,,0,,BAMC,V1,25,1,data/SPELAnim.bif,0x0150006E,28036,D2CEF78EA0BE98584613F8628CC220D121166AB4EB848D8C2E16995A48645E70,available,effects/ressources/SPCSPRA3/source.bam
effects:bam:SPCSPRAI,SPCSPRAI,dedicated-effect-bif,0,,0,,BAMC,V1,24,1,data/SPELAnim.bif,0x0150006F,5905,00B136EFF5385E3299696D28202FF1C9113C6DCDF6D00D26A47763322CCE25CB,available,effects/ressources/SPCSPRAI/source.bam
effects:bam:SPCSWOUI,SPCSWOUI,controller-member,1,effect:vvc:ICCSWOUI,0,,BAMC,V1,41,2,data/SPELAnim.bif,0x01500070,153511,62DC376609183868C7C972E5BC0BBF6B6E8FE386445BB971DE9A6BC3B7EB751A,available,effects/ressources/SPCSWOUI/source.bam
effects:bam:SPDEATH3,SPDEATH3,dedicated-effect-bif,0,,0,,BAMC,V1,30,1,data/SPELAnim.bif,0x01500071,37456,5060274A3A4F26EE5BE40568EC74D32E52EF14C366A2CD9D90163218D083E3E7,available,effects/ressources/SPDEATH3/source.bam
effects:bam:SPDHRMNY,SPDHRMNY,controller-member,1,effect:vvc:SPDHRMNY,0,,BAMC,V1,12,1,data/PATCH26.BIF,0x0860005C,36482,B498779527F672700E4E65C8FDC91CF1F5600BBE43665E79BFE5D5BA2C2E3185,available,effects/ressources/SPDHRMNY/source.bam
effects:bam:SPDIMDR1,SPDIMDR1,dedicated-effect-bif,0,,0,,BAMC,V1,6,1,data/SPELAnim.bif,0x01500072,14558,D4E6CBB43145EE6E747670590A5286F1DB9A47D06D45B303136B0F1552CF1E46,available,effects/ressources/SPDIMDR1/source.bam
effects:bam:SPDIMDR2,SPDIMDR2,dedicated-effect-bif,0,,0,,BAMC,V1,6,1,data/SPELAnim.bif,0x01500073,8836,DCC03C5F49D1383B7F7CA85BA9B1959829537A385AED8A633350CE3A8A54AFEB,available,effects/ressources/SPDIMDR2/source.bam
effects:bam:SPDIMNDR,SPDIMNDR,controller-member,1,effect:vvc:SPDIMNDR,0,,BAMC,V1,164,5,data/SPELAnim.bif,0x01500074,551225,04828957F44CA3D83581E570377A740E822411E2B0CBC84998F1E466EA0BE469,available,effects/ressources/SPDIMNDR/source.bam
effects:bam:SPDISPMA,SPDISPMA,controller-member,2,effect:vvc:SPDISPM2;effect:vvc:SPDISPMA,0,,BAMC,V1,41,1,data/SPELAnim.bif,0x01500075,38154,88838843969C1B27AF899B1537F973E8AF5AE38E47030E4C79DD3FD337CAB054,available,effects/ressources/SPDISPMA/source.bam
effects:bam:SPDIVINA,SPDIVINA,controller-member,1,effect:vvc:SPDIVINA,0,,BAMC,V1,300,10,data/SPELAnim.bif,0x01500076,47199,4CAF336F6467D0896B8A9E67FB473AFF07CC73BE5725CA3A05B35408F66DCD97,available,effects/ressources/SPDIVINA/source.bam
effects:bam:SPDRGNBR,SPDRGNBR,controller-member,1,effect:vvc:SPDRGNBR,0,,BAMC,V1,36,1,data/25SpelAn.bif,0x09800005,163939,75870DED1B6B2E488A902AA204F88915FBA62679E9FA3E18369F7D58C78DDBDA,available,effects/ressources/SPDRGNBR/source.bam
effects:bam:SPDUSTY2,SPDUSTY2,controller-member,1,effect:vvc:SPDUSTY2,0,,BAMC,V1,31,1,data/SPELAnim.bif,0x01500077,46204,8D031989BC3A48773C670A713DBC7A3B995CFF2ACAF58C392E4E5C5AFEAA6E52,available,effects/ressources/SPDUSTY2/source.bam
effects:bam:SPELLTIN,SPELLTIN,dedicated-effect-bif,0,,0,,BAMC,V1,1,1,data/SPELAnim.bif,0x01500078,655,11CF9B1FFEBB4200DD0165893B2750CE0C2CD5B10BBD7E4D95A3EB3D88F32223,available,effects/ressources/SPELLTIN/source.bam
effects:bam:SPENTAAI,SPENTAAI,controller-member,1,effect:vvc:SPENTANG,0,,BAMC,V1,36,3,data/SPELAnim.bif,0x01500079,10893,D65CB7E06A06B15F06985EE794ECA9775FB6BDEF120DBEDCFB687EC11B29AA6F,available,effects/ressources/SPENTAAI/source.bam
effects:bam:SPENTACI,SPENTACI,dedicated-effect-bif,0,,0,,BAMC,V1,32,3,data/SPELAnim.bif,0x0150007A,33544,B9D5F48BA291B7FF2A29E4E68DCFF41D866A79295385771BE96BB2D33F214437,available,effects/ressources/SPENTACI/source.bam
effects:bam:SPENTAXI,SPENTAXI,dedicated-effect-bif,0,,0,,BAMC,V1,24,1,data/SPELAnim.bif,0x0150007B,79538,618BD5B5A3550B25B5E4D9DCE2D65135E87AAADBFCB3A9BB820E017CECF16AE2,available,effects/ressources/SPENTAXI/source.bam
effects:bam:SPENTAXL,SPENTAXL,controller-member,1,effect:vvc:ENTTEST1,0,,,,,,,,,,missing,effects/ressources/SPENTAXL/source.bam
effects:bam:SPFBSMAL,SPFBSMAL,dedicated-effect-bif,0,,0,,BAMC,V1,30,5,data/SPELAnim.bif,0x0150007C,3912,81DBBFD664FC865B8C8336820DAE2FBD775166B0223E0C83A4776CC679976C58,available,effects/ressources/SPFBSMAL/source.bam
effects:bam:SPFDEATH,SPFDEATH,controller-member,2,effect:vvc:SPDEATH3;effect:vvc:SPFINGER,0,,BAMC,V1,30,1,data/SPELAnim.bif,0x0150007D,55117,C33B08C0A034B62F206D825A6B290E3BED6134CCF83975A290CFDFCE3FEDF0F3,available,effects/ressources/SPFDEATH/source.bam
effects:bam:SPFDETH3,SPFDETH3,dedicated-effect-bif,0,,0,,BAMC,V1,30,1,data/SPELAnim.bif,0x0150007E,55117,C33B08C0A034B62F206D825A6B290E3BED6134CCF83975A290CFDFCE3FEDF0F3,available,effects/ressources/SPFDETH3/source.bam
effects:bam:SPFEAREF,SPFEAREF,controller-member,2,effect:vvc:SPFEARE2;effect:vvc:SPFEAREF,0,,BAMC,V1,45,1,data/SPELAnim.bif,0x0150007F,107532,7C64E678D5A5C445D88D4BA90C5227AFF8704CFF3C03D4B5C2A3B59E1EA866E6,available,effects/ressources/SPFEAREF/source.bam
effects:bam:SPFINODI,SPFINODI,dedicated-effect-bif,0,,0,,BAMC,V1,28,1,data/SPELAnim.bif,0x01500080,36946,1D743D698047A5345D94A3F14E09915B7D9200A087D39DCA737890354C157EFB,available,effects/ressources/SPFINODI/source.bam
effects:bam:SPFIRE,SPFIRE,dedicated-effect-bif,0,,0,,BAMC,V1,6,1,data/SPELAnim.bif,0x01500081,1300,61A3D4D437FCEF7C49543B8295E2790A045B51662CB91F74164651409B32B046,available,effects/ressources/SPFIRE/source.bam
effects:bam:SPFIREPI,SPFIREPI,controller-member,1,effect:vvc:SPFIREPI,15,projectile:ARROWEX;projectile:AXEEX;projectile:BOLTEX;projectile:BULLETEX;projectile:DAGGEREX;projectile:DARTEX;projectile:DBFIREBL;projectile:DFIREBL;projectile:FBFLAMES;projectile:FIREBALL;projectile:FIREBLNS;projectile:FIRESTOR;projectile:PFIRE2;projectile:SAFEFIRE;projectile:SPEAREX,BAMC,V1,22,1,data/SPELAnim.bif,0x01500083,54546,431FEC7A109F46A5C43BA68D39D693B341D794095CF85292A1E36E5567BD541A,available,effects/ressources/SPFIREPI/source.bam
effects:bam:SPFIRESB,SPFIRESB,controller-member,2,effect:vvc:SPFIRESA;effect:vvc:SPFIRESB,0,,BAMC,V1,76,4,data/SPELAnim.bif,0x01500084,226927,48711EA162EF7051F53DE2052842743B4492B5A73575D1C2F02E6E1D7F983C0B,available,effects/ressources/SPFIRESB/source.bam
effects:bam:SPFIRESG,SPFIRESG,controller-member,2,effect:vvc:SPFIRESG;effect:vvc:SPFIRESH,0,,BAMC,V1,76,4,data/PATCH26.BIF,0x0860005F,226946,10BF0A7F7BC9C349F5C4C0D18E751126F67EADC5DD987287B902F032BC6E8360,available,effects/ressources/SPFIRESG/source.bam
effects:bam:SPFIRESR,SPFIRESR,controller-member,2,effect:vvc:SPFIRESR;effect:vvc:SPFIREST,0,,BAMC,V1,76,4,data/SPELAnim.bif,0x01500085,226998,083240774C0B6AB3863DA255FB2335C168FFAE4B380EDBC9F2746DA752599E92,available,effects/ressources/SPFIRESR/source.bam
effects:bam:SPFIRET,SPFIRET,dedicated-effect-bif,0,,0,,BAMC,V1,13,1,data/SPELAnim.bif,0x01500086,9818,7C3CC28B4A9B1F508B812746752344771C847E21C52F1EA15254751C653AF474,available,effects/ressources/SPFIRET/source.bam
effects:bam:SPFIRETR,SPFIRETR,controller-member,1,effect:vvc:ANFIRE,0,,BAMC,V1,50,5,data/SPELAnim.bif,0x01500087,17816,9DDDE9BB026364DA377C822E70CAA3FD383580B99EEB3DC76556605226B4C715,available,effects/ressources/SPFIRETR/source.bam
effects:bam:SPFIRIMP,SPFIRIMP,dedicated-effect-bif,0,,0,,BAMC,V1,16,1,data/SPELAnim.bif,0x01500088,33191,AD37CF20A2180863F1BB91081DDEFEE77465E3FFFA67FEBE77F17533334C858C,available,effects/ressources/SPFIRIMP/source.bam
effects:bam:SPFIRSDI,SPFIRSDI,controller-member,3,effect:vvc:FIRENC01;effect:vvc:ICFIRSDI;effect:vvc:SPFIRSD2,0,,BAMC,V1,22,1,data/SPELAnim.bif,0x01500089,77661,549D32412A1E7D225BA72BD1674CD2095CADD7341CD6AC2EAC522C6B5EDBBB89,available,effects/ressources/SPFIRSDI/source.bam
effects:bam:SPFLADOW,SPFLADOW,dedicated-effect-bif,0,,0,,BAMC,V1,11,1,data/SPELAnim.bif,0x0150008C,38585,10A2F5B44BF0B92116371A7667088B4307F282876735C7106B66F6D33D0F7417,available,effects/ressources/SPFLADOW/source.bam
effects:bam:SPFLAMES,SPFLAMES,controller-member,1,effect:vvc:SPFLAMES,17,projectile:ARROWEX;projectile:AXEEX;projectile:BOLTEX;projectile:BULLETEX;projectile:DAGGEREX;projectile:DARTEX;projectile:DBFIREBL;projectile:DFIREBL;projectile:FBFLAMES;projectile:FIREBALL;projectile:FIREBLNS;projectile:FIRESTOR;projectile:PFIRE2;projectile:SAFEFIRE;projectile:SPDRBRTH;projectile:SPEAREX;projectile:TRAPBOOM,BAMC,V1,72,18,data/SPELAnim.bif,0x0150008D,181974,2FF55CA07E96CBDA7025A8725C7CE13B8E23A94DAE7B7E13D8922C9FB7EE93E7,available,effects/ressources/SPFLAMES/source.bam
effects:bam:SPFLAST1,SPFLAST1,controller-member,1,effect:vvc:SPFDAWN,0,,BAMC,V1,9,1,data/SPELAnim.bif,0x0150008E,29681,F88A570AA6BC64C6B7D5005C749B6C8E55C0574368166E0CB87ABC4F84C025C0,available,effects/ressources/SPFLAST1/source.bam
effects:bam:SPFLAST2,SPFLAST2,controller-member,2,effect:vvc:SPFLASNC;effect:vvc:SPFLAST2,0,,BAMC,V1,16,2,data/SPELAnim.bif,0x0150008F,71092,FD7E96E7FADC81D01C8DF5FABE5424CE1FCE04874CEDE3553D7FBBCBFD04BF79,available,effects/ressources/SPFLAST2/source.bam
effects:bam:SPFLESHS,SPFLESHS,controller-member,3,effect:vvc:SPFLESH2;effect:vvc:SPFLESHS;effect:vvc:SPWM104,0,,BAMC,V1,31,1,data/SPELAnim.bif,0x01500090,67392,30A1800EAA9C32E4AC84A224F02F7BACEAC3076328D0E344B94D83F65EB75E34,available,effects/ressources/SPFLESHS/source.bam
effects:bam:SPFLMBLD,SPFLMBLD,controller-member,2,effect:vvc:SPFLBLAD;effect:vvc:SPFLMBLD,0,,BAMC,V1,45,1,data/SPELAnim.bif,0x01500092,51635,EFD5AB18CB481C08B60389311273DC5ACD961FEA5D6FC4E7707D7E03B2240939,available,effects/ressources/SPFLMBLD/source.bam
effects:bam:SPFLMSTI,SPFLMSTI,dedicated-effect-bif,0,,0,,BAMC,V1,34,1,data/SPELAnim.bif,0x01500093,463953,13EAD5E2F0FC77E619451B5F656945BEF215EA4B6BCF50A492A3795195F75428,available,effects/ressources/SPFLMSTI/source.bam
effects:bam:SPFLSRIN,SPFLSRIN,controller-member,1,effect:vvc:SPFLSRIN,0,,BAMC,V1,30,1,data/SPELAnim.bif,0x01500094,62731,D5AA08BE58BDF127F447B2607F8D9D3DFA99666728E4ECF68B1F3B54F60CA0B2,available,effects/ressources/SPFLSRIN/source.bam
effects:bam:SPFLSTRI,SPFLSTRI,dedicated-effect-bif,0,,0,,BAMC,V1,11,1,data/SPELAnim.bif,0x01500095,41525,A56BC292EFEB7873381A0A753249A8F81AC7EB9EBB1EE52DD2C61B3B75BF5790,available,effects/ressources/SPFLSTRI/source.bam
effects:bam:SPFRACTI,SPFRACTI,controller-member,1,effect:vvc:ICFRACTI,0,,BAMC,V1,37,1,data/SPELAnim.bif,0x01500096,103287,09707C89385A9C36BF1BC86CB879C3DC392DE902798246DC3C482BDEA940FD9C,available,effects/ressources/SPFRACTI/source.bam
effects:bam:SPFSTRMI,SPFSTRMI,dedicated-effect-bif,0,,0,,BAMC,V1,50,1,data/SPELAnim.bif,0x01500097,331798,CFBA3C885EA9930AF05653CB4E7DD80C433DB2829AD51D6459F39A2EE1A24B12,available,effects/ressources/SPFSTRMI/source.bam
effects:bam:SPGENHLA,SPGENHLA,dedicated-effect-bif,0,,0,,BAMC,V1,11,1,data/SPELAnim.bif,0x01500098,162787,B6FC563CE5A1BAE095F13E4D6B116A3DDAC27DA5EFC93A7339159130A60F0FD6,available,effects/ressources/SPGENHLA/source.bam
effects:bam:SPGENHLB,SPGENHLB,dedicated-effect-bif,0,,0,,BAMC,V1,15,4,data/SPELAnim.bif,0x01500099,152402,C15EF8E2E167889A3E2204B4D9DFED3B996E1FFBE9A0FAF75BB1F6C109A4605A,available,effects/ressources/SPGENHLB/source.bam
effects:bam:SPGFLSH1,SPGFLSH1,controller-member,1,effect:vvc:SPGFLSH1,0,,BAMC,V1,12,1,data/SPELAnim.bif,0x0150009A,37107,F2254AF89E8E294674D25F6F8D1B51ABEE20060B2161C347CC623B3B0242BF47,available,effects/ressources/SPGFLSH1/source.bam
effects:bam:SPGLBBLD,SPGLBBLD,controller-member,1,effect:vvc:SPGLBBLD,0,,BAMC,V1,24,3,data/25SpelAn.bif,0x09800007,64006,3B4516A253723DE448602DA89C31BB1A281ADF4D0CE8636E6352154D27E7A9CD,available,effects/ressources/SPGLBBLD/source.bam
effects:bam:SPGREAAI,SPGREAAI,dedicated-effect-bif,0,,0,,BAMC,V1,16,1,data/SPELAnim.bif,0x0150009D,14005,A865632839EF2BD46F2A08C74149330432E2C29B7A70C79EC2E3DC37A2670CC9,available,effects/ressources/SPGREAAI/source.bam
effects:bam:SPGREACI,SPGREACI,dedicated-effect-bif,0,,0,,BAMC,V1,16,1,data/SPELAnim.bif,0x0150009E,20104,8504402E04BD9EA4B341FC2BC226723B8F3C4E98C02F27ADE9151E28428FEFC5,available,effects/ressources/SPGREACI/source.bam
effects:bam:SPGREAXI,SPGREAXI,dedicated-effect-bif,0,,0,,BAMC,V1,20,1,data/SPELAnim.bif,0x0150009F,51282,D9E835172E8AEF475E07F5DE08CFDBA5D8DA8702F850D6B06CEBB71BB5622191,available,effects/ressources/SPGREAXI/source.bam
effects:bam:SPGREORB,SPGREORB,controller-member,1,effect:vvc:SPGREORB,1,projectile:SPGREORB,BAMC,V1,16,1,data/SPELAnim.bif,0x015000A0,18453,025377C0C20B744D092354E341395A85EABBCD9F55415EB8C06418416BE73C55,available,effects/ressources/SPGREORB/source.bam
effects:bam:SPGRWHRL,SPGRWHRL,controller-member,1,effect:vvc:SPGRWHRL,1,projectile:WILDZONE,BAMC,V1,24,1,data/25SpelAn.bif,0x09800008,121367,BDD7EE7FECAB7DBEC09648EE8F4C1B2F3AE08912114F99C2ADCC69D9A542EF09,available,effects/ressources/SPGRWHRL/source.bam
effects:bam:SPGSUNSR,SPGSUNSR,controller-member,2,effect:vvc:SPGSUNSR;effect:vvc:SPGSUNST,0,,BAMC,V1,76,4,data/PATCH26.BIF,0x08600064,226996,F5CE8A94DBEB14B72C3D5856F6190B06A883911F53664332EC17BCB6A0403279,available,effects/ressources/SPGSUNSR/source.bam
effects:bam:SPHANDAT,SPHANDAT,controller-member,2,effect:vvc:SPHANDA2;effect:vvc:SPHANDAT,0,,BAMC,V1,42,1,data/SPELAnim.bif,0x015000A1,19575,A1FA909B5B29CB08660EDA7250B761593382787F3CEAC2BBE971DFD343FE4626,available,effects/ressources/SPHANDAT/source.bam
effects:bam:SPHEALIN,SPHEALIN,controller-member,2,effect:vvc:SPHEALIN;effect:vvc:SPRMCURS,0,,BAMC,V1,41,1,data/SPELAnim.bif,0x015000A2,68790,F8DB83FD8669C18F5B6718224F9AE187D1B61E3ADB81ADFFE1DE1A2EA918341D,available,effects/ressources/SPHEALIN/source.bam
effects:bam:SPHEART,SPHEART,controller-member,1,effect:vvc:SPHEART,0,,BAMC,V1,15,1,data/25SpelAn.bif,0x09800009,12897,81C0B52D94F436E4FA74B038A2A3CEE7DBAE9A74C47FADD62791905234B4470A,available,effects/ressources/SPHEART/source.bam
effects:bam:SPHLEFT,SPHLEFT,controller-member,1,effect:vvc:SPH1HI01,0,,BAMC,V1,20,1,data/SPELAnim.bif,0x015000A3,22646,0E7B1247C424F0DFD064A256DADE928AD112720A412C26B5EF94F10CA6C5D2D6,available,effects/ressources/SPHLEFT/source.bam
effects:bam:SPHLHI01,SPHLHI01,dedicated-effect-bif,0,,0,,BAMC,V1,20,1,data/SPELAnim.bif,0x015000A4,22646,0E7B1247C424F0DFD064A256DADE928AD112720A412C26B5EF94F10CA6C5D2D6,available,effects/ressources/SPHLHI01/source.bam
effects:bam:SPHLHI02,SPHLHI02,dedicated-effect-bif,0,,0,,BAMC,V1,20,1,data/SPELAnim.bif,0x015000A5,23178,F90094602018075439A66AC892EE0F87FA91BC8C07D18E76AD24E50FDDFF8125,available,effects/ressources/SPHLHI02/source.bam
effects:bam:SPHLYBLS,SPHLYBLS,controller-member,1,effect:vvc:SPHLYBLS,0,,BAMC,V1,88,1,data/SPELAnim.bif,0x015000A6,150250,FFC802E466998F9553A8D4E87C7B1422E746356A399FF3597D8667A414799CED,available,effects/ressources/SPHLYBLS/source.bam
effects:bam:SPHLYSM2,SPHLYSM2,dedicated-effect-bif,0,,0,,BAMC,V1,46,3,data/SPELAnim.bif,0x015000A7,78397,5555E7BF94C938119A2EB19F770B410AE275639CF357F22A5DF2E2FDDBC09B7F,available,effects/ressources/SPHLYSM2/source.bam
effects:bam:SPHLYSM3,SPHLYSM3,dedicated-effect-bif,0,,0,,BAMC,V1,45,3,data/SPELAnim.bif,0x015000A8,99009,1928490D39C701AD7543DA3144136F3B600A6D2F5CE766773DF849352284DFD9,available,effects/ressources/SPHLYSM3/source.bam
effects:bam:SPHLYSMT,SPHLYSMT,dedicated-effect-bif,0,,0,,BAMC,V1,45,3,data/SPELAnim.bif,0x015000A9,46346,2743E55FCDE69EA26D0F2A017C61C54D03F16FA345A8E6361C32864DE9D252FB,available,effects/ressources/SPHLYSMT/source.bam
effects:bam:SPHOLLYW,SPHOLLYW,controller-member,1,effect:vvc:SPHOLY,1,projectile:HOLYAREA,BAMC,V1,100,1,data/SPELAnim.bif,0x015000AA,62121,CF08B658AFE841A3DAA1F5DA251AD8E1BF521D7F73E2D869AF48C520E32E93CD,available,effects/ressources/SPHOLLYW/source.bam
effects:bam:SPHOLMIG,SPHOLMIG,dedicated-effect-bif,0,,0,,BAMC,V1,12,1,data/SPELAnim.bif,0x015000AB,93594,C3DC0C725B09E3DF36C5C3011F71FE2F5A5F8A245C0742681EAB38CC0E4F42EF,available,effects/ressources/SPHOLMIG/source.bam
effects:bam:SPHOLYMT,SPHOLYMT,controller-member,1,effect:vvc:SPHOLYMT,0,,BAMC,V1,10,1,data/SPELAnim.bif,0x015000AC,61551,72C64DE63108E41EA98E7F5CBAEF8E5777AA4D54A3799A8E4A9289D301AC2DE7,available,effects/ressources/SPHOLYMT/source.bam
effects:bam:SPHOLYWD,SPHOLYWD,dedicated-effect-bif,0,,0,,BAMC,V1,27,2,data/SPELAnim.bif,0x015000AD,95519,9468359AC403964AE07676DDF1DC62BB6111C36B1B8367134E4FFD6ED2E0A4C0,available,effects/ressources/SPHOLYWD/source.bam
effects:bam:SPHORPUF,SPHORPUF,dedicated-effect-bif,0,,0,,BAMC,V1,109,2,data/SPELAnim.bif,0x015000AE,405104,91614BB9B3E754D1D3D8F721D1CCF3562E51D5E0E7EC68E3066F1848E6BD38A6,available,effects/ressources/SPHORPUF/source.bam
effects:bam:SPHRIGHT,SPHRIGHT,controller-member,1,effect:vvc:SPHLHI02,0,,BAMC,V1,20,1,data/SPELAnim.bif,0x015000B0,23178,F90094602018075439A66AC892EE0F87FA91BC8C07D18E76AD24E50FDDFF8125,available,effects/ressources/SPHRIGHT/source.bam
effects:bam:SPICEIMP,SPICEIMP,dedicated-effect-bif,0,,0,,BAMC,V1,16,1,data/SPELAnim.bif,0x015000B1,38975,F3658B79AFBFF8481DD9C8483BAB27A304E1663C48ADB8D3B5CE1BA8BBC1A5F6,available,effects/ressources/SPICEIMP/source.bam
effects:bam:SPICESTM,SPICESTM,dedicated-effect-bif,0,,0,,BAMC,V1,45,3,data/SPELAnim.bif,0x015000B2,133882,D1C57412D7A90C51D33E230258CD7C3039CFBDAFF2B13E98977BA033A97CC06F,available,effects/ressources/SPICESTM/source.bam
effects:bam:SPILLUS,SPILLUS,controller-member,1,effect:vvc:SPILLUS,0,,BAMC,V1,450,10,data/SPELAnim.bif,0x015000B3,118697,6B7F869B9A4F805BD8D35C546208A68EB7CAE8A53DB93637C0940F07388C4B7B,available,effects/ressources/SPILLUS/source.bam
effects:bam:SPILUSIO,SPILUSIO,dedicated-effect-bif,0,,0,,BAMC,V1,450,10,data/SPELAnim.bif,0x015000B4,118697,6B7F869B9A4F805BD8D35C546208A68EB7CAE8A53DB93637C0940F07388C4B7B,available,effects/ressources/SPILUSIO/source.bam
effects:bam:SPIMPFR,SPIMPFR,controller-member,1,effect:vvc:SPIMPFR,0,,BAMC,V1,59,1,data/25SpelAn.bif,0x0980000A,119487,AFAF2A45C7C74319C0663E32F7481E7612680D25745E0D2205CDEF9C42AFE0AB,available,effects/ressources/SPIMPFR/source.bam
effects:bam:SPIMPPT,SPIMPPT,dedicated-effect-bif,0,,0,,BAMC,V1,30,1,data/25SpelAn.bif,0x0980000B,31033,060565F70D10D04F710E479978CE3DC1DC5DBF29B0B2787C0F87CF03441D8C0C,available,effects/ressources/SPIMPPT/source.bam
effects:bam:SPIPLAAI,SPIPLAAI,controller-member,2,effect:vvc:ICINHIT;effect:vvc:SPCL236,0,,BAMC,V1,16,1,data/SPELAnim.bif,0x015000B5,34825,5CE9CF15E26185FE27274E263778B4E7677176C9C48C980C6A3563FCA70F857B,available,effects/ressources/SPIPLAAI/source.bam
effects:bam:SPIPLARI,SPIPLARI,controller-member,1,effect:vvc:ICINTRAV,3,projectile:INSEC1;projectile:INSEC2;projectile:INSEC3,BAMC,V1,16,1,data/SPELAnim.bif,0x015000B6,34825,5CE9CF15E26185FE27274E263778B4E7677176C9C48C980C6A3563FCA70F857B,available,effects/ressources/SPIPLARI/source.bam
effects:bam:SPLASH,SPLASH,dedicated-effect-bif,0,,0,,BAMC,V1,12,1,data/MISCAnim.bif,0x013000E9,9728,7513620A0E7A2C59C7500009C2537E28CECC580277DAFF76FD96FD5F28F0152B,available,effects/ressources/SPLASH/source.bam
effects:bam:SPMAGGLO,SPMAGGLO,controller-member,2,effect:vvc:DEATHWRD;effect:vvc:SPMAGGLO,0,,BAMC,V1,30,1,data/SPELAnim.bif,0x015000B9,114100,11D3B5E3C752D5CF693CE3F66171A4C2C96B357B02C78D1B406C239DD195AC70,available,effects/ressources/SPMAGGLO/source.bam
effects:bam:SPMELBD1,SPMELBD1,controller-member,1,effect:vvc:SPMELBD1,0,,BAMC,V1,50,1,data/25SpelAn.bif,0x0980000C,72252,04CB4CD457230FCC9CA1C9DCFC14EAF21C57CE18FA05D40E86430369F9386A36,available,effects/ressources/SPMELBD1/source.bam
effects:bam:SPMELBD2,SPMELBD2,controller-member,1,effect:vvc:SPMELBD2,0,,BAMC,V1,50,1,data/25SpelAn.bif,0x0980000D,274603,E4CB063DD710983165B2F12C2CFC87E841AD420AFAB9985951D432BDDEBFA2B3,available,effects/ressources/SPMELBD2/source.bam
effects:bam:SPMETSWA,SPMETSWA,controller-member,4,effect:vvc:FIRE2B;effect:vvc:SPMETSW2;effect:vvc:SPMETSW3;effect:vvc:SPMETSWA,0,,BAMC,V1,75,5,data/SPELAnim.bif,0x015000BB,28580,ACFA96659172B59A4C1F496877FFE3C14FEEB4AF7D9C75CA96FD78CACC1FBB1C,available,effects/ressources/SPMETSWA/source.bam
effects:bam:SPMETSWM,SPMETSWM,dedicated-effect-bif,0,,0,,BAMC,V1,45,3,data/SPELAnim.bif,0x015000BC,187266,F24C4CD7C6450D27B67DF1B25F80CAC243859DF948CACCAC035D07DAF355E4F1,available,effects/ressources/SPMETSWM/source.bam
effects:bam:SPMETSWN,SPMETSWN,dedicated-effect-bif,0,,0,,BAMC,V1,45,3,data/SPELAnim.bif,0x015000BD,62493,9763053C851ADAADDD789C3810028D91557F4DFDEF88991AF4DA757554F5C86E,available,effects/ressources/SPMETSWN/source.bam
effects:bam:SPMINDAT,SPMINDAT,controller-member,4,effect:vvc:CDHORROR;effect:vvc:SPELEMND;effect:vvc:SPFLAYER;effect:vvc:SPMINDAT,0,,BAMC,V1,30,1,data/SPELAnim.bif,0x015000BE,23653,DB3CAF2775440B5233A1EDB9721CCE7C9E47D3A505F733E4BC60C46BD6EFC4D7,available,effects/ressources/SPMINDAT/source.bam
effects:bam:SPMIRROI,SPMIRROI,dedicated-effect-bif,0,,0,,BAMC,V1,20,1,data/SPELAnim.bif,0x015000BF,77260,F92888EA7DAFBFDB57F3B38080B46AC0CA598E592CB2C14E0EAFB3F8D15583CC,available,effects/ressources/SPMIRROI/source.bam
effects:bam:SPMONSUM,SPMONSUM,controller-member,1,effect:vvc:SPMONSUM,0,,BAMC,V1,41,1,data/SPELAnim.bif,0x015000C0,99437,21955A74610A5D353A7B989E5292EB7A43B521151CE4215898C7BCF6A0165EAF,available,effects/ressources/SPMONSUM/source.bam
effects:bam:SPNECRO1,SPNECRO1,controller-member,1,effect:vvc:SPNECRO1,0,,BAMC,V1,93,5,data/SPELAnim.bif,0x015000C1,47854,876B896B9B88B116A66C5C498DE5B8370CD2C3EC9F7D2685545835E949A05401,available,effects/ressources/SPNECRO1/source.bam
effects:bam:SPNPOISI,SPNPOISI,dedicated-effect-bif,0,,0,,BAMC,V1,21,1,data/SPELAnim.bif,0x015000C2,51328,2F21F43FDBDDA68E1449A11C4A77C06BA8656BD6F78B60FD022571A19DB8BEF4,available,effects/ressources/SPNPOISI/source.bam
effects:bam:SPNWCHRM,SPNWCHRM,controller-member,3,effect:vvc:CDUNHVIS;effect:vvc:SPFRIEND;effect:vvc:SPNWCHRM,0,,BAMC,V1,60,1,data/SPELAnim.bif,0x015000C3,70873,CDAF296926DB34E009A01EBD664274B341C029198F6C66C82C3178433006BA08,available,effects/ressources/SPNWCHRM/source.bam
effects:bam:SPOUTA,SPOUTA,dedicated-effect-bif,0,,0,,BAMC,V1,24,3,data/MISCAnim.bif,0x013000EA,45765,F91AF1762E84FD2FEBD44BC7B99DA6B879FF74F6959D24C85EAFCE3E0EB8BECA,available,effects/ressources/SPOUTA/source.bam
effects:bam:SPPFIRAI,SPPFIRAI,dedicated-effect-bif,0,,0,,BAMC,V1,89,3,data/SPELAnim.bif,0x015000C4,169255,EF24DF1460A6DBBBCF4078535275B4FDA7F26BD4011617FB8BAF421FA7657FF5,available,effects/ressources/SPPFIRAI/source.bam
effects:bam:SPPFIRRI,SPPFIRRI,controller-member,1,effect:vvc:OHHFIRRI,0,,BAMC,V1,24,2,data/SPELAnim.bif,0x015000C5,43642,AE21CBC05FE2764C52999C3782734EE0FC3A5CF1D2FFFA632FAC3460A9F9DB92,available,effects/ressources/SPPFIRRI/source.bam
effects:bam:SPPFIRXI,SPPFIRXI,dedicated-effect-bif,0,,0,,BAMC,V1,28,1,data/SPELAnim.bif,0x015000C6,151017,3E671D211B00E8AB9DA63FEE62D0D5AF6BAAC45B6F10FCA9955E208830F69441,available,effects/ressources/SPPFIRXI/source.bam
effects:bam:SPPLANAR,SPPLANAR,controller-member,1,effect:vvc:SPPLANAR,0,,BAMC,V1,45,1,data/SPELAnim.bif,0x015000C7,269716,85EEF381FB76DD17F0CFBFA6862E726E460FBBC8989E0F50B40CEE068613A41C,available,effects/ressources/SPPLANAR/source.bam
effects:bam:SPPOLYMP,SPPOLYMP,controller-member,4,effect:vvc:POLYBACK;effect:vvc:SPPOLYMP;effect:vvc:SPTENSTB;effect:vvc:SPTENSTT,0,,BAMC,V1,90,2,data/SPELAnim.bif,0x015000C8,252424,5C15EC98A7410678C2D893ED46C239000285C06C363E3B9452F9FEA5DCEE74A8,available,effects/ressources/SPPOLYMP/source.bam
effects:bam:SPPORTAL,SPPORTAL,controller-member,1,effect:vvc:SPPORTAL,0,,BAMC,V1,38,1,data/SPELAnim.bif,0x015000C9,158956,90FF0F284BDA26DAA93B7EC03D58F3D0B8DDF9E6D5477C84696C7D17D94FEB8E,available,effects/ressources/SPPORTAL/source.bam
effects:bam:SPPOWATK,SPPOWATK,controller-member,1,effect:vvc:SPPOWATK,0,,BAMC,V1,29,1,data/25SpelAn.bif,0x0980000E,77803,E1F6D759B46E41C05146DEBD5B5484772855040B58A1CC459ED3F73E9CBFD18E,available,effects/ressources/SPPOWATK/source.bam
effects:bam:SPPOWWRD,SPPOWWRD,controller-member,1,effect:vvc:SPPOWWRD,0,,BAMC,V1,31,1,data/SPELAnim.bif,0x015000CA,128534,7ADF3366B726652A9367411D5F14182CC5A8209B4881B6FEBC3D2B9F5FD7DB43,available,effects/ressources/SPPOWWRD/source.bam
effects:bam:SPPRAYRI,SPPRAYRI,controller-member,1,effect:vvc:ICPRAYI,0,,BAMC,V1,20,1,data/SPELAnim.bif,0x015000CB,55762,CD19B23E27C7BD5B0B7969662943CEDA961DD4EC3D3BA85A300ECBA25E72B8C8,available,effects/ressources/SPPRAYRI/source.bam
effects:bam:SPPRISM2,SPPRISM2,dedicated-effect-bif,0,,0,,BAMC,V1,30,1,data/SPELAnim.bif,0x015000CC,11234,77CBCE6274B5CFCCFCB1482943752ECD2A0B50E80DB4BBE82F220286FCE2EF16,available,effects/ressources/SPPRISM2/source.bam
effects:bam:SPPRISM3,SPPRISM3,dedicated-effect-bif,0,,0,,BAMC,V1,30,1,data/SPELAnim.bif,0x015000CD,11249,C0EDAD651CEF73FFB0B135882C0EF782BCC3A1D2388C1A65E32A6922F7EB18E6,available,effects/ressources/SPPRISM3/source.bam
effects:bam:SPPRISMT,SPPRISMT,dedicated-effect-bif,0,,0,,BAMC,V1,30,1,data/SPELAnim.bif,0x015000CE,11234,77CBCE6274B5CFCCFCB1482943752ECD2A0B50E80DB4BBE82F220286FCE2EF16,available,effects/ressources/SPPRISMT/source.bam
effects:bam:SPPROIMG,SPPROIMG,controller-member,2,effect:vvc:PROJEND;effect:vvc:SPPROIMG,0,,BAMC,V1,38,3,data/SPELAnim.bif,0x015000CF,60135,F0D9A08A44C93783356B2A16C0A67A38C1B00367E9F28D55797B322EF24C65BA,available,effects/ressources/SPPROIMG/source.bam
effects:bam:SPPROTEC,SPPROTEC,controller-member,1,effect:vvc:SPPROTEC,0,,BAMC,V1,30,1,data/SPELAnim.bif,0x015000D0,9451,CC1FB155F48BEECCB3F935F46906F379588EAD659691D0E6B627C5A3BC0389CF,available,effects/ressources/SPPROTEC/source.bam
effects:bam:SPRAISED,SPRAISED,controller-member,1,effect:vvc:SPRAISED,0,,BAMC,V1,61,1,data/SPELAnim.bif,0x015000D1,49490,E57BD926C168D7ACDE1EA2C65F41C27EB0E6B3F68B8C3C2B7EAC1F00AADF673F,available,effects/ressources/SPRAISED/source.bam
effects:bam:SPRAISEI,SPRAISEI,controller-member,1,effect:vvc:ICRAISEI,0,,BAMC,V1,31,1,data/SPELAnim.bif,0x015000D2,53040,D17F1CDAC00F0576C72D6CF6CB6EDF73914D0F0198B90E7FD57BE0203B7FD0F7,available,effects/ressources/SPRAISEI/source.bam
effects:bam:SPRDRAEX,SPRDRAEX,dedicated-effect-bif,0,,0,,BAMC,V1,11,1,data/SPELAnim.bif,0x015000D5,36603,72BCF72870BCD9102C52C22AC6AFBB1BBB006F2C6B51A8859702890BF2E45925,available,effects/ressources/SPRDRAEX/source.bam
effects:bam:SPRDRASI,SPRDRASI,dedicated-effect-bif,0,,0,,BAMC,V1,99,9,data/SPELAnim.bif,0x015000D7,234047,439F7EB5F56FD5C34BE6F50F53F4CED38B4C7BBA79226F73ED2AA5AD7F67785D,available,effects/ressources/SPRDRASI/source.bam
effects:bam:SPRESIST,SPRESIST,controller-member,2,effect:vvc:SPRES01;effect:vvc:SPRES02,0,,BAMC,V1,72,2,data/25SpelAn.bif,0x0980000F,115183,E4CA0DB907201CB56AC3F2A80DB10B2879DEE9F8D257CAECBF66A077FCBDD578,available,effects/ressources/SPRESIST/source.bam
effects:bam:SPRESURI,SPRESURI,dedicated-effect-bif,0,,0,,BAMC,V1,37,1,data/SPELAnim.bif,0x015000D8,76740,6CF6BA6FA7C5568D1A1B189A841E08276DA9B294FB2F3B9CA986ADB7CFFAAB8F,available,effects/ressources/SPRESURI/source.bam
effects:bam:SPRING,SPRING,dedicated-effect-bif,0,,0,,BAMC,V1,6,1,data/SPELAnim.bif,0x015000D9,3031,8E7A1711E6828EE45992D19619CB539125710FBD34A63F2A2F77E65828E40585,available,effects/ressources/SPRING/source.bam
effects:bam:SPRMPARI,SPRMPARI,dedicated-effect-bif,0,,0,,BAMC,V1,34,1,data/SPELAnim.bif,0x015000DA,79919,09B369354CFB4056C9654F77C66F6FF79440C9D69BED2A93CAB41F4ED22239C8,available,effects/ressources/SPRMPARI/source.bam
effects:bam:SPROTECT,SPROTECT,controller-member,1,effect:vvc:SPROTECT,0,,BAMC,V1,25,1,data/SPELAnim.bif,0x015000DB,116462,BB4C7A29EBDC09D598F2AAC435F9EFD072981F609073B3FCF146F6B7D81A4594,available,effects/ressources/SPROTECT/source.bam
effects:bam:SPRWRA2I,SPRWRA2I,dedicated-effect-bif,0,,0,,BAMC,V1,48,1,data/SPELAnim.bif,0x015000DC,74710,0A80128F2776AFDAA879543E7884F14546205E33BD40F560F595F4FBEC6D7569,available,effects/ressources/SPRWRA2I/source.bam
effects:bam:SPRWRATI,SPRWRATI,controller-member,1,effect:vvc:ICWRATI,0,,BAMC,V1,48,1,data/SPELAnim.bif,0x015000DD,73254,A73CE64A2B14C2D0B103E6A0285D024F117E8DF0A34DBD1E4908F2980618C438,available,effects/ressources/SPRWRATI/source.bam
effects:bam:SPSARMOR,SPSARMOR,controller-member,1,effect:vvc:SPSARMOR,0,,BAMC,V1,60,1,data/SPELAnim.bif,0x015000DE,259798,DAED6E77E50AEE2BB46769926718184C088FAC073960A9BBE32A5AD23F066CBA,available,effects/ressources/SPSARMOR/source.bam
effects:bam:SPSCHGI,SPSCHGI,dedicated-effect-bif,0,,0,,BAMC,V1,18,1,data/SPELAnim.bif,0x015000DF,19642,A67A948C03E96BC7428AC8A4A76072ED6F4E98D8797F64FD3767DA5FAA57668A,available,effects/ressources/SPSCHGI/source.bam
effects:bam:SPSCORIC,SPSCORIC,dedicated-effect-bif,0,,0,,BAMC,V1,180,9,data/SPELAnim.bif,0x015000E1,243286,9D3AEBECC2005F201103AED40DC05A898702CEE25873A822A6B9D37A2A9791F9,available,effects/ressources/SPSCORIC/source.bam
effects:bam:SPSDIMPA,SPSDIMPA,controller-member,1,effect:vvc:SPSDIMPA,0,,BAMC,V1,15,1,data/SPELAnim.bif,0x015000E3,80673,59675C82D7D952F99361898BAB944948E0DF8913ADA7E8DB52309C66BA982740,available,effects/ressources/SPSDIMPA/source.bam
effects:bam:SPSDRBUR,SPSDRBUR,dedicated-effect-bif,0,,0,,BAMC,V1,72,9,data/SPELAnim.bif,0x015000E4,396990,65A6442652DE12DD7FCE44C73721A2651BB17F42D1D143F690A3AE1A9D0927E1,available,effects/ressources/SPSDRBUR/source.bam
effects:bam:SPSETSCD,SPSETSCD,controller-member,1,effect:vvc:SPSETSCD,2,projectile:TRAPBOOM;projectile:TRAPSPIK,BAMC,V1,24,2,data/25SpelAn.bif,0x09800010,18401,E09333B0BD34880BFF5B16FEE37ABDAFEA6426DE9A450BEEE2F068BE3D7FB0D0,available,effects/ressources/SPSETSCD/source.bam
effects:bam:SPSETTID,SPSETTID,controller-member,1,effect:vvc:SPSETTID,1,projectile:TRAPTIME,BAMC,V1,24,2,data/25SpelAn.bif,0x09800012,57689,CDFEE4C72461BEA4EBC29A905BC6362CE6D634C825EB8D3D2CDB459FD7AE8405,available,effects/ressources/SPSETTID/source.bam
effects:bam:SPSETTIH,SPSETTIH,controller-member,1,effect:vvc:SPSETTIH,1,projectile:TRAPTIME,BAMC,V1,27,1,data/25SpelAn.bif,0x09800013,117678,44F536C8D75B95C99B335B9A75435718894DB5C00999033D2F81F894823DDDD0,available,effects/ressources/SPSETTIH/source.bam
effects:bam:SPSHIELD,SPSHIELD,dedicated-effect-bif,0,,0,,BAMC,V1,18,1,data/SPELAnim.bif,0x015000E6,77356,F2916CF508DA13DA5BAC954F2B7F62D0C529DA91FE9EB5A3954EBEEA20FC6279,available,effects/ressources/SPSHIELD/source.bam
effects:bam:SPSHKIMP,SPSHKIMP,controller-member,1,effect:vvc:SPSHKIMP,0,,BAMC,V1,6,1,data/SPELAnim.bif,0x015000E7,3728,A45AD6BA2466971D641B4E49D27B2271235AE171D3D08F22252CB32066F30D39,available,effects/ressources/SPSHKIMP/source.bam
effects:bam:SPSMKJET,SPSMKJET,dedicated-effect-bif,0,,0,,BAMC,V1,6,1,data/SPELAnim.bif,0x015000E9,1257,C7906827AE25477D8F8404BC0EE7A6A1055D8602A9C000241F2CFAD8252D6DA2,available,effects/ressources/SPSMKJET/source.bam
effects:bam:SPSMOLD,SPSMOLD,dedicated-effect-bif,0,,0,,BAMC,V1,6,1,data/SPELAnim.bif,0x015000EA,579,3BE89BA870213A8EF4D4205DBEE6BCCDC1FEAA76DF3F1F0C4499775B17AB4631,available,effects/ressources/SPSMOLD/source.bam
effects:bam:SPSMPUFF,SPSMPUFF,dedicated-effect-bif,0,,0,,BAMC,V1,12,2,data/SPELAnim.bif,0x015000EB,1570,1191A157BD8058B57EC8DAB1DE2C63AB7812E44A58881842417F5BDE1D0A7A06,available,effects/ressources/SPSMPUFF/source.bam
effects:bam:SPSNRAYI,SPSNRAYI,dedicated-effect-bif,0,,0,,BAMC,V1,24,1,data/SPELAnim.bif,0x015000EC,30249,AEE1D9115FF455A2E31E2C3E4737F0274166311CE07C8F3C4ACFB8DB3B63F55B,available,effects/ressources/SPSNRAYI/source.bam
effects:bam:SPSOHOPI,SPSOHOPI,controller-member,1,effect:vvc:OHBGLYPH,0,,BAMC,V1,24,1,data/SPELAnim.bif,0x015000ED,131996,E245C1BEC5A5928FA922A62AF5D92097D0635B17C6BCFD1CFBE401F85CA5B7A4,available,effects/ressources/SPSOHOPI/source.bam
effects:bam:SPSOLBRD,SPSOLBRD,controller-member,1,effect:vvc:SPSOLBRD,0,,BAMC,V1,50,1,data/25SpelAn.bif,0x09800014,215081,98C22C7382CA36F2A531F83AAC5E653262998372E2CE65571CDB0AA61BC70D48,available,effects/ressources/SPSOLBRD/source.bam
effects:bam:SPSPAINI,SPSPAINI,controller-member,1,effect:vvc:ICSPAIN,3,projectile:ICEGLYP;projectile:ICGHIT;projectile:OHSYMBOL,BAMC,V1,24,1,data/SPELAnim.bif,0x015000EE,155016,E6A80FE78290D815D532CE110F0AE9104F0A538E843E0281F3B58A2514C28C89,available,effects/ressources/SPSPAINI/source.bam
effects:bam:SPSPARKS,SPSPARKS,dedicated-effect-bif,0,,0,,BAMC,V1,24,4,data/SPELAnim.bif,0x015000EF,4392,7D08C36111FE03CE236FB757B3ED2D2AFD6745258B3F4599D88CE9AD943268F7,available,effects/ressources/SPSPARKS/source.bam
effects:bam:SPSPEV,SPSPEV,controller-member,1,effect:vvc:SPSPEV,0,,BAMC,V1,16,2,data/25SpelAn.bif,0x09800015,109059,175D7CC482BA9D943015119FA945CA16E8C30A36EACB4755A3467E04A8F63311,available,effects/ressources/SPSPEV/source.bam
effects:bam:SPSPMAZE,SPSPMAZE,controller-member,1,effect:vvc:SPSPMAZE,0,,BAMC,V1,75,1,data/SPELAnim.bif,0x015000F1,248300,778B37BE96C003C8FCF794441CA4A3D678D86D12BA73622235EFC1C57D63B245,available,effects/ressources/SPSPMAZE/source.bam
effects:bam:SPSTINK,SPSTINK,dedicated-effect-bif,0,,0,,BAMC,V1,6,1,data/SPELAnim.bif,0x015000F2,1222,422A0C7B6FF225DE8A16BB1A1FF1CCD9B7C6E1177D52F722209DA48BD53D85FD,available,effects/ressources/SPSTINK/source.bam
effects:bam:SPSTONES,SPSTONES,controller-member,1,effect:vvc:SPSTONES,0,,BAMC,V1,210,1,data/SPELAnim.bif,0x015000F3,257764,D8DF59494EB9772C540DF03F3374300B359A3F4475F714BF9AC190CC01D1CD0D,available,effects/ressources/SPSTONES/source.bam
effects:bam:SPSTRENH,SPSTRENH,controller-member,1,effect:vvc:SPSTRENH,0,,BAMC,V1,36,1,data/SPELAnim.bif,0x015000F4,85397,C334694EF76ECD5A3A599FD29F8C9AD05E63D63A54FE347B7B357FBB9CB65182,available,effects/ressources/SPSTRENH/source.bam
effects:bam:SPSTRENI,SPSTRENI,controller-member,1,effect:vvc:ICSTRENI,0,,BAMC,V1,21,1,data/SPELAnim.bif,0x015000F5,39809,CFC948B0D6898BD1709910F8A016FD94814340F263A9E971BEDB0E90110C2AC0,available,effects/ressources/SPSTRENI/source.bam
effects:bam:SPSTRMVA,SPSTRMVA,controller-member,1,effect:vvc:SPSTRMVA,1,projectile:STRMVENG,BAMC,V1,30,4,data/25SpelAn.bif,0x09800016,62255,B21368EF03E0EA1CB1A808858129B51D4EC76C52E287AD5DA21B7EE147CD0D08,available,effects/ressources/SPSTRMVA/source.bam
effects:bam:SPSTRMVB,SPSTRMVB,controller-member,1,effect:vvc:SPSTRMVB,0,,BAMC,V1,30,1,data/25SpelAn.bif,0x09800017,68333,E8349A71224692F25F053DDE4612E292E62F9A0E6327A812B8B8A9050C00DEFE,available,effects/ressources/SPSTRMVB/source.bam
effects:bam:SPSTRONE,SPSTRONE,controller-member,1,effect:vvc:ICSTRONE,0,,BAMC,V1,21,1,data/PATCH26.BIF,0x08600078,37880,8CDF63E6748D26EA2610D40DFC58081227E72A07668FCF4BB5154ECE723403AC,available,effects/ressources/SPSTRONE/source.bam
effects:bam:SPSTURNI,SPSTURNI,controller-member,1,effect:vvc:SPSTURNI,0,,BAMC,V1,90,9,data/SPELAnim.bif,0x015000F6,114934,F69FF6F4F4C9FA1D9D4157EA484FC44B46CB50AD4118B3ABCE9280E39BD07523,available,effects/ressources/SPSTURNI/source.bam
effects:bam:SPSUMGTE,SPSUMGTE,controller-member,1,effect:vvc:SPSUMGTE,0,,BAMC,V1,50,1,data/SPELAnim.bif,0x015000F7,545052,4D6823EE31888FF5D6446B203F62015E5BB02A4A053239EEE5E5D11D941076F5,available,effects/ressources/SPSUMGTE/source.bam
effects:bam:SPSUMMON,SPSUMMON,controller-member,1,effect:vvc:SPWOOD,0,,BAMC,V1,130,3,data/SPELAnim.bif,0x015000F8,334477,A8DDEA85F7D23EB2399E6520145AA8E470AB31C5AEC443D07D6CB8BF938C14F7,available,effects/ressources/SPSUMMON/source.bam
effects:bam:SPSUMP,SPSUMP,controller-member,1,effect:vvc:SPSUMP,0,,BAMC,V1,32,1,data/25SpelAn.bif,0x09800018,156541,6EFA963F67AAC01CCD60DD74BD1FDF1AAAF3E3FAA059978D6B218968A5D0805A,available,effects/ressources/SPSUMP/source.bam
effects:bam:SPSUMPLN,SPSUMPLN,controller-member,1,effect:vvc:SPSUMPLN,0,,BAMC,V1,16,1,data/25SpelAn.bif,0x09800019,161048,CA6B795F69036BC90030BB71AF3B545F7646F70EB7FEFBD8018E83BC2E372E37,available,effects/ressources/SPSUMPLN/source.bam
effects:bam:SPSUNRAY,SPSUNRAY,controller-member,1,effect:vvc:SPSUNRAY,0,,BAMC,V1,20,2,data/SPELAnim.bif,0x015000F9,68073,A142DBE1BEA3C7E4318621C84BACA0190C0BB499C0A84CD256F1B9681E84E747,available,effects/ressources/SPSUNRAY/source.bam
effects:bam:SPTRAPBB,SPTRAPBB,controller-member,1,effect:vvc:SPTRAPBB,0,,BAMC,V1,30,1,data/SPELAnim.bif,0x015000FA,9674,EC87890F906B897A84CCA13DC656DB7B3C7345B4ACFA5C18565ACDB2BB425AAE,available,effects/ressources/SPTRAPBB/source.bam
effects:bam:SPTRUSEE,SPTRUSEE,controller-member,1,effect:vvc:SPTRUSEE,0,,BAMC,V1,42,1,data/SPELAnim.bif,0x015000FB,59163,8AAA281E3D6AA89EC5893F7AE8721AD17640D6E8E7417A6FE54ED4F6C4CC05C1,available,effects/ressources/SPTRUSEE/source.bam
effects:bam:SPTURNI2,SPTURNI2,controller-member,1,effect:vvc:SPTURNI2,0,,BAMC,V1,40,1,data/SPELAnim.bif,0x015000FC,76123,FE9BE8DD4B7C8222B4484A9083355526B3D5F9D12A442D6D7F57410F95A5EC2E,available,effects/ressources/SPTURNI2/source.bam
effects:bam:SPUNHBL2,SPUNHBL2,dedicated-effect-bif,0,,0,,BAMC,V1,45,3,data/SPELAnim.bif,0x015000FD,102221,3184AB039397BA3B6AF3529D989FD19C642D87D458A687A59B5A0CE92B111F98,available,effects/ressources/SPUNHBL2/source.bam
effects:bam:SPUNHBL3,SPUNHBL3,dedicated-effect-bif,0,,0,,BAMC,V1,45,3,data/SPELAnim.bif,0x015000FE,114702,61F265F63A56C7E8BE8D12186D829053CE9F6802BC1D8A0162BFEBA39AA85152,available,effects/ressources/SPUNHBL3/source.bam
effects:bam:SPUNHBLT,SPUNHBLT,dedicated-effect-bif,0,,0,,BAMC,V1,45,3,data/SPELAnim.bif,0x015000FF,48093,65DACE74BECFE4198CD5560AEE48CD62E637D52F130FF026E1375485E87C4574,available,effects/ressources/SPUNHBLT/source.bam
effects:bam:SPUNHOLY,SPUNHOLY,controller-member,1,effect:vvc:SPUNHOLY,1,projectile:UNLYAREA,BAMC,V1,50,1,data/SPELAnim.bif,0x01500100,42242,94D16AFDB156863A7CE37F7337B9352D238F6B34EECE80523F61CA15A47BF558,available,effects/ressources/SPUNHOLY/source.bam
effects:bam:SPUSEANY,SPUSEANY,controller-member,1,effect:vvc:SPUSEANY,0,,BAMC,V1,27,1,data/25SpelAn.bif,0x0980001A,90039,60E89CBC4F128AA900E7C6CCD59B839837FD82F85D9F4F4AB547CB670117908F,available,effects/ressources/SPUSEANY/source.bam
effects:bam:SPWHIRL,SPWHIRL,controller-member,1,effect:vvc:SPWHIRL,0,,BAMC,V1,24,1,data/25SpelAn.bif,0x0980001B,115448,5D8ABA3E55416DE55D4F9F0426C5CE65910A4C42D1BC0A5DC9427774DD60BBA3,available,effects/ressources/SPWHIRL/source.bam
effects:bam:SPWI124A,SPWI124A,dedicated-effect-bif,0,,0,,BAMC,V1,1,2,data/SPELAnim.bif,0x01500101,1985,17DD9BC27DFEC2C1992B170AC228C52278D38E3DC323ABFBA0FE095D11BB53D5,available,effects/ressources/SPWI124A/source.bam
effects:bam:SPWI124B,SPWI124B,dedicated-effect-bif,0,,0,,BAMC,V1,1,2,data/SPELAnim.bif,0x01500102,1754,EE7BD279D5D27B96BE8A94072DEECCA63DD1F62B55E97D17E134285E2F976C20,available,effects/ressources/SPWI124B/source.bam
effects:bam:SPWIRBLA,SPWIRBLA,dedicated-effect-bif,0,,0,,BAMC,V1,46,1,data/SPELAnim.bif,0x01500104,117030,75E543DE59FBB953E17DD8755CC71DDFD15F7ADDB59699BD5B98F3A5AAFD0F9C,available,effects/ressources/SPWIRBLA/source.bam
effects:bam:SPWRDFLD,SPWRDFLD,controller-member,2,effect:vvc:SPWRDFLD;effect:vvc:WONDER,0,,BAMC,V1,93,3,data/SPELAnim.bif,0x01500105,156750,01D80CA2A206494AE947413EAB5A9A31B6F65D718414C0AB4B744E2723349EC1,available,effects/ressources/SPWRDFLD/source.bam
effects:bam:STEAM1,STEAM1,dedicated-effect-bif,0,,0,,BAMC,V1,9,1,data/MISCAnim.bif,0x013000EB,25352,8CD825567EED4345407548E6D19CA8058892D822DBED59FD4A03C060B790C4D8,available,effects/ressources/STEAM1/source.bam
effects:bam:STEAM3,STEAM3,controller-member,1,effect:vvc:OHRSTEAM,0,,BAMC,V1,9,1,data/MISCAnim.bif,0x013000ED,59123,6F88307CF80DE4588522CA32AEFD161C5564AC4918D33A20BE0B6101EFA44354,available,effects/ressources/STEAM3/source.bam
effects:bam:STEAM4,STEAM4,dedicated-effect-bif,0,,0,,BAMC,V1,9,1,data/MISCAnim.bif,0x013000EE,27867,F8A311F7B59B1C22AF134ABE127B8BAE7187B974791893BA725580DEB98BC5C7,available,effects/ressources/STEAM4/source.bam
effects:bam:STNKCLDD,STNKCLDD,dedicated-effect-bif,0,,0,,BAMC,V1,18,3,data/SPELAnim.bif,0x01500106,3399,5FCAA1A398CEC224127C955665D795161795B3DDAD050ECB89ED9BEE9859B4E7,available,effects/ressources/STNKCLDD/source.bam
effects:bam:TRBLOBA,TRBLOBA,dedicated-effect-bif,0,,0,,BAMC,V1,70,2,data/SPELAnim.bif,0x01500111,112874,E3EDC5007A03F3FA9C6D375869326CDFA8DAC0300195ECB0C35D31D431E5610A,available,effects/ressources/TRBLOBA/source.bam
effects:bam:TRBLOBB,TRBLOBB,dedicated-effect-bif,0,,0,,BAMC,V1,70,2,data/SPELAnim.bif,0x01500112,82872,484A36CC23071619BDF2A00CB3762B1C4F05A7446C752CA2447807FB51FFDF76,available,effects/ressources/TRBLOBB/source.bam
effects:bam:TREE01,TREE01,dedicated-effect-bif,0,,0,,BAMC,V1,1,1,data/MISCAnim.bif,0x013000EF,23368,E43C8F611679216FCB7BF5B58B7FFBFC39A7C192F4BCEAFBFFEB85ECB3DCAD1F,available,effects/ressources/TREE01/source.bam
effects:bam:TREE02,TREE02,dedicated-effect-bif,0,,0,,BAMC,V1,1,1,data/MISCAnim.bif,0x013000F0,11054,38C7F70B5051FEE0406B3548509DE05FD0A0521EA80C46EDDBB59772FD7C7535,available,effects/ressources/TREE02/source.bam
effects:bam:TREE03,TREE03,dedicated-effect-bif,0,,0,,BAMC,V1,1,1,data/MISCAnim.bif,0x013000F1,35732,1EFE6B223384148DBA575BE959152A31D17F897919D285DC7958A00C9E43F82B,available,effects/ressources/TREE03/source.bam
effects:bam:TREE04,TREE04,dedicated-effect-bif,0,,0,,BAMC,V1,1,1,data/MISCAnim.bif,0x013000F2,32177,4FA57CA659D087ACDC99ACD084C0DFF7CAE9107F5E72213704E49B4789AE7422,available,effects/ressources/TREE04/source.bam
effects:bam:TREE05,TREE05,dedicated-effect-bif,0,,0,,BAMC,V1,1,1,data/MISCAnim.bif,0x013000F3,12087,6BD90A9726FE0E45BE7F5D8A3A95AAE728399244F76049061657738177A71586,available,effects/ressources/TREE05/source.bam
effects:bam:TREE06,TREE06,dedicated-effect-bif,0,,0,,BAMC,V1,1,1,data/MISCAnim.bif,0x013000F4,35912,29CE59C47C5B01662BF1AB473F2E59450AA3DE42A1E9F7C4929EA4B21AB02408,available,effects/ressources/TREE06/source.bam
effects:bam:TREE07,TREE07,dedicated-effect-bif,0,,0,,BAMC,V1,1,1,data/MISCAnim.bif,0x013000F5,9739,55F2442E930E11A2B65807AD9A47B56AC7AAA74F97ADD328AAE32159A6FBD110,available,effects/ressources/TREE07/source.bam
effects:bam:TREE08,TREE08,dedicated-effect-bif,0,,0,,BAMC,V1,1,1,data/MISCAnim.bif,0x013000F6,21202,D0CA889EA493E013A82214301269CD5ACF6E7B3DC065DDACF16B4942E8C5B2AE,available,effects/ressources/TREE08/source.bam
effects:bam:TREE09,TREE09,dedicated-effect-bif,0,,0,,BAMC,V1,1,1,data/MISCAnim.bif,0x013000F7,12956,D4513E7BBED325AA2138E4151E4761D09B789EEC12B99B7FBEAF859BEB3D1189,available,effects/ressources/TREE09/source.bam
effects:bam:TREE10,TREE10,dedicated-effect-bif,0,,0,,BAMC,V1,1,1,data/MISCAnim.bif,0x013000F8,24780,5AAC8D3C3B8FAF676FCEA8641BD65FA5AA4F83DEA00BE6BA80B2AD5ABD0F22F6,available,effects/ressources/TREE10/source.bam
effects:bam:TRGOOYAA,TRGOOYAA,controller-member,1,effect:vvc:TRGOOYAA,0,,BAMC,V1,70,2,data/SPELAnim.bif,0x01500114,130302,862F80B4725372655B18934EC79C930224B59B881BF56D27A1705F5E5FAD5D4E,available,effects/ressources/TRGOOYAA/source.bam
effects:bam:TRGOOYBB,TRGOOYBB,controller-member,1,effect:vvc:TRGOOYBB,0,,BAMC,V1,70,2,data/SPELAnim.bif,0x01500115,81399,D386DCC8ECB5BC0ADEC7CA77FF8F4FD9CE990AAF06DF5474117280480DBD5D74,available,effects/ressources/TRGOOYBB/source.bam
effects:bam:TRSPEART,TRSPEART,controller-member,1,effect:vvc:TRSPEART,0,,BAMC,V1,96,1,data/SPELAnim.bif,0x01500116,2644,3D0DB3BDB98775BDAE78025FA65748E2944CD232E81C195F8011918A51C9ED97,available,effects/ressources/TRSPEART/source.bam
effects:bam:TRVENTAA,TRVENTAA,controller-member,1,effect:vvc:TRVENTAA,0,,BAMC,V1,90,3,data/SPELAnim.bif,0x01500117,5950,8F9C2A1FBB598D49AEF105E16CBEEF10678DABDEF0EDBA270E40E5AC7302568D,available,effects/ressources/TRVENTAA/source.bam
effects:bam:TRVENTBB,TRVENTBB,controller-member,1,effect:vvc:TRVENTBB,0,,BAMC,V1,30,3,data/SPELAnim.bif,0x01500118,14889,4456F0E7707D1EAD4E8C64831ECD9F154E3F985B1672C0DEBA762F18BD3DC1EF,available,effects/ressources/TRVENTBB/source.bam
effects:bam:WBRAZR1,WBRAZR1,dedicated-effect-bif,0,,0,,BAMC,V1,10,5,data/MISCAnim.bif,0x013000F9,6462,B4E86A8F57E6A2001637EB5C8791273445C2CFD36F3FC13C39A28379D0BEB71C,available,effects/ressources/WBRAZR1/source.bam
effects:bam:WBRAZR2,WBRAZR2,dedicated-effect-bif,0,,0,,BAMC,V1,10,5,data/MISCAnim.bif,0x013000FA,6005,6009466F72B3F40DBDD6901D04BF7CA588A20ADFD8B558398A44BE66358B3954,available,effects/ressources/WBRAZR2/source.bam
effects:bam:WBRAZR3,WBRAZR3,dedicated-effect-bif,0,,0,,BAMC,V1,10,5,data/MISCAnim.bif,0x013000FB,6350,415832AB30B32241987325E3797107539194FC22FE4EDD6D898067E21B02733B,available,effects/ressources/WBRAZR3/source.bam
effects:bam:WBRAZR4,WBRAZR4,dedicated-effect-bif,0,,0,,BAMC,V1,10,5,data/MISCAnim.bif,0x013000FC,6187,66E027F35D3C014C8C11396F6578EB965D6A6B44C1762AFBAD0884979BB0F1D7,available,effects/ressources/WBRAZR4/source.bam
effects:bam:WEBBOMB,WEBBOMB,dedicated-effect-bif,0,,0,,BAMC,V1,15,1,data/SPELAnim.bif,0x01500119,27601,028720FE232E27C3992BE00E196787BB11578C0254B7071256B7F26E531C7788,available,effects/ressources/WEBBOMB/source.bam
effects:bam:WEBC,WEBC,dedicated-effect-bif,0,,0,,BAMC,V1,32,3,data/SPELAnim.bif,0x0150011A,26102,B6AE8F3155D2C1005C62FD2D658C2766223141CE3DCF250C39FDE5DAF5825B3E,available,effects/ressources/WEBC/source.bam
effects:bam:WEBENTD,WEBENTD,dedicated-effect-bif,0,,0,,BAMC,V1,6,3,data/SPELAnim.bif,0x0150011B,2491,28EBF51FC9B0E0D53A1A18479051D61D33308B394ACAF0ECF0A7EE87E34B4303,available,effects/ressources/WEBENTD/source.bam
effects:bam:WEBENTH,WEBENTH,dedicated-effect-bif,0,,0,,BAMC,V1,6,1,data/SPELAnim.bif,0x0150011C,2798,61807B9D78DD217C448C0AFF86CD7A33C3232D6ECBFE1BAAFE344F1531970E50,available,effects/ressources/WEBENTH/source.bam
effects:bam:WHIRL01,WHIRL01,dedicated-effect-bif,0,,0,,BAMC,V1,12,1,data/MISCAnim.bif,0x013000FD,174499,DC8F61B476BF020FAAA683AA5F775D9B20DA14C10C4AC48A505C3A2077C4D46C,available,effects/ressources/WHIRL01/source.bam
effects:bam:WHIRLY,WHIRLY,dedicated-effect-bif,0,,0,,BAMC,V1,24,1,data/Spells.bif,0x01400421,83776,F731CDA15D58D8437312688BBDB7EF0B10838519085CC01EA7CFF17115983030,available,effects/ressources/WHIRLY/source.bam
effects:bam:WTRBODY2,WTRBODY2,dedicated-effect-bif,0,,0,,BAMC,V1,10,5,data/MISCAnim.bif,0x013000FF,5636,DAE5F7E52D5FC97721EBBE57FEEBC53A761DF81CF7343CA3610899D55F11C6A6,available,effects/ressources/WTRBODY2/source.bam
effects:bam:WTRDROP1,WTRDROP1,dedicated-effect-bif,0,,0,,BAMC,V1,7,1,data/MISCAnim.bif,0x01300100,10160,D311DF1F02BD29075654334D48D653E7B6E90D44E8A7FA1AECFF6FDBC6A1AE8C,available,effects/ressources/WTRDROP1/source.bam
