asset_key,asset_directory,spatial_run,spatial_state,interpolation_run,interpolation_state,selected_run,qa_state,qa_evidence,installation_state,installation_receipt,release_state,release_candidate,notes
effects:bam:0202A,effects/ressources/0202A,,not-started,,not-started,,not-assessed,,not-installed,,not-evaluated,,
effects:bam:1WDCCDAM,effects/ressources/1WDCCDAM,,not-started,,not-started,,not-assessed,,not-installed,,not-evaluated,,
effects:bam:1WDCLDAM,effects/ressources/1WDCLDAM,,not-started,,not-started,,not-assessed,,not-installed,,not-evaluated,,
effects:bam:1WDCMDAM,effects/ressources/1WDCMDAM,,not-started,,not-started,,not-assessed,,not-installed,,not-evaluated,,
effects:bam:1WDCSDAM,effects/ressources/1WDCSDAM,,not-started,,not-started,,not-assessed,,not-installed,,not-evaluated,,
effects:bam:ABJURH,effects/ressources/ABJURH,,not-started,,not-started,,not-assessed,,not-installed,,not-evaluated,,
effects:bam:ACIDBLOB,effects/ressources/ACIDBLOB,,not-started,,not-started,,not-assessed,,not-installed,,not-evaluated,,
effects:bam:ACIDDTH,effects/ressources/ACIDDTH,,not-started,,not-started,,not-assessed,,not-installed,,not-evaluated,,
effects:bam:AM0021A,effects/ressources/AM0021A,,not-started,,not-started,,not-assessed,,not-installed,,not-evaluated,,
effects:bam:AM0202AT,effects/ressources/AM0202AT,,not-started,,not-started,,not-assessed,,not-installed,,not-evaluated,,
effects:bam:AM0404A,effects/ressources/AM0404A,,not-started,,not-started,,not-assessed,,not-installed,,not-evaluated,,
effects:bam:AM0404B,effects/ressources/AM0404B,,not-started,,not-started,,not-assessed,,not-installed,,not-evaluated,,
effects:bam:AM0411A,effects/ressources/AM0411A,,not-started,,not-started,,not-assessed,,not-installed,,not-evaluated,,
effects:bam:AM0411B,effects/ressources/AM0411B,,not-started,,not-started,,not-assessed,,not-installed,,not-evaluated,,
effects:bam:AM0411B1,effects/ressources/AM0411B1,,not-started,,not-started,,not-assessed,,not-installed,,not-evaluated,,
effects:bam:AM0411B2,effects/ressources/AM0411B2,,not-started,,not-started,,not-assessed,,not-installed,,not-evaluated,,
effects:bam:AM0603D4,effects/ressources/AM0603D4,,not-started,,not-started,,not-assessed,,not-installed,,not-evaluated,,
effects:bam:AM0902L1,effects/ressources/AM0902L1,,not-started,,not-started,,not-assessed,,not-installed,,not-evaluated,,
effects:bam:AM0902L2,effects/ressources/AM0902L2,,not-started,,not-started,,not-assessed,,not-installed,,not-evaluated,,
effects:bam:AM0902L3,effects/ressources/AM0902L3,,not-started,,not-started,,not-assessed,,not-installed,,not-evaluated,,
effects:bam:AM0902L4,effects/ressources/AM0902L4,,not-started,,not-started,,not-assessed,,not-installed,,not-evaluated,,
effects:bam:AM2000A1,effects/ressources/AM2000A1,,not-started,,not-started,,not-assessed,,not-installed,,not-evaluated,,
effects:bam:AM2000A2,effects/ressources/AM2000A2,,not-started,,not-started,,not-assessed,,not-installed,,not-evaluated,,
effects:bam:AM2000A3,effects/ressources/AM2000A3,,not-started,,not-started,,not-assessed,,not-installed,,not-evaluated,,
effects:bam:AM2000A4,effects/ressources/AM2000A4,,not-started,,not-started,,not-assessed,,not-installed,,not-evaluated,,
effects:bam:AM2000B1,effects/ressources/AM2000B1,,not-started,,not-started,,not-assessed,,not-installed,,not-evaluated,,
effects:bam:AM2000B2,effects/ressources/AM2000B2,,not-started,,not-started,,not-assessed,,not-installed,,not-evaluated,,
effects:bam:AM2000B3,effects/ressources/AM2000B3,,not-started,,not-started,,not-assessed,,not-installed,,not-evaluated,,
effects:bam:AM2000B4,effects/ressources/AM2000B4,,not-started,,not-started,,not-assessed,,not-installed,,not-evaluated,,
effects:bam:AM3000G,effects/ressources/AM3000G,,not-started,,not-started,,not-assessed,,not-installed,,not-evaluated,,
effects:bam:AM307TT2,effects/ressources/AM307TT2,,not-started,,not-started,,not-assessed,,not-installed,,not-evaluated,,
effects:bam:AM307TT3,effects/ressources/AM307TT3,,not-started,,not-started,,not-assessed,,not-installed,,not-evaluated,,
effects:bam:AM60406B,effects/ressources/AM60406B,,not-started,,not-started,,not-assessed,,not-installed,,not-evaluated,,
effects:bam:AM6200C,effects/ressources/AM6200C,,not-started,,not-started,,not-assessed,,not-installed,,not-evaluated,,
effects:bam:AM6200D,effects/ressources/AM6200D,,not-started,,not-started,,not-assessed,,not-installed,,not-evaluated,,
effects:bam:AMDEMGT,effects/ressources/AMDEMGT,,not-started,,not-started,,not-assessed,,not-installed,,not-evaluated,,
effects:bam:AMYAG_B,effects/ressources/AMYAG_B,,not-started,,not-started,,not-assessed,,not-installed,,not-evaluated,,
effects:bam:AMYAG_F,effects/ressources/AMYAG_F,,not-started,,not-started,,not-assessed,,not-installed,,not-evaluated,,
effects:bam:ARARROW,effects/ressources/ARARROW,,not-started,,not-started,,not-assessed,,not-installed,,not-evaluated,,
effects:bam:ASUMM1X,effects/ressources/ASUMM1X,,not-started,,not-started,,not-assessed,,not-installed,,not-evaluated,,
effects:bam:AXE,effects/ressources/AXE,,not-started,,not-started,,not-assessed,,not-installed,,not-evaluated,,
effects:bam:BDETHER,effects/ressources/BDETHER,,not-started,,not-started,,not-assessed,,not-installed,,not-evaluated,,
effects:bam:BDETHREA,effects/ressources/BDETHREA,,not-started,,not-started,,not-assessed,,not-installed,,not-evaluated,,
effects:bam:BDETHREH,effects/ressources/BDETHREH,,not-started,,not-started,,not-assessed,,not-installed,,not-evaluated,,
effects:bam:BDFAVSPI,effects/ressources/BDFAVSPI,,not-started,,not-started,,not-assessed,,not-installed,,not-evaluated,,
effects:bam:BDFORCEW,effects/ressources/BDFORCEW,,not-started,,not-started,,not-assessed,,not-installed,,not-evaluated,,
effects:bam:BDRSPIRI,effects/ressources/BDRSPIRI,,not-started,,not-started,,not-assessed,,not-installed,,not-evaluated,,
effects:bam:BDSFIREA,effects/ressources/BDSFIREA,,not-started,,not-started,,not-assessed,,not-installed,,not-evaluated,,
effects:bam:BDSFIREH,effects/ressources/BDSFIREH,,not-started,,not-started,,not-assessed,,not-installed,,not-evaluated,,
effects:bam:BDSFIRET,effects/ressources/BDSFIRET,,not-started,,not-started,,not-assessed,,not-installed,,not-evaluated,,
effects:bam:BDSHSUM,effects/ressources/BDSHSUM,,not-started,,not-started,,not-assessed,,not-installed,,not-evaluated,,
effects:bam:BDSPCLAR,effects/ressources/BDSPCLAR,,not-started,,not-started,,not-assessed,,not-installed,,not-evaluated,,
effects:bam:BDSPLOCK,effects/ressources/BDSPLOCK,,not-started,,not-started,,not-assessed,,not-installed,,not-evaluated,,
effects:bam:BDSPWARD,effects/ressources/BDSPWARD,,not-started,,not-started,,not-assessed,,not-installed,,not-evaluated,,
effects:bam:BDWOFOGA,effects/ressources/BDWOFOGA,,not-started,,not-started,,not-assessed,,not-installed,,not-evaluated,,
effects:bam:BGLRYH,effects/ressources/BGLRYH,,not-started,,not-started,,not-assessed,,not-installed,,not-evaluated,,
effects:bam:BGLRYT,effects/ressources/BGLRYT,,not-started,,not-started,,not-assessed,,not-installed,,not-evaluated,,
effects:bam:BLOODCR,effects/ressources/BLOODCR,,not-started,,not-started,,not-assessed,,not-installed,,not-evaluated,,
effects:bam:BLOODL,effects/ressources/BLOODL,,not-started,,not-started,,not-assessed,,not-installed,,not-evaluated,,
effects:bam:BLOODM,effects/ressources/BLOODM,,not-started,,not-started,,not-assessed,,not-installed,,not-evaluated,,
effects:bam:BLOODS,effects/ressources/BLOODS,,not-started,,not-started,,not-assessed,,not-installed,,not-evaluated,,
effects:bam:BOLT,effects/ressources/BOLT,,not-started,,not-started,,not-assessed,,not-installed,,not-evaluated,,
effects:bam:BUBBLES1,effects/ressources/BUBBLES1,,not-started,,not-started,,not-assessed,,not-installed,,not-evaluated,,
effects:bam:BUBLES,effects/ressources/BUBLES,,not-started,,not-started,,not-assessed,,not-installed,,not-evaluated,,
effects:bam:BURNHAND,effects/ressources/BURNHAND,,not-started,,not-started,,not-assessed,,not-installed,,not-evaluated,,
effects:bam:CGABJURA,effects/ressources/CGABJURA,,not-started,,not-started,,not-assessed,,not-installed,,not-evaluated,,
effects:bam:CGALTERA,effects/ressources/CGALTERA,,not-started,,not-started,,not-assessed,,not-installed,,not-evaluated,,
effects:bam:CGCONJUR,effects/ressources/CGCONJUR,,not-started,,not-started,,not-assessed,,not-installed,,not-evaluated,,
effects:bam:CGDIVINA,effects/ressources/CGDIVINA,,not-started,,not-started,,not-assessed,,not-installed,,not-evaluated,,
effects:bam:CGENCHAN,effects/ressources/CGENCHAN,,not-started,,not-started,,not-assessed,,not-installed,,not-evaluated,,
effects:bam:CGILLUSI,effects/ressources/CGILLUSI,,not-started,,not-started,,not-assessed,,not-installed,,not-evaluated,,
effects:bam:CGINVOCA,effects/ressources/CGINVOCA,,not-started,,not-started,,not-assessed,,not-installed,,not-evaluated,,
effects:bam:CGNECROM,effects/ressources/CGNECROM,,not-started,,not-started,,not-assessed,,not-installed,,not-evaluated,,
effects:bam:COLDH,effects/ressources/COLDH,,not-started,,not-started,,not-assessed,,not-installed,,not-evaluated,,
effects:bam:CSHIELDH,effects/ressources/CSHIELDH,,not-started,,not-started,,not-assessed,,not-installed,,not-evaluated,,
effects:bam:CURSEH,effects/ressources/CURSEH,,not-started,,not-started,,not-assessed,,not-installed,,not-evaluated,,
effects:bam:DAGGER,effects/ressources/DAGGER,,not-started,,not-started,,not-assessed,,not-installed,,not-evaluated,,
effects:bam:DART,effects/ressources/DART,,not-started,,not-started,,not-assessed,,not-installed,,not-evaluated,,
effects:bam:DDOORH,effects/ressources/DDOORH,,not-started,,not-started,,not-assessed,,not-installed,,not-evaluated,,
effects:bam:DEMB1A1,effects/ressources/DEMB1A1,,not-started,,not-started,,not-assessed,,not-installed,,not-evaluated,,
effects:bam:DEMB1A2,effects/ressources/DEMB1A2,,not-started,,not-started,,not-assessed,,not-installed,,not-evaluated,,
effects:bam:DEMB1A3,effects/ressources/DEMB1A3,,not-started,,not-started,,not-assessed,,not-installed,,not-evaluated,,
effects:bam:DEMB1A4,effects/ressources/DEMB1A4,,not-started,,not-started,,not-assessed,,not-installed,,not-evaluated,,
effects:bam:DEMB1A5,effects/ressources/DEMB1A5,,not-started,,not-started,,not-assessed,,not-installed,,not-evaluated,,
effects:bam:DEMB1A6,effects/ressources/DEMB1A6,,not-started,,not-started,,not-assessed,,not-installed,,not-evaluated,,
effects:bam:DEMB1A7,effects/ressources/DEMB1A7,,not-started,,not-started,,not-assessed,,not-installed,,not-evaluated,,
effects:bam:DEMB1A8,effects/ressources/DEMB1A8,,not-started,,not-started,,not-assessed,,not-installed,,not-evaluated,,
effects:bam:DEMB1A9,effects/ressources/DEMB1A9,,not-started,,not-started,,not-assessed,,not-installed,,not-evaluated,,
effects:bam:DEMB1CA,effects/ressources/DEMB1CA,,not-started,,not-started,,not-assessed,,not-installed,,not-evaluated,,
effects:bam:DEMB1G1,effects/ressources/DEMB1G1,,not-started,,not-started,,not-assessed,,not-installed,,not-evaluated,,
effects:bam:DSTDVL2A,effects/ressources/DSTDVL2A,,not-started,,not-started,,not-assessed,,not-installed,,not-evaluated,,
effects:bam:DUST,effects/ressources/DUST,,not-started,,not-started,,not-assessed,,not-installed,,not-evaluated,,
effects:bam:EXALTAH,effects/ressources/EXALTAH,,not-started,,not-started,,not-assessed,,not-installed,,not-evaluated,,
effects:bam:EXPLODE,effects/ressources/EXPLODE,,not-started,,not-started,,not-assessed,,not-installed,,not-evaluated,,
effects:bam:FALLMIST,effects/ressources/FALLMIST,,not-started,,not-started,,not-assessed,,not-installed,,not-evaluated,,
effects:bam:FDAWNA,effects/ressources/FDAWNA,,not-started,,not-started,,not-assessed,,not-installed,,not-evaluated,,
effects:bam:FDAWNX,effects/ressources/FDAWNX,,not-started,,not-started,,not-assessed,,not-installed,,not-evaluated,,
effects:bam:FIM1YEL,effects/ressources/FIM1YEL,,not-started,,not-started,,not-assessed,,not-installed,,not-evaluated,,
effects:bam:FIM2YEL,effects/ressources/FIM2YEL,,not-started,,not-started,,not-assessed,,not-installed,,not-evaluated,,
effects:bam:FIRE_1B,effects/ressources/FIRE_1B,,not-started,,not-started,,not-assessed,,not-installed,,not-evaluated,,
effects:bam:FIRE_1C,effects/ressources/FIRE_1C,,not-started,,not-started,,not-assessed,,not-installed,,not-evaluated,,
effects:bam:FIRE_1GR,effects/ressources/FIRE_1GR,,not-started,,not-started,,not-assessed,,not-installed,,not-evaluated,,
effects:bam:FIRE_1GS,effects/ressources/FIRE_1GS,,not-started,,not-started,,not-assessed,,not-installed,,not-evaluated,,
effects:bam:FIRE_2,effects/ressources/FIRE_2,,not-started,,not-started,,not-assessed,,not-installed,,not-evaluated,,
effects:bam:FIRE_2A,effects/ressources/FIRE_2A,,not-started,,not-started,,not-assessed,,not-installed,,not-evaluated,,
effects:bam:FIRE_4BL,effects/ressources/FIRE_4BL,,not-started,,not-started,,not-assessed,,not-installed,,not-evaluated,,
effects:bam:FIRE_4G2,effects/ressources/FIRE_4G2,,not-started,,not-started,,not-assessed,,not-installed,,not-evaluated,,
effects:bam:FIRE_4GR,effects/ressources/FIRE_4GR,,not-started,,not-started,,not-assessed,,not-installed,,not-evaluated,,
effects:bam:FIREBAT,effects/ressources/FIREBAT,,not-started,,not-started,,not-assessed,,not-installed,,not-evaluated,,
effects:bam:FIREBGRR,effects/ressources/FIREBGRR,,not-started,,not-started,,not-assessed,,not-installed,,not-evaluated,,
effects:bam:FIREBGRT,effects/ressources/FIREBGRT,,not-started,,not-started,,not-assessed,,not-installed,,not-evaluated,,
effects:bam:FIREBGRX,effects/ressources/FIREBGRX,,not-started,,not-started,,not-assessed,,not-installed,,not-evaluated,,
effects:bam:FIREBICR,effects/ressources/FIREBICR,,not-started,,not-started,,not-assessed,,not-installed,,not-evaluated,,
effects:bam:FIREBICT,effects/ressources/FIREBICT,,not-started,,not-started,,not-assessed,,not-installed,,not-evaluated,,
effects:bam:FIREBICX,effects/ressources/FIREBICX,,not-started,,not-started,,not-assessed,,not-installed,,not-evaluated,,
effects:bam:FIREH,effects/ressources/FIREH,,not-started,,not-started,,not-assessed,,not-installed,,not-evaluated,,
effects:bam:FISH4SA,effects/ressources/FISH4SA,,not-started,,not-started,,not-assessed,,not-installed,,not-evaluated,,
effects:bam:FISH4SB,effects/ressources/FISH4SB,,not-started,,not-started,,not-assessed,,not-installed,,not-evaluated,,
effects:bam:FISH4SC,effects/ressources/FISH4SC,,not-started,,not-started,,not-assessed,,not-installed,,not-evaluated,,
effects:bam:FISH5SA,effects/ressources/FISH5SA,,not-started,,not-started,,not-assessed,,not-installed,,not-evaluated,,
effects:bam:FISH5SB,effects/ressources/FISH5SB,,not-started,,not-started,,not-assessed,,not-installed,,not-evaluated,,
effects:bam:FISH5SC,effects/ressources/FISH5SC,,not-started,,not-started,,not-assessed,,not-installed,,not-evaluated,,
effects:bam:FISM1YEL,effects/ressources/FISM1YEL,,not-started,,not-started,,not-assessed,,not-installed,,not-evaluated,,
effects:bam:FLLGBLU,effects/ressources/FLLGBLU,,not-started,,not-started,,not-assessed,,not-installed,,not-evaluated,,
effects:bam:FLLGBLUE,effects/ressources/FLLGBLUE,,not-started,,not-started,,not-assessed,,not-installed,,not-evaluated,,
effects:bam:FLLGRED,effects/ressources/FLLGRED,,not-started,,not-started,,not-assessed,,not-installed,,not-evaluated,,
effects:bam:FLM1PUR,effects/ressources/FLM1PUR,,not-started,,not-started,,not-assessed,,not-installed,,not-evaluated,,
effects:bam:FLM1RED,effects/ressources/FLM1RED,,not-started,,not-started,,not-assessed,,not-installed,,not-evaluated,,
effects:bam:FLM2RED,effects/ressources/FLM2RED,,not-started,,not-started,,not-assessed,,not-installed,,not-evaluated,,
effects:bam:FLMDBLU,effects/ressources/FLMDBLU,,not-started,,not-started,,not-assessed,,not-installed,,not-evaluated,,
effects:bam:FLML,effects/ressources/FLML,,not-started,,not-started,,not-assessed,,not-installed,,not-evaluated,,
effects:bam:FLMSTRK,effects/ressources/FLMSTRK,,not-started,,not-started,,not-assessed,,not-installed,,not-evaluated,,
effects:bam:FLSM1PUR,effects/ressources/FLSM1PUR,,not-started,,not-started,,not-assessed,,not-installed,,not-evaluated,,
effects:bam:FLSM1RED,effects/ressources/FLSM1RED,,not-started,,not-started,,not-assessed,,not-installed,,not-evaluated,,
effects:bam:FOUNT2,effects/ressources/FOUNT2,,not-started,,not-started,,not-assessed,,not-installed,,not-evaluated,,
effects:bam:FOUNTN,effects/ressources/FOUNTN,,not-started,,not-started,,not-assessed,,not-installed,,not-evaluated,,
effects:bam:FSEEDA,effects/ressources/FSEEDA,,not-started,,not-started,,not-assessed,,not-installed,,not-evaluated,,
effects:bam:FSEEDX,effects/ressources/FSEEDX,,not-started,,not-started,,not-assessed,,not-installed,,not-evaluated,,
effects:bam:GARMORH,effects/ressources/GARMORH,,not-started,,not-started,,not-assessed,,not-installed,,not-evaluated,,
effects:bam:GLDUSTH,effects/ressources/GLDUSTH,,not-started,,not-started,,not-assessed,,not-installed,,not-evaluated,,
effects:bam:GLPHWRDH,effects/ressources/GLPHWRDH,,not-started,,not-started,,not-assessed,,not-installed,,not-evaluated,,
effects:bam:GLPHWRDT,effects/ressources/GLPHWRDT,,not-started,,not-started,,not-assessed,,not-installed,,not-evaluated,,
effects:bam:GREASED,effects/ressources/GREASED,,not-started,,not-started,,not-assessed,,not-installed,,not-evaluated,,
effects:bam:GREASEH,effects/ressources/GREASEH,,not-started,,not-started,,not-assessed,,not-installed,,not-evaluated,,
effects:bam:GRNDGLOW,effects/ressources/GRNDGLOW,,not-started,,not-started,,not-assessed,,not-installed,,not-evaluated,,
effects:bam:HARPDISC,effects/ressources/HARPDISC,,not-started,,not-started,,not-assessed,,not-installed,,not-evaluated,,
effects:bam:HDFBRER,effects/ressources/HDFBRER,,not-started,,not-started,,not-assessed,,not-installed,,not-evaluated,,
effects:bam:HIHEDGE,effects/ressources/HIHEDGE,,not-started,,not-started,,not-assessed,,not-installed,,not-evaluated,,
effects:bam:HLYMITE,effects/ressources/HLYMITE,,not-started,,not-started,,not-assessed,,not-installed,,not-evaluated,,
effects:bam:JDPROP,effects/ressources/JDPROP,,not-started,,not-started,,not-assessed,,not-installed,,not-evaluated,,
effects:bam:LAVABUB1,effects/ressources/LAVABUB1,,not-started,,not-started,,not-assessed,,not-installed,,not-evaluated,,
effects:bam:LAVABUB2,effects/ressources/LAVABUB2,,not-started,,not-started,,not-assessed,,not-installed,,not-evaluated,,
effects:bam:LAVAFIR1,effects/ressources/LAVAFIR1,,not-started,,not-started,,not-assessed,,not-installed,,not-evaluated,,
effects:bam:MAGICSTN,effects/ressources/MAGICSTN,,not-started,,not-started,,not-assessed,,not-installed,,not-evaluated,,
effects:bam:MINORGLB,effects/ressources/MINORGLB,,not-started,,not-started,,not-assessed,,not-installed,,not-evaluated,,
effects:bam:MMAGICH,effects/ressources/MMAGICH,,not-started,,not-started,,not-assessed,,not-installed,,not-evaluated,,
effects:bam:MSOLG1,effects/ressources/MSOLG1,,not-started,,not-started,,not-assessed,,not-installed,,not-evaluated,,
effects:bam:MSUMM1H,effects/ressources/MSUMM1H,,not-started,,not-started,,not-assessed,,not-installed,,not-evaluated,,
effects:bam:MSUMM1X,effects/ressources/MSUMM1X,,not-started,,not-started,,not-assessed,,not-installed,,not-evaluated,,
effects:bam:OHBENVLP,effects/ressources/OHBENVLP,,not-started,,not-started,,not-assessed,,not-installed,,not-evaluated,,
effects:bam:OHBGOLD,effects/ressources/OHBGOLD,,not-started,,not-started,,not-assessed,,not-installed,,not-evaluated,,
effects:bam:OHDLPORT,effects/ressources/OHDLPORT,,not-started,,not-started,,not-assessed,,not-installed,,not-evaluated,,
effects:bam:OHDSTREE,effects/ressources/OHDSTREE,,not-started,,not-started,,not-assessed,,not-installed,,not-evaluated,,
effects:bam:OHHNECR,effects/ressources/OHHNECR,,not-started,,not-started,,not-assessed,,not-installed,,not-evaluated,,
effects:bam:OHNPORTA,effects/ressources/OHNPORTA,,not-started,,not-started,,not-assessed,,not-installed,,not-evaluated,,
effects:bam:OHNVIS1,effects/ressources/OHNVIS1,,not-started,,not-started,,not-assessed,,not-installed,,not-evaluated,,
effects:bam:OHNVIS2,effects/ressources/OHNVIS2,,not-started,,not-started,,not-assessed,,not-installed,,not-evaluated,,
effects:bam:OHNVIS3,effects/ressources/OHNVIS3,,not-started,,not-started,,not-assessed,,not-installed,,not-evaluated,,
effects:bam:OHNVIS4,effects/ressources/OHNVIS4,,not-started,,not-started,,not-assessed,,not-installed,,not-evaluated,,
effects:bam:OHNWAND1,effects/ressources/OHNWAND1,,not-started,,not-started,,not-assessed,,not-installed,,not-evaluated,,
effects:bam:OHRDARK,effects/ressources/OHRDARK,,not-started,,not-started,,not-assessed,,not-installed,,not-evaluated,,
effects:bam:OHRFEAR,effects/ressources/OHRFEAR,,not-started,,not-started,,not-assessed,,not-installed,,not-evaluated,,
effects:bam:OHRMIND,effects/ressources/OHRMIND,,not-started,,not-started,,not-assessed,,not-installed,,not-evaluated,,
effects:bam:OHRMJAR,effects/ressources/OHRMJAR,,not-started,,not-started,,not-assessed,,not-installed,,not-evaluated,,
effects:bam:OHRPOLY,effects/ressources/OHRPOLY,,not-started,,not-started,,not-assessed,,not-installed,,not-evaluated,,
effects:bam:OHRSGATE,effects/ressources/OHRSGATE,,not-started,,not-started,,not-assessed,,not-installed,,not-evaluated,,
effects:bam:OHRSGONE,effects/ressources/OHRSGONE,,not-started,,not-started,,not-assessed,,not-installed,,not-evaluated,,
effects:bam:OHRSHFIE,effects/ressources/OHRSHFIE,,not-started,,not-started,,not-assessed,,not-installed,,not-evaluated,,
effects:bam:PARALH,effects/ressources/PARALH,,not-started,,not-started,,not-assessed,,not-installed,,not-evaluated,,
effects:bam:PRAYERB,effects/ressources/PRAYERB,,not-started,,not-started,,not-assessed,,not-installed,,not-evaluated,,
effects:bam:PRAYERG,effects/ressources/PRAYERG,,not-started,,not-started,,not-assessed,,not-installed,,not-evaluated,,
effects:bam:RIPPLE_1,effects/ressources/RIPPLE_1,,not-started,,not-started,,not-assessed,,not-installed,,not-evaluated,,
effects:bam:RIPPLE_2,effects/ressources/RIPPLE_2,,not-started,,not-started,,not-assessed,,not-installed,,not-evaluated,,
effects:bam:RIPPLE_3,effects/ressources/RIPPLE_3,,not-started,,not-started,,not-assessed,,not-installed,,not-evaluated,,
effects:bam:SANCTRY,effects/ressources/SANCTRY,,not-started,,not-started,,not-assessed,,not-installed,,not-evaluated,,
effects:bam:SARMORH,effects/ressources/SARMORH,,not-started,,not-started,,not-assessed,,not-installed,,not-evaluated,,
effects:bam:SETTRAP,effects/ressources/SETTRAP,,not-started,,not-started,,not-assessed,,not-installed,,not-evaluated,,
effects:bam:SHACID,effects/ressources/SHACID,,not-started,,not-started,,not-assessed,,not-installed,,not-evaluated,,
effects:bam:SHAIR,effects/ressources/SHAIR,,not-started,,not-started,,not-assessed,,not-installed,,not-evaluated,,
effects:bam:SHAREA,effects/ressources/SHAREA,,not-started,,not-started,,not-assessed,,not-installed,,not-evaluated,,
effects:bam:SHAREAB,effects/ressources/SHAREAB,,not-started,,not-started,,not-assessed,,not-installed,,not-evaluated,,
effects:bam:SHAREAW,effects/ressources/SHAREAW,,not-started,,not-started,,not-assessed,,not-installed,,not-evaluated,,
effects:bam:SHEARTH,effects/ressources/SHEARTH,,not-started,,not-started,,not-assessed,,not-installed,,not-evaluated,,
effects:bam:SHGLYPH,effects/ressources/SHGLYPH,,not-started,,not-started,,not-assessed,,not-installed,,not-evaluated,,
effects:bam:SHSKULL,effects/ressources/SHSKULL,,not-started,,not-started,,not-assessed,,not-installed,,not-evaluated,,
effects:bam:SHWATER,effects/ressources/SHWATER,,not-started,,not-started,,not-assessed,,not-installed,,not-evaluated,,
effects:bam:SKLH,effects/ressources/SKLH,,not-started,,not-started,,not-assessed,,not-installed,,not-evaluated,,
effects:bam:SKLT,effects/ressources/SKLT,,not-started,,not-started,,not-assessed,,not-installed,,not-evaluated,,
effects:bam:SKYBOLT,effects/ressources/SKYBOLT,,not-started,,not-started,,not-assessed,,not-installed,,not-evaluated,,
effects:bam:SNOWFAL1,effects/ressources/SNOWFAL1,,not-started,,not-started,,not-assessed,,not-installed,,not-evaluated,,
effects:bam:SNOWFAL2,effects/ressources/SNOWFAL2,,not-started,,not-started,,not-assessed,,not-installed,,not-evaluated,,
effects:bam:SP_DEMGT,effects/ressources/SP_DEMGT,,not-started,,not-started,,not-assessed,,not-installed,,not-evaluated,,
effects:bam:SPABJURA,effects/ressources/SPABJURA,,not-started,,not-started,,not-assessed,,not-installed,,not-evaluated,,
effects:bam:SPAGSCHO,effects/ressources/SPAGSCHO,,not-started,,not-started,,not-assessed,,not-installed,,not-evaluated,,
effects:bam:SPALTERA,effects/ressources/SPALTERA,,not-started,,not-started,,not-assessed,,not-installed,,not-evaluated,,
effects:bam:SPANISUM,effects/ressources/SPANISUM,,not-started,,not-started,,not-assessed,,not-installed,,not-evaluated,,
effects:bam:SPARMOR2,effects/ressources/SPARMOR2,,not-started,,not-started,,not-assessed,,not-installed,,not-evaluated,,
effects:bam:SPARMORI,effects/ressources/SPARMORI,,not-started,,not-started,,not-assessed,,not-installed,,not-evaluated,,
effects:bam:SPARMOUR,effects/ressources/SPARMOUR,,not-started,,not-started,,not-assessed,,not-installed,,not-evaluated,,
effects:bam:SPATTCK1,effects/ressources/SPATTCK1,,not-started,,not-started,,not-assessed,,not-installed,,not-evaluated,,
effects:bam:SPATTCK2,effects/ressources/SPATTCK2,,not-started,,not-started,,not-assessed,,not-installed,,not-evaluated,,
effects:bam:SPAURAFB,effects/ressources/SPAURAFB,,not-started,,not-started,,not-assessed,,not-installed,,not-evaluated,,
effects:bam:SPAURAFD,effects/ressources/SPAURAFD,,blocked,,not-applicable,,not-assessed,,not-installed,,not-evaluated,,source BAM stock absent
effects:bam:SPAURAFF,effects/ressources/SPAURAFF,,not-started,,not-started,,not-assessed,,not-installed,,not-evaluated,,
effects:bam:SPBASERD,effects/ressources/SPBASERD,,not-started,,not-started,,not-assessed,,not-installed,,not-evaluated,,
effects:bam:SPBASEWT,effects/ressources/SPBASEWT,,not-started,,not-started,,not-assessed,,not-installed,,not-evaluated,,
effects:bam:SPBDBUR,effects/ressources/SPBDBUR,,not-started,,not-started,,not-assessed,,not-installed,,not-evaluated,,
effects:bam:SPBDBURS,effects/ressources/SPBDBURS,,not-started,,not-started,,not-assessed,,not-installed,,not-evaluated,,
effects:bam:SPBDIMSP,effects/ressources/SPBDIMSP,,not-started,,not-started,,not-assessed,,not-installed,,not-evaluated,,
effects:bam:SPBDRAE2,effects/ressources/SPBDRAE2,,not-started,,not-started,,not-assessed,,not-installed,,not-evaluated,,
effects:bam:SPBEHBLA,effects/ressources/SPBEHBLA,,not-started,,not-started,,not-assessed,,not-installed,,not-evaluated,,
effects:bam:SPBEHRAY,effects/ressources/SPBEHRAY,,not-started,,not-started,,not-assessed,,not-installed,,not-evaluated,,
effects:bam:SPBGBFST,effects/ressources/SPBGBFST,,not-started,,not-started,,not-assessed,,not-installed,,not-evaluated,,
effects:bam:SPBHANDI,effects/ressources/SPBHANDI,,not-started,,not-started,,not-assessed,,not-installed,,not-evaluated,,
effects:bam:SPBLBBTM,effects/ressources/SPBLBBTM,,not-started,,not-started,,not-assessed,,not-installed,,not-evaluated,,
effects:bam:SPBLBTOP,effects/ressources/SPBLBTOP,,not-started,,not-started,,not-assessed,,not-installed,,not-evaluated,,
effects:bam:SPBLESHI,effects/ressources/SPBLESHI,,not-started,,not-started,,not-assessed,,not-installed,,not-evaluated,,
effects:bam:SPBLOOD,effects/ressources/SPBLOOD,,not-started,,not-started,,not-assessed,,not-installed,,not-evaluated,,
effects:bam:SPBOOM,effects/ressources/SPBOOM,,not-started,,not-started,,not-assessed,,not-installed,,not-evaluated,,
effects:bam:SPBRNHND,effects/ressources/SPBRNHND,,not-started,,not-started,,not-assessed,,not-installed,,not-evaluated,,
effects:bam:SPBURN,effects/ressources/SPBURN,,not-started,,not-started,,not-assessed,,not-installed,,not-evaluated,,
effects:bam:SPBURNS1,effects/ressources/SPBURNS1,,not-started,,not-started,,not-assessed,,not-installed,,not-evaluated,,
effects:bam:SPCAGEMZ,effects/ressources/SPCAGEMZ,,not-started,,not-started,,not-assessed,,not-installed,,not-evaluated,,
effects:bam:SPCALLLI,effects/ressources/SPCALLLI,,not-started,,not-started,,not-assessed,,not-installed,,not-evaluated,,
effects:bam:SPCAUSEW,effects/ressources/SPCAUSEW,,not-started,,not-started,,not-assessed,,not-installed,,not-evaluated,,
effects:bam:SPCCMDSI,effects/ressources/SPCCMDSI,,not-started,,not-started,,not-assessed,,not-installed,,not-evaluated,,
effects:bam:SPCCOLDE,effects/ressources/SPCCOLDE,,not-started,,not-started,,not-assessed,,not-installed,,not-evaluated,,
effects:bam:SPCCOLDL,effects/ressources/SPCCOLDL,,not-started,,not-started,,not-assessed,,not-installed,,not-evaluated,,
effects:bam:SPCCWOUI,effects/ressources/SPCCWOUI,,not-started,,not-started,,not-assessed,,not-installed,,not-evaluated,,
effects:bam:SPCHLGT1,effects/ressources/SPCHLGT1,,not-started,,not-started,,not-assessed,,not-installed,,not-evaluated,,
effects:bam:SPCHLGT2,effects/ressources/SPCHLGT2,,not-started,,not-started,,not-assessed,,not-installed,,not-evaluated,,
effects:bam:SPCHLGT3,effects/ressources/SPCHLGT3,,not-started,,not-started,,not-assessed,,not-installed,,not-evaluated,,
effects:bam:SPCHMPSI,effects/ressources/SPCHMPSI,,not-started,,not-started,,not-assessed,,not-installed,,not-evaluated,,
effects:bam:SPCHROMI,effects/ressources/SPCHROMI,,not-started,,not-started,,not-assessed,,not-installed,,not-evaluated,,
effects:bam:SPCHRORB,effects/ressources/SPCHRORB,,not-started,,not-started,,not-assessed,,not-installed,,not-evaluated,,
effects:bam:SPCHUNKS,effects/ressources/SPCHUNKS,,not-started,,not-started,,not-assessed,,not-installed,,not-evaluated,,
effects:bam:SPCL236,effects/ressources/SPCL236,,not-started,,not-started,,not-assessed,,not-installed,,not-evaluated,,
effects:bam:SPCL239,effects/ressources/SPCL239,,not-started,,not-started,,not-assessed,,not-installed,,not-evaluated,,
effects:bam:SPCL239R,effects/ressources/SPCL239R,,not-started,,not-started,,not-assessed,,not-installed,,not-evaluated,,
effects:bam:SPCL239X,effects/ressources/SPCL239X,,not-started,,not-started,,not-assessed,,not-installed,,not-evaluated,,
effects:bam:SPCLKFRI,effects/ressources/SPCLKFRI,,not-started,,not-started,,not-assessed,,not-installed,,not-evaluated,,
effects:bam:SPCLOUD1,effects/ressources/SPCLOUD1,,not-started,,not-started,,not-assessed,,not-installed,,not-evaluated,,
effects:bam:SPCLOUD2,effects/ressources/SPCLOUD2,,not-started,,not-started,,not-assessed,,not-installed,,not-evaluated,,
effects:bam:SPCLOUD3,effects/ressources/SPCLOUD3,,not-started,,not-started,,not-assessed,,not-installed,,not-evaluated,,
effects:bam:SPCLOUDK,effects/ressources/SPCLOUDK,,not-started,,not-started,,not-assessed,,not-installed,,not-evaluated,,
effects:bam:SPCLOUDS,effects/ressources/SPCLOUDS,,not-started,,not-started,,not-assessed,,not-installed,,not-evaluated,,
effects:bam:SPCMWOUI,effects/ressources/SPCMWOUI,,not-started,,not-started,,not-assessed,,not-installed,,not-evaluated,,
effects:bam:SPCOMEND,effects/ressources/SPCOMEND,,not-started,,not-started,,not-assessed,,not-installed,,not-evaluated,,
effects:bam:SPCOMETT,effects/ressources/SPCOMETT,,not-started,,not-started,,not-assessed,,not-installed,,not-evaluated,,
effects:bam:SPCOMEXP,effects/ressources/SPCOMEXP,,not-started,,not-started,,not-assessed,,not-installed,,not-evaluated,,
effects:bam:SPCOMSTT,effects/ressources/SPCOMSTT,,not-started,,not-started,,not-assessed,,not-installed,,not-evaluated,,
effects:bam:SPCOMTRV,effects/ressources/SPCOMTRV,,not-started,,not-started,,not-assessed,,not-installed,,not-evaluated,,
effects:bam:SPCONFUS,effects/ressources/SPCONFUS,,not-started,,not-started,,not-assessed,,not-installed,,not-evaluated,,
effects:bam:SPCONTIN,effects/ressources/SPCONTIN,,not-started,,not-started,,not-assessed,,not-installed,,not-evaluated,,
effects:bam:SPCRTWPN,effects/ressources/SPCRTWPN,,not-started,,not-started,,not-assessed,,not-installed,,not-evaluated,,
effects:bam:SPCSPRA2,effects/ressources/SPCSPRA2,,not-started,,not-started,,not-assessed,,not-installed,,not-evaluated,,
effects:bam:SPCSPRA3,effects/ressources/SPCSPRA3,,not-started,,not-started,,not-assessed,,not-installed,,not-evaluated,,
effects:bam:SPCSPRAI,effects/ressources/SPCSPRAI,,not-started,,not-started,,not-assessed,,not-installed,,not-evaluated,,
effects:bam:SPCSWOUI,effects/ressources/SPCSWOUI,,not-started,,not-started,,not-assessed,,not-installed,,not-evaluated,,
effects:bam:SPDEATH3,effects/ressources/SPDEATH3,,not-started,,not-started,,not-assessed,,not-installed,,not-evaluated,,
effects:bam:SPDFOGA,effects/ressources/SPDFOGA,,not-started,,not-started,,not-assessed,,not-installed,,not-evaluated,,
effects:bam:SPDHRMNY,effects/ressources/SPDHRMNY,,not-started,,not-started,,not-assessed,,not-installed,,not-evaluated,,
effects:bam:SPDIMDR1,effects/ressources/SPDIMDR1,,not-started,,not-started,,not-assessed,,not-installed,,not-evaluated,,
effects:bam:SPDIMDR2,effects/ressources/SPDIMDR2,,not-started,,not-started,,not-assessed,,not-installed,,not-evaluated,,
effects:bam:SPDIMNDR,effects/ressources/SPDIMNDR,,not-started,,not-started,,not-assessed,,not-installed,,not-evaluated,,
effects:bam:SPDISPMA,effects/ressources/SPDISPMA,,not-started,,not-started,,not-assessed,,not-installed,,not-evaluated,,
effects:bam:SPDIVINA,effects/ressources/SPDIVINA,,not-started,,not-started,,not-assessed,,not-installed,,not-evaluated,,
effects:bam:SPDRGNBR,effects/ressources/SPDRGNBR,,not-started,,not-started,,not-assessed,,not-installed,,not-evaluated,,
effects:bam:SPDUSTY2,effects/ressources/SPDUSTY2,,not-started,,not-started,,not-assessed,,not-installed,,not-evaluated,,
effects:bam:SPEAR,effects/ressources/SPEAR,,not-started,,not-started,,not-assessed,,not-installed,,not-evaluated,,
effects:bam:SPELLTIN,effects/ressources/SPELLTIN,,not-started,,not-started,,not-assessed,,not-installed,,not-evaluated,,
effects:bam:SPENBLD,effects/ressources/SPENBLD,,not-started,,not-started,,not-assessed,,not-installed,,not-evaluated,,
effects:bam:SPENTAAI,effects/ressources/SPENTAAI,,not-started,,not-started,,not-assessed,,not-installed,,not-evaluated,,
effects:bam:SPENTACI,effects/ressources/SPENTACI,,not-started,,not-started,,not-assessed,,not-installed,,not-evaluated,,
effects:bam:SPENTAXI,effects/ressources/SPENTAXI,,not-started,,not-started,,not-assessed,,not-installed,,not-evaluated,,
effects:bam:SPENTAXL,effects/ressources/SPENTAXL,,blocked,,not-applicable,,not-assessed,,not-installed,,not-evaluated,,source BAM stock absent
effects:bam:SPFBSMAL,effects/ressources/SPFBSMAL,,not-started,,not-started,,not-assessed,,not-installed,,not-evaluated,,
effects:bam:SPFDEATH,effects/ressources/SPFDEATH,,not-started,,not-started,,not-assessed,,not-installed,,not-evaluated,,
effects:bam:SPFDETH3,effects/ressources/SPFDETH3,,not-started,,not-started,,not-assessed,,not-installed,,not-evaluated,,
effects:bam:SPFEAREF,effects/ressources/SPFEAREF,spfearef-spatial-seedvr2-7b-int8-none-x4-20260907T093000Z,verified,spfearef-interpolation-apollo8-rgb-nearest-alpha-none-20260907T093600Z,verified,spfearef-interpolation-apollo8-rgb-nearest-alpha-none-20260907T093600Z,passed,effects/index/qa-decisions/SPFEAREF/2026-09-07-accepted-horror-ground-merge-v2.json,installed,backups/renderer/20260907T095404025514Z-d01b68d4/renderer-install-receipt.json,approved,effects-v2-spmagmis-spmindat-spfearef-ground-merge-v2-20260907,"SeedVR2 7B INT8 x4; color correction none; Apollo 15->30 FPS; politique alpha ground-merge v2: opacité 82 %, fondu extérieur 32 px x4, cavités internes préservées, RGB prémultiplié; validé ingame; candidat release cumulatif v2 avec SPMAGMIS et SPMINDAT."
effects:bam:SPFINODI,effects/ressources/SPFINODI,,not-started,,not-started,,not-assessed,,not-installed,,not-evaluated,,
effects:bam:SPFIRE,effects/ressources/SPFIRE,,not-started,,not-started,,not-assessed,,not-installed,,not-evaluated,,
effects:bam:SPFIREBL,effects/ressources/SPFIREBL,,not-started,,not-started,,not-assessed,,not-installed,,not-evaluated,,
effects:bam:SPFIREPI,effects/ressources/SPFIREPI,,not-started,,not-started,,not-assessed,,not-installed,,not-evaluated,,
effects:bam:SPFIRESB,effects/ressources/SPFIRESB,,not-started,,not-started,,not-assessed,,not-installed,,not-evaluated,,
effects:bam:SPFIRESG,effects/ressources/SPFIRESG,,not-started,,not-started,,not-assessed,,not-installed,,not-evaluated,,
effects:bam:SPFIRESR,effects/ressources/SPFIRESR,,not-started,,not-started,,not-assessed,,not-installed,,not-evaluated,,
effects:bam:SPFIRET,effects/ressources/SPFIRET,,not-started,,not-started,,not-assessed,,not-installed,,not-evaluated,,
effects:bam:SPFIRETR,effects/ressources/SPFIRETR,,not-started,,not-started,,not-assessed,,not-installed,,not-evaluated,,
effects:bam:SPFIRIMP,effects/ressources/SPFIRIMP,,not-started,,not-started,,not-assessed,,not-installed,,not-evaluated,,
effects:bam:SPFIRSDI,effects/ressources/SPFIRSDI,,not-started,,not-started,,not-assessed,,not-installed,,not-evaluated,,
effects:bam:SPFIRSE2,effects/ressources/SPFIRSE2,,not-started,,not-started,,not-assessed,,not-installed,,not-evaluated,,
effects:bam:SPFIRSED,effects/ressources/SPFIRSED,,not-started,,not-started,,not-assessed,,not-installed,,not-evaluated,,
effects:bam:SPFLADOW,effects/ressources/SPFLADOW,,not-started,,not-started,,not-assessed,,not-installed,,not-evaluated,,
effects:bam:SPFLAMES,effects/ressources/SPFLAMES,,not-started,,not-started,,not-assessed,,not-installed,,not-evaluated,,
effects:bam:SPFLAST1,effects/ressources/SPFLAST1,,not-started,,not-started,,not-assessed,,not-installed,,not-evaluated,,
effects:bam:SPFLAST2,effects/ressources/SPFLAST2,,not-started,,not-started,,not-assessed,,not-installed,,not-evaluated,,
effects:bam:SPFLESHS,effects/ressources/SPFLESHS,,not-started,,not-started,,not-assessed,,not-installed,,not-evaluated,,
effects:bam:SPFLMARR,effects/ressources/SPFLMARR,,not-started,,not-started,,not-assessed,,not-installed,,not-evaluated,,
effects:bam:SPFLMBLD,effects/ressources/SPFLMBLD,,not-started,,not-started,,not-assessed,,not-installed,,not-evaluated,,
effects:bam:SPFLMSTI,effects/ressources/SPFLMSTI,,not-started,,not-started,,not-assessed,,not-installed,,not-evaluated,,
effects:bam:SPFLSRIN,effects/ressources/SPFLSRIN,,not-started,,not-started,,not-assessed,,not-installed,,not-evaluated,,
effects:bam:SPFLSTRI,effects/ressources/SPFLSTRI,,not-started,,not-started,,not-assessed,,not-installed,,not-evaluated,,
effects:bam:SPFRACTI,effects/ressources/SPFRACTI,,not-started,,not-started,,not-assessed,,not-installed,,not-evaluated,,
effects:bam:SPFSTRMI,effects/ressources/SPFSTRMI,,not-started,,not-started,,not-assessed,,not-installed,,not-evaluated,,
effects:bam:SPGENHLA,effects/ressources/SPGENHLA,,not-started,,not-started,,not-assessed,,not-installed,,not-evaluated,,
effects:bam:SPGENHLB,effects/ressources/SPGENHLB,,not-started,,not-started,,not-assessed,,not-installed,,not-evaluated,,
effects:bam:SPGFLSH1,effects/ressources/SPGFLSH1,,not-started,,not-started,,not-assessed,,not-installed,,not-evaluated,,
effects:bam:SPGLBBLD,effects/ressources/SPGLBBLD,,not-started,,not-started,,not-assessed,,not-installed,,not-evaluated,,
effects:bam:SPGLYPTI,effects/ressources/SPGLYPTI,,not-started,,not-started,,not-assessed,,not-installed,,not-evaluated,,
effects:bam:SPGREAAI,effects/ressources/SPGREAAI,,not-started,,not-started,,not-assessed,,not-installed,,not-evaluated,,
effects:bam:SPGREACI,effects/ressources/SPGREACI,,not-started,,not-started,,not-assessed,,not-installed,,not-evaluated,,
effects:bam:SPGREAXI,effects/ressources/SPGREAXI,,not-started,,not-started,,not-assessed,,not-installed,,not-evaluated,,
effects:bam:SPGREORB,effects/ressources/SPGREORB,,not-started,,not-started,,not-assessed,,not-installed,,not-evaluated,,
effects:bam:SPGRWHRL,effects/ressources/SPGRWHRL,,not-started,,not-started,,not-assessed,,not-installed,,not-evaluated,,
effects:bam:SPGSUNSR,effects/ressources/SPGSUNSR,,not-started,,not-started,,not-assessed,,not-installed,,not-evaluated,,
effects:bam:SPHANDAT,effects/ressources/SPHANDAT,,not-started,,not-started,,not-assessed,,not-installed,,not-evaluated,,
effects:bam:SPHEALIN,effects/ressources/SPHEALIN,,not-started,,not-started,,not-assessed,,not-installed,,not-evaluated,,
effects:bam:SPHEART,effects/ressources/SPHEART,,not-started,,not-started,,not-assessed,,not-installed,,not-evaluated,,
effects:bam:SPHLEFT,effects/ressources/SPHLEFT,,not-started,,not-started,,not-assessed,,not-installed,,not-evaluated,,
effects:bam:SPHLHI01,effects/ressources/SPHLHI01,,not-started,,not-started,,not-assessed,,not-installed,,not-evaluated,,
effects:bam:SPHLHI02,effects/ressources/SPHLHI02,,not-started,,not-started,,not-assessed,,not-installed,,not-evaluated,,
effects:bam:SPHLYBLS,effects/ressources/SPHLYBLS,,not-started,,not-started,,not-assessed,,not-installed,,not-evaluated,,
effects:bam:SPHLYSM2,effects/ressources/SPHLYSM2,,not-started,,not-started,,not-assessed,,not-installed,,not-evaluated,,
effects:bam:SPHLYSM3,effects/ressources/SPHLYSM3,,not-started,,not-started,,not-assessed,,not-installed,,not-evaluated,,
effects:bam:SPHLYSMT,effects/ressources/SPHLYSMT,,not-started,,not-started,,not-assessed,,not-installed,,not-evaluated,,
effects:bam:SPHOLLYW,effects/ressources/SPHOLLYW,,not-started,,not-started,,not-assessed,,not-installed,,not-evaluated,,
effects:bam:SPHOLMIG,effects/ressources/SPHOLMIG,,not-started,,not-started,,not-assessed,,not-installed,,not-evaluated,,
effects:bam:SPHOLYMT,effects/ressources/SPHOLYMT,,not-started,,not-started,,not-assessed,,not-installed,,not-evaluated,,
effects:bam:SPHOLYWD,effects/ressources/SPHOLYWD,,not-started,,not-started,,not-assessed,,not-installed,,not-evaluated,,
effects:bam:SPHORPUF,effects/ressources/SPHORPUF,,not-started,,not-started,,not-assessed,,not-installed,,not-evaluated,,
effects:bam:SPHORWIA,effects/ressources/SPHORWIA,,not-started,,not-started,,not-assessed,,not-installed,,not-evaluated,,
effects:bam:SPHORWIL,effects/ressources/SPHORWIL,,not-started,,not-started,,not-assessed,,not-installed,,not-evaluated,,
effects:bam:SPHRIGHT,effects/ressources/SPHRIGHT,,not-started,,not-started,,not-assessed,,not-installed,,not-evaluated,,
effects:bam:SPICEIMP,effects/ressources/SPICEIMP,,not-started,,not-started,,not-assessed,,not-installed,,not-evaluated,,
effects:bam:SPICESTM,effects/ressources/SPICESTM,,not-started,,not-started,,not-assessed,,not-installed,,not-evaluated,,
effects:bam:SPILLUS,effects/ressources/SPILLUS,,not-started,,not-started,,not-assessed,,not-installed,,not-evaluated,,
effects:bam:SPILUSIO,effects/ressources/SPILUSIO,,not-started,,not-started,,not-assessed,,not-installed,,not-evaluated,,
effects:bam:SPIMPFR,effects/ressources/SPIMPFR,,not-started,,not-started,,not-assessed,,not-installed,,not-evaluated,,
effects:bam:SPIMPPT,effects/ressources/SPIMPPT,,not-started,,not-started,,not-assessed,,not-installed,,not-evaluated,,
effects:bam:SPINCINA,effects/ressources/SPINCINA,,not-started,,not-started,,not-assessed,,not-installed,,not-evaluated,,
effects:bam:SPINSECT,effects/ressources/SPINSECT,,not-started,,not-started,,not-assessed,,not-installed,,not-evaluated,,
effects:bam:SPIPLAAI,effects/ressources/SPIPLAAI,,not-started,,not-started,,not-assessed,,not-installed,,not-evaluated,,
effects:bam:SPIPLARI,effects/ressources/SPIPLARI,,not-started,,not-started,,not-assessed,,not-installed,,not-evaluated,,
effects:bam:SPIPLAUI,effects/ressources/SPIPLAUI,,not-started,,not-started,,not-assessed,,not-installed,,not-evaluated,,
effects:bam:SPLASH,effects/ressources/SPLASH,,not-started,,not-started,,not-assessed,,not-installed,,not-evaluated,,
effects:bam:SPLIGHTB,effects/ressources/SPLIGHTB,,not-started,,not-started,,not-assessed,,not-installed,,not-evaluated,,
effects:bam:SPMAGGLO,effects/ressources/SPMAGGLO,,not-started,,not-started,,not-assessed,,not-installed,,not-evaluated,,
effects:bam:SPMAGMIS,effects/ressources/SPMAGMIS,spmagmis-seedvr2-3b-lab-x4-20260907,verified,spmagmis-apollo8-30fps-x4-20260907-r2,verified,spmagmis-apollo8-30fps-x4-20260907-r2,passed,effects/index/qa-decisions/SPMAGMIS/2026-09-07-accepted-spmagmis-final-fx-r8.json,installed,backups/renderer/20260907T085746366036Z-16392a5e/renderer-install-receipt.json,approved,effects-v2-spmagmis-spmindat-20260907,final FXRender only; 64x78 runtime; RGB x4 luminance alpha premultiplied; registry v2 timeline 30 FPS; carried in shared approved effect candidate
effects:bam:SPMELBD1,effects/ressources/SPMELBD1,,not-started,,not-started,,not-assessed,,not-installed,,not-evaluated,,
effects:bam:SPMELBD2,effects/ressources/SPMELBD2,,not-started,,not-started,,not-assessed,,not-installed,,not-evaluated,,
effects:bam:SPMETSWA,effects/ressources/SPMETSWA,,not-started,,not-started,,not-assessed,,not-installed,,not-evaluated,,
effects:bam:SPMETSWM,effects/ressources/SPMETSWM,,not-started,,not-started,,not-assessed,,not-installed,,not-evaluated,,
effects:bam:SPMETSWN,effects/ressources/SPMETSWN,,not-started,,not-started,,not-assessed,,not-installed,,not-evaluated,,
effects:bam:SPMINDAT,effects/ressources/SPMINDAT,spmindat-spatial-seedvr2-3b-lab-x4-20260907T074455Z,verified,spmindat-interpolation-apollo8-rgb-nearest-alpha-20260907T081946Z,verified,spmindat-interpolation-apollo8-rgb-nearest-alpha-20260907T081946Z,passed,effects/index/qa-decisions/SPMINDAT/2026-09-07-accepted-horror-emissive-alpha-v1.json,installed,backups/renderer/20260907T085746366036Z-16392a5e/renderer-install-receipt.json,approved,effects-v2-spmagmis-spmindat-20260907,external emissive alpha policy SPMINDAT-emissive-v1; runtime RGB luminance 48..144; alpha erosion 1 px x4; bounded alpha Gaussian 0.6 px x4; premultiplied; registry v2 timeline 30 FPS; ingame QA accepted; approved shared effect candidate
effects:bam:SPMIRROI,effects/ressources/SPMIRROI,,not-started,,not-started,,not-assessed,,not-installed,,not-evaluated,,
effects:bam:SPMONSUM,effects/ressources/SPMONSUM,,not-started,,not-started,,not-assessed,,not-installed,,not-evaluated,,
effects:bam:SPNECRO1,effects/ressources/SPNECRO1,,not-started,,not-started,,not-assessed,,not-installed,,not-evaluated,,
effects:bam:SPNPOISI,effects/ressources/SPNPOISI,,not-started,,not-started,,not-assessed,,not-installed,,not-evaluated,,
effects:bam:SPNWCHRM,effects/ressources/SPNWCHRM,,not-started,,not-started,,not-assessed,,not-installed,,not-evaluated,,
effects:bam:SPOUTA,effects/ressources/SPOUTA,,not-started,,not-started,,not-assessed,,not-installed,,not-evaluated,,
effects:bam:SPPFIRAI,effects/ressources/SPPFIRAI,,not-started,,not-started,,not-assessed,,not-installed,,not-evaluated,,
effects:bam:SPPFIRRI,effects/ressources/SPPFIRRI,,not-started,,not-started,,not-assessed,,not-installed,,not-evaluated,,
effects:bam:SPPFIRXI,effects/ressources/SPPFIRXI,,not-started,,not-started,,not-assessed,,not-installed,,not-evaluated,,
effects:bam:SPPLANAR,effects/ressources/SPPLANAR,,not-started,,not-started,,not-assessed,,not-installed,,not-evaluated,,
effects:bam:SPPOLYMP,effects/ressources/SPPOLYMP,,not-started,,not-started,,not-assessed,,not-installed,,not-evaluated,,
effects:bam:SPPORTAL,effects/ressources/SPPORTAL,,not-started,,not-started,,not-assessed,,not-installed,,not-evaluated,,
effects:bam:SPPOWATK,effects/ressources/SPPOWATK,,not-started,,not-started,,not-assessed,,not-installed,,not-evaluated,,
effects:bam:SPPOWWRD,effects/ressources/SPPOWWRD,,not-started,,not-started,,not-assessed,,not-installed,,not-evaluated,,
effects:bam:SPPRAYRI,effects/ressources/SPPRAYRI,,not-started,,not-started,,not-assessed,,not-installed,,not-evaluated,,
effects:bam:SPPRISM2,effects/ressources/SPPRISM2,,not-started,,not-started,,not-assessed,,not-installed,,not-evaluated,,
effects:bam:SPPRISM3,effects/ressources/SPPRISM3,,not-started,,not-started,,not-assessed,,not-installed,,not-evaluated,,
effects:bam:SPPRISMT,effects/ressources/SPPRISMT,,not-started,,not-started,,not-assessed,,not-installed,,not-evaluated,,
effects:bam:SPPROIMG,effects/ressources/SPPROIMG,,not-started,,not-started,,not-assessed,,not-installed,,not-evaluated,,
effects:bam:SPPROTEC,effects/ressources/SPPROTEC,,not-started,,not-started,,not-assessed,,not-installed,,not-evaluated,,
effects:bam:SPRAISED,effects/ressources/SPRAISED,,not-started,,not-started,,not-assessed,,not-installed,,not-evaluated,,
effects:bam:SPRAISEI,effects/ressources/SPRAISEI,,not-started,,not-started,,not-assessed,,not-installed,,not-evaluated,,
effects:bam:SPRDRABU,effects/ressources/SPRDRABU,,not-started,,not-started,,not-assessed,,not-installed,,not-evaluated,,
effects:bam:SPRDRAE2,effects/ressources/SPRDRAE2,,not-started,,not-started,,not-assessed,,not-installed,,not-evaluated,,
effects:bam:SPRDRAEX,effects/ressources/SPRDRAEX,,not-started,,not-started,,not-assessed,,not-installed,,not-evaluated,,
effects:bam:SPRDRAIM,effects/ressources/SPRDRAIM,,not-started,,not-started,,not-assessed,,not-installed,,not-evaluated,,
effects:bam:SPRDRASI,effects/ressources/SPRDRASI,,not-started,,not-started,,not-assessed,,not-installed,,not-evaluated,,
effects:bam:SPRESIST,effects/ressources/SPRESIST,,not-started,,not-started,,not-assessed,,not-installed,,not-evaluated,,
effects:bam:SPRESURI,effects/ressources/SPRESURI,,not-started,,not-started,,not-assessed,,not-installed,,not-evaluated,,
effects:bam:SPRING,effects/ressources/SPRING,,not-started,,not-started,,not-assessed,,not-installed,,not-evaluated,,
effects:bam:SPRMPARI,effects/ressources/SPRMPARI,,not-started,,not-started,,not-assessed,,not-installed,,not-evaluated,,
effects:bam:SPROTECT,effects/ressources/SPROTECT,,not-started,,not-started,,not-assessed,,not-installed,,not-evaluated,,
effects:bam:SPRWRA2I,effects/ressources/SPRWRA2I,,not-started,,not-started,,not-assessed,,not-installed,,not-evaluated,,
effects:bam:SPRWRATI,effects/ressources/SPRWRATI,,not-started,,not-started,,not-assessed,,not-installed,,not-evaluated,,
effects:bam:SPSARMOR,effects/ressources/SPSARMOR,,not-started,,not-started,,not-assessed,,not-installed,,not-evaluated,,
effects:bam:SPSCHGI,effects/ressources/SPSCHGI,,not-started,,not-started,,not-assessed,,not-installed,,not-evaluated,,
effects:bam:SPSCORCH,effects/ressources/SPSCORCH,,not-started,,not-started,,not-assessed,,not-installed,,not-evaluated,,
effects:bam:SPSCORIC,effects/ressources/SPSCORIC,,not-started,,not-started,,not-assessed,,not-installed,,not-evaluated,,
effects:bam:SPSDBUR,effects/ressources/SPSDBUR,,not-started,,not-started,,not-assessed,,not-installed,,not-evaluated,,
effects:bam:SPSDIMPA,effects/ressources/SPSDIMPA,,not-started,,not-started,,not-assessed,,not-installed,,not-evaluated,,
effects:bam:SPSDIMSP,effects/ressources/SPSDIMSP,,not-started,,not-started,,not-assessed,,not-installed,,not-evaluated,,
effects:bam:SPSDRABU,effects/ressources/SPSDRABU,,not-started,,not-started,,not-assessed,,not-installed,,not-evaluated,,
effects:bam:SPSDRAE2,effects/ressources/SPSDRAE2,,not-started,,not-started,,not-assessed,,not-installed,,not-evaluated,,
effects:bam:SPSDRBUR,effects/ressources/SPSDRBUR,,not-started,,not-started,,not-assessed,,not-installed,,not-evaluated,,
effects:bam:SPSETSCD,effects/ressources/SPSETSCD,,not-started,,not-started,,not-assessed,,not-installed,,not-evaluated,,
effects:bam:SPSETSH,effects/ressources/SPSETSH,,not-started,,not-started,,not-assessed,,not-installed,,not-evaluated,,
effects:bam:SPSETTID,effects/ressources/SPSETTID,,not-started,,not-started,,not-assessed,,not-installed,,not-evaluated,,
effects:bam:SPSETTIH,effects/ressources/SPSETTIH,,not-started,,not-started,,not-assessed,,not-installed,,not-evaluated,,
effects:bam:SPSHADOW,effects/ressources/SPSHADOW,,not-started,,not-started,,not-assessed,,not-installed,,not-evaluated,,
effects:bam:SPSHIELD,effects/ressources/SPSHIELD,,not-started,,not-started,,not-assessed,,not-installed,,not-evaluated,,
effects:bam:SPSHKIMP,effects/ressources/SPSHKIMP,,not-started,,not-started,,not-assessed,,not-installed,,not-evaluated,,
effects:bam:SPSKULLT,effects/ressources/SPSKULLT,,not-started,,not-started,,not-assessed,,not-installed,,not-evaluated,,
effects:bam:SPSMKJET,effects/ressources/SPSMKJET,,not-started,,not-started,,not-assessed,,not-installed,,not-evaluated,,
effects:bam:SPSMOLD,effects/ressources/SPSMOLD,,not-started,,not-started,,not-assessed,,not-installed,,not-evaluated,,
effects:bam:SPSMPUFF,effects/ressources/SPSMPUFF,,not-started,,not-started,,not-assessed,,not-installed,,not-evaluated,,
effects:bam:SPSNRAYI,effects/ressources/SPSNRAYI,,not-started,,not-started,,not-assessed,,not-installed,,not-evaluated,,
effects:bam:SPSOHOPI,effects/ressources/SPSOHOPI,,not-started,,not-started,,not-assessed,,not-installed,,not-evaluated,,
effects:bam:SPSOLBRD,effects/ressources/SPSOLBRD,,not-started,,not-started,,not-assessed,,not-installed,,not-evaluated,,
effects:bam:SPSPAINI,effects/ressources/SPSPAINI,,not-started,,not-started,,not-assessed,,not-installed,,not-evaluated,,
effects:bam:SPSPARKS,effects/ressources/SPSPARKS,,not-started,,not-started,,not-assessed,,not-installed,,not-evaluated,,
effects:bam:SPSPEART,effects/ressources/SPSPEART,,not-started,,not-started,,not-assessed,,not-installed,,not-evaluated,,
effects:bam:SPSPEV,effects/ressources/SPSPEV,,not-started,,not-started,,not-assessed,,not-installed,,not-evaluated,,
effects:bam:SPSPMAZE,effects/ressources/SPSPMAZE,,not-started,,not-started,,not-assessed,,not-installed,,not-evaluated,,
effects:bam:SPSTINK,effects/ressources/SPSTINK,,not-started,,not-started,,not-assessed,,not-installed,,not-evaluated,,
effects:bam:SPSTONES,effects/ressources/SPSTONES,,not-started,,not-started,,not-assessed,,not-installed,,not-evaluated,,
effects:bam:SPSTRENH,effects/ressources/SPSTRENH,,not-started,,not-started,,not-assessed,,not-installed,,not-evaluated,,
effects:bam:SPSTRENI,effects/ressources/SPSTRENI,,not-started,,not-started,,not-assessed,,not-installed,,not-evaluated,,
effects:bam:SPSTRMVA,effects/ressources/SPSTRMVA,,not-started,,not-started,,not-assessed,,not-installed,,not-evaluated,,
effects:bam:SPSTRMVB,effects/ressources/SPSTRMVB,,not-started,,not-started,,not-assessed,,not-installed,,not-evaluated,,
effects:bam:SPSTRONE,effects/ressources/SPSTRONE,,not-started,,not-started,,not-assessed,,not-installed,,not-evaluated,,
effects:bam:SPSTURNI,effects/ressources/SPSTURNI,,not-started,,not-started,,not-assessed,,not-installed,,not-evaluated,,
effects:bam:SPSUMGTE,effects/ressources/SPSUMGTE,,not-started,,not-started,,not-assessed,,not-installed,,not-evaluated,,
effects:bam:SPSUMMON,effects/ressources/SPSUMMON,,not-started,,not-started,,not-assessed,,not-installed,,not-evaluated,,
effects:bam:SPSUMP,effects/ressources/SPSUMP,,not-started,,not-started,,not-assessed,,not-installed,,not-evaluated,,
effects:bam:SPSUMPLN,effects/ressources/SPSUMPLN,,not-started,,not-started,,not-assessed,,not-installed,,not-evaluated,,
effects:bam:SPSUNRAY,effects/ressources/SPSUNRAY,,not-started,,not-started,,not-assessed,,not-installed,,not-evaluated,,
effects:bam:SPTRAPBB,effects/ressources/SPTRAPBB,,not-started,,not-started,,not-assessed,,not-installed,,not-evaluated,,
effects:bam:SPTRUSEE,effects/ressources/SPTRUSEE,,not-started,,not-started,,not-assessed,,not-installed,,not-evaluated,,
effects:bam:SPTURNI2,effects/ressources/SPTURNI2,,not-started,,not-started,,not-assessed,,not-installed,,not-evaluated,,
effects:bam:SPUNHBL2,effects/ressources/SPUNHBL2,,not-started,,not-started,,not-assessed,,not-installed,,not-evaluated,,
effects:bam:SPUNHBL3,effects/ressources/SPUNHBL3,,not-started,,not-started,,not-assessed,,not-installed,,not-evaluated,,
effects:bam:SPUNHBLT,effects/ressources/SPUNHBLT,,not-started,,not-started,,not-assessed,,not-installed,,not-evaluated,,
effects:bam:SPUNHOLY,effects/ressources/SPUNHOLY,,not-started,,not-started,,not-assessed,,not-installed,,not-evaluated,,
effects:bam:SPUSEANY,effects/ressources/SPUSEANY,,not-started,,not-started,,not-assessed,,not-installed,,not-evaluated,,
effects:bam:SPWHIRL,effects/ressources/SPWHIRL,,not-started,,not-started,,not-assessed,,not-installed,,not-evaluated,,
effects:bam:SPWI124A,effects/ressources/SPWI124A,,not-started,,not-started,,not-assessed,,not-installed,,not-evaluated,,
effects:bam:SPWI124B,effects/ressources/SPWI124B,,not-started,,not-started,,not-assessed,,not-installed,,not-evaluated,,
effects:bam:SPWIRBLA,effects/ressources/SPWIRBLA,,not-started,,not-started,,not-assessed,,not-installed,,not-evaluated,,
effects:bam:SPWRDFLD,effects/ressources/SPWRDFLD,,not-started,,not-started,,not-assessed,,not-installed,,not-evaluated,,
effects:bam:STEAM1,effects/ressources/STEAM1,,not-started,,not-started,,not-assessed,,not-installed,,not-evaluated,,
effects:bam:STEAM3,effects/ressources/STEAM3,,not-started,,not-started,,not-assessed,,not-installed,,not-evaluated,,
effects:bam:STEAM4,effects/ressources/STEAM4,,not-started,,not-started,,not-assessed,,not-installed,,not-evaluated,,
effects:bam:STNKCLDD,effects/ressources/STNKCLDD,,not-started,,not-started,,not-assessed,,not-installed,,not-evaluated,,
effects:bam:STNKCLDT,effects/ressources/STNKCLDT,,not-started,,not-started,,not-assessed,,not-installed,,not-evaluated,,
effects:bam:TRAPGR,effects/ressources/TRAPGR,,not-started,,not-started,,not-assessed,,not-installed,,not-evaluated,,
effects:bam:TRAVEL,effects/ressources/TRAVEL,,not-started,,not-started,,not-assessed,,not-installed,,not-evaluated,,
effects:bam:TRAVELB,effects/ressources/TRAVELB,,not-started,,not-started,,not-assessed,,not-installed,,not-evaluated,,
effects:bam:TRBLOBA,effects/ressources/TRBLOBA,,not-started,,not-started,,not-assessed,,not-installed,,not-evaluated,,
effects:bam:TRBLOBB,effects/ressources/TRBLOBB,,not-started,,not-started,,not-assessed,,not-installed,,not-evaluated,,
effects:bam:TRDARTST,effects/ressources/TRDARTST,,not-started,,not-started,,not-assessed,,not-installed,,not-evaluated,,
effects:bam:TREE01,effects/ressources/TREE01,,not-started,,not-started,,not-assessed,,not-installed,,not-evaluated,,
effects:bam:TREE02,effects/ressources/TREE02,,not-started,,not-started,,not-assessed,,not-installed,,not-evaluated,,
effects:bam:TREE03,effects/ressources/TREE03,,not-started,,not-started,,not-assessed,,not-installed,,not-evaluated,,
effects:bam:TREE04,effects/ressources/TREE04,,not-started,,not-started,,not-assessed,,not-installed,,not-evaluated,,
effects:bam:TREE05,effects/ressources/TREE05,,not-started,,not-started,,not-assessed,,not-installed,,not-evaluated,,
effects:bam:TREE06,effects/ressources/TREE06,,not-started,,not-started,,not-assessed,,not-installed,,not-evaluated,,
effects:bam:TREE07,effects/ressources/TREE07,,not-started,,not-started,,not-assessed,,not-installed,,not-evaluated,,
effects:bam:TREE08,effects/ressources/TREE08,,not-started,,not-started,,not-assessed,,not-installed,,not-evaluated,,
effects:bam:TREE09,effects/ressources/TREE09,,not-started,,not-started,,not-assessed,,not-installed,,not-evaluated,,
effects:bam:TREE10,effects/ressources/TREE10,,not-started,,not-started,,not-assessed,,not-installed,,not-evaluated,,
effects:bam:TRGOOYAA,effects/ressources/TRGOOYAA,,not-started,,not-started,,not-assessed,,not-installed,,not-evaluated,,
effects:bam:TRGOOYBB,effects/ressources/TRGOOYBB,,not-started,,not-started,,not-assessed,,not-installed,,not-evaluated,,
effects:bam:TRSPEART,effects/ressources/TRSPEART,,not-started,,not-started,,not-assessed,,not-installed,,not-evaluated,,
effects:bam:TRVENTAA,effects/ressources/TRVENTAA,,not-started,,not-started,,not-assessed,,not-installed,,not-evaluated,,
effects:bam:TRVENTBB,effects/ressources/TRVENTBB,,not-started,,not-started,,not-assessed,,not-installed,,not-evaluated,,
effects:bam:WBRAZR1,effects/ressources/WBRAZR1,,not-started,,not-started,,not-assessed,,not-installed,,not-evaluated,,
effects:bam:WBRAZR2,effects/ressources/WBRAZR2,,not-started,,not-started,,not-assessed,,not-installed,,not-evaluated,,
effects:bam:WBRAZR3,effects/ressources/WBRAZR3,,not-started,,not-started,,not-assessed,,not-installed,,not-evaluated,,
effects:bam:WBRAZR4,effects/ressources/WBRAZR4,,not-started,,not-started,,not-assessed,,not-installed,,not-evaluated,,
effects:bam:WEBBOMB,effects/ressources/WEBBOMB,,not-started,,not-started,,not-assessed,,not-installed,,not-evaluated,,
effects:bam:WEBC,effects/ressources/WEBC,,not-started,,not-started,,not-assessed,,not-installed,,not-evaluated,,
effects:bam:WEBENTD,effects/ressources/WEBENTD,,not-started,,not-started,,not-assessed,,not-installed,,not-evaluated,,
effects:bam:WEBENTH,effects/ressources/WEBENTH,,not-started,,not-started,,not-assessed,,not-installed,,not-evaluated,,
effects:bam:WEBENTT,effects/ressources/WEBENTT,,not-started,,not-started,,not-assessed,,not-installed,,not-evaluated,,
effects:bam:WHIRL01,effects/ressources/WHIRL01,,not-started,,not-started,,not-assessed,,not-installed,,not-evaluated,,
effects:bam:WHIRLY,effects/ressources/WHIRLY,,not-started,,not-started,,not-assessed,,not-installed,,not-evaluated,,
effects:bam:WRITHING,effects/ressources/WRITHING,,not-started,,not-started,,not-assessed,,not-installed,,not-evaluated,,
effects:bam:WTRBODY2,effects/ressources/WTRBODY2,,not-started,,not-started,,not-assessed,,not-installed,,not-evaluated,,
effects:bam:WTRDROP1,effects/ressources/WTRDROP1,,not-started,,not-started,,not-assessed,,not-installed,,not-evaluated,,
