asset_key,resref,format,dependency_count,source_bif,locator,source_size,source_sha256,extracted_path
effect:vvc:1WDCCDAM,1WDCCDAM,VVC,1,data/Effects.bif,0x00300000,492,BF1911D3C23CD5E69FDBF45134F92A1F1ED15BF771419E1DD7FB7F97B10D1FCE,effects/source/vvc/1WDCCDAM.vvc
effect:vvc:1WDCLDAM,1WDCLDAM,VVC,1,data/Effects.bif,0x00300001,492,ABAE3FE829151EF9A37147A8A73D1F4E93ADDED5F8AFFF0159552E2DC2E9F549,effects/source/vvc/1WDCLDAM.vvc
effect:vvc:1WDCMDAM,1WDCMDAM,VVC,1,data/Effects.bif,0x00300002,492,ADF90209FB0C2133F713AB17BAD38843513B2D649FD18DC220EDE315627E96E9,effects/source/vvc/1WDCMDAM.vvc
effect:vvc:1WDCSDAM,1WDCSDAM,VVC,1,data/Effects.bif,0x00300003,492,B9324629E269748BACCEE6AE8CB5BB4525AFB3534D2D60C07EF4C4AB6C66BC70,effects/source/vvc/1WDCSDAM.vvc
effect:vvc:1WDGARMR,1WDGARMR,VVC,1,data/Effects.bif,0x00300004,492,93DF27156AEC7AD1408BFA879C3AF537C7C70F109A69449F8F25ED90D1CCD567,effects/source/vvc/1WDGARMR.vvc
effect:vvc:1WDSARMR,1WDSARMR,VVC,1,data/Effects.bif,0x00300005,492,6D630ADA2E64050AA73F52D9E2828961654FA25905840FB5BA4910302C9B74CC,effects/source/vvc/1WDSARMR.vvc
effect:vvc:ABJURH,ABJURH,VVC,1,data/Patch2.bif,0x0BD00129,492,05E6653AF63803F56B0E364197B5BC44964C3052A2BF4B5E398A4EEC357BFC09,effects/source/vvc/ABJURH.vvc
effect:vvc:AMCALL,AMCALL,VVC,1,data/Effects.bif,0x00300006,492,CF560F385E19923F22025998E78CD049991AAD3E276F9A0CE1E8F8E849DFB981,effects/source/vvc/AMCALL.vvc
effect:vvc:AMYAG_B,AMYAG_B,VVC,1,data/25Effect.bif,0x08C00000,492,64C5FEB6C4EE417199C065409F08227C719EF5B3450660369317DDAE5C5A75C7,effects/source/vvc/AMYAG_B.vvc
effect:vvc:AMYAG_F,AMYAG_F,VVC,1,data/25Effect.bif,0x08C00001,492,8581E3E5E29DBF1B4E8872CEA6E074865A89A1735CDA546AC611FABF08B65D16,effects/source/vvc/AMYAG_F.vvc
effect:vvc:ANFIRE,ANFIRE,VVC,1,data/Effects.bif,0x00300007,492,F6C3A52B7E95AE90C6FB3DB145E21883BEC49FA5286BB15EE470859063BFDDAA,effects/source/vvc/ANFIRE.vvc
effect:vvc:ANPILLAR,ANPILLAR,VVC,1,data/Effects.bif,0x00300008,492,9473616BA2E78B52BE378924A79A35A3601325FD920777B1C7F48B1E5D51F19A,effects/source/vvc/ANPILLAR.vvc
effect:vvc:ASUMM1X,ASUMM1X,VVC,1,data/PATCH26.BIF,0x08600009,492,C3AC2EE0D1E8A49534F0E68B82768EFF9E3E971906167D26A5C2E3FB93F5366E,effects/source/vvc/ASUMM1X.vvc
effect:vvc:BDETHER,BDETHER,VVC,1,data/Patch2.bif,0x0BD00153,492,A52F4AC71EE202E8C39A4DB4017BA93BFFB854A0E02F8817A94138A374151B0F,effects/source/vvc/BDETHER.vvc
effect:vvc:BDETHREA,BDETHREA,VVC,1,data/Patch2.bif,0x0BD00156,492,499843B8580CE527EF8577EB7E2CB75C9ADE12781174F0F71AEAA07748886FC9,effects/source/vvc/BDETHREA.vvc
effect:vvc:BDETHREH,BDETHREH,VVC,1,data/Patch2.bif,0x0BD00158,492,DC22C434124A0FC12D6A261EF930E9EEBCCE0309D94115E6FF2C0B46568E7EBF,effects/source/vvc/BDETHREH.vvc
effect:vvc:BDFAVSPI,BDFAVSPI,VVC,1,data/Patch2.bif,0x0BD0015B,492,9E62289691AE607BAE871C1B5D52DE408DDA92E421DEEF76A1899D918D21743A,effects/source/vvc/BDFAVSPI.vvc
effect:vvc:BDFORCEW,BDFORCEW,VVC,1,data/PATCH26.BIF,0x0860000B,492,4A76C1BB84B78F0314EA1E7DD9BAC0F09C6252AFE999E3367CAECF269A966EFE,effects/source/vvc/BDFORCEW.vvc
effect:vvc:BDRSPIRI,BDRSPIRI,VVC,1,data/Patch2.bif,0x0BD00177,492,0379C81845D4579C933B1E0AB933F639AB3D801F02A10EAE9FFC5B2BAF16E33F,effects/source/vvc/BDRSPIRI.vvc
effect:vvc:BDSHSUM,BDSHSUM,VVC,1,data/Patch2.bif,0x0BD001A5,492,325463908EAB21DDD048D2EB04278268BD2B90F37E9680D634711BF060AB1B04,effects/source/vvc/BDSHSUM.vvc
effect:vvc:BDSPCLAR,BDSPCLAR,VVC,1,data/Patch2.bif,0x0BD001AC,492,1714D2D11ACC072DA589DD81BD3A9149311AED428407402B40D3F99B32FDF79D,effects/source/vvc/BDSPCLAR.vvc
effect:vvc:BDSPLOCK,BDSPLOCK,VVC,1,data/Patch2.bif,0x0BD001B1,492,63CEB820DCBBC08DC60B37918879B34A4481DC43BE37D54C2858030906D60CC5,effects/source/vvc/BDSPLOCK.vvc
effect:vvc:BDSPWARD,BDSPWARD,VVC,1,data/Patch2.bif,0x0BD001B3,492,50DAFBC8AACE50BB9C6046445225B8D1F7A543B7B290F12A9199167E57297EAD,effects/source/vvc/BDSPWARD.vvc
effect:vvc:BGLRYH,BGLRYH,VVC,1,data/Patch25.bif,0x0100000C,492,F31FCAD718AF7F442B1AA37639AA87D24D7248E2372FD06CF9427318F6B3C547,effects/source/vvc/BGLRYH.vvc
effect:vvc:CALLLIGH,CALLLIGH,VVC,1,data/Effects.bif,0x00300016,492,3E157348D3BFB48A26E15452369599DB2539F72754E1DAB657E4B9A53DE77108,effects/source/vvc/CALLLIGH.vvc
effect:vvc:CDHORROR,CDHORROR,VVC,1,data/Effects.bif,0x0030004E,492,4142B0FA7F17C9981369797EF59DC652A66AACF7E0130C4811BA4EF231FABA87,effects/source/vvc/CDHORROR.vvc
effect:vvc:CDUNHVIS,CDUNHVIS,VVC,1,data/Patch25.bif,0x01000019,492,367FFB8F7F3E8A0806A0A0E6C486AEE694636C52B4E3235C5968C79A2D7764FC,effects/source/vvc/CDUNHVIS.vvc
effect:vvc:COLDH,COLDH,VVC,1,data/Patch2.bif,0x0BD001EB,492,4B79DF40DEDFBDF34C5A1C6E1404061BA5C4013F9579205B48C7936C70F6DDEB,effects/source/vvc/COLDH.vvc
effect:vvc:CSHIELDH,CSHIELDH,VVC,1,data/PATCH26.BIF,0x08600012,492,4EDA64C4011ED76D17E570AA64EEB1E3EB9A3EC86471F7D198349729BBD49253,effects/source/vvc/CSHIELDH.vvc
effect:vvc:CURSEH,CURSEH,VVC,1,data/PATCH26.BIF,0x08600014,492,A2371FA7D3EA6F506E7C3BD0813011E34D3CB3C0E7E6B6D50C8C1C08E18CF970,effects/source/vvc/CURSEH.vvc
effect:vvc:DDOORH,DDOORH,VVC,1,data/Patch2.bif,0x0BD001F6,492,9B4693A6275E14500D9C007C4539C53F1D4A9A63ACD636BC134E252B0CC357ED,effects/source/vvc/DDOORH.vvc
effect:vvc:DEATHWRD,DEATHWRD,VVC,1,data/Effects.bif,0x0030006F,492,CA7CA2E66A89EFE47DA62DFD077E1F2DB647F89F62DB8F306590AA6E0D57B968,effects/source/vvc/DEATHWRD.vvc
effect:vvc:ENTTEST1,ENTTEST1,VVC,1,data/Effects.bif,0x0030007B,492,3BC6BE8BFD9C48398795708A0EB02D1B5B734439303459E2903EE7CC241A6504,effects/source/vvc/ENTTEST1.vvc
effect:vvc:EXALTAH,EXALTAH,VVC,1,data/PATCH26.BIF,0x0860001C,492,8F2C9FCE6661930CE9A7BEEAD8D84CE92DC69654552471BDD2C0710128573ECF,effects/source/vvc/EXALTAH.vvc
effect:vvc:FDAWNX,FDAWNX,VVC,1,data/PATCH26.BIF,0x08600024,492,2BC692732077D95B8709C31242E7CF9FE29B26B07B8C67AF6210FC426A638D8C,effects/source/vvc/FDAWNX.vvc
effect:vvc:FIRE2B,FIRE2B,VVC,1,data/25Effect.bif,0x08C0001F,492,40A8A55101493774D31CA2D91955EE8CDA5DC0B6EDEB684BA676773B86FE1F82,effects/source/vvc/FIRE2B.vvc
effect:vvc:FIRECOLD,FIRECOLD,VVC,1,data/Effects.bif,0x00300092,492,68E977E886298B4734FAEE210BE5E50791CFCE5EF808BCFED438182AC6F94827,effects/source/vvc/FIRECOLD.vvc
effect:vvc:FIREH,FIREH,VVC,1,data/PATCH26.BIF,0x0860002D,492,DE79356338A41A0073F3E55B7D56F140491D03CAFD16D81EE8437DD651014AA3,effects/source/vvc/FIREH.vvc
effect:vvc:FIRENC01,FIRENC01,VVC,1,data/Effects.bif,0x00300093,492,0FA6923EEA065F4870F0FB095233DD974D2F4651832250AA2A23D07DE2A77AFE,effects/source/vvc/FIRENC01.vvc
effect:vvc:GLDUSTH,GLDUSTH,VVC,1,data/PATCH26.BIF,0x08600033,492,755FC481EBFEA734B50C4BDC540D6A25D6676CD1564C7FC3821E0E3C8A96733D,effects/source/vvc/GLDUSTH.vvc
effect:vvc:ICARMOR,ICARMOR,VVC,1,data/Effects.bif,0x003000B3,492,E8D3E781C75633493E9A0A5F83ECBD1429EB76E70F912769E8E62E811FA772A3,effects/source/vvc/ICARMOR.vvc
effect:vvc:ICBLESAI,ICBLESAI,VVC,1,data/Effects.bif,0x003000B4,492,BA33CD07DB54C28511071F9453B1E12CB576A4EBBB9A3E187E9D507525CD4EEA,effects/source/vvc/ICBLESAI.vvc
effect:vvc:ICCCMDSI,ICCCMDSI,VVC,1,data/PATCH26.BIF,0x08600034,492,1A1D700102E2870E823BDF07B0EE98D2B8283764AFFA4D6A41C5DA6F05DE1361,effects/source/vvc/ICCCMDSI.vvc
effect:vvc:ICCHMPSI,ICCHMPSI,VVC,1,data/PATCH26.BIF,0x08600035,492,D1A3048C527230F3F501477CB53DC32AD43C99CC80157BBE6E3D2C76B64C3C79,effects/source/vvc/ICCHMPSI.vvc
effect:vvc:ICCLKFR,ICCLKFR,VVC,1,data/Effects.bif,0x003000B5,492,38E79CF03A6C247BB6D0950A6AB22B6B9CFDA1365E70C216AE864CA3A99BAF72,effects/source/vvc/ICCLKFR.vvc
effect:vvc:ICCLKFR2,ICCLKFR2,VVC,1,data/Effects.bif,0x003000B6,492,8091352F3AE4B9E45FC1AB3E11C8FC94637F13CC94E451FE5F377E484AE80D14,effects/source/vvc/ICCLKFR2.vvc
effect:vvc:ICCSWOUI,ICCSWOUI,VVC,1,data/Effects.bif,0x003000B7,492,C4A8A57AC22F10D58D880DCFAB1A5D8FA08FC4428AC4855D91F5D5C893A0597E,effects/source/vvc/ICCSWOUI.vvc
effect:vvc:ICFIRSDI,ICFIRSDI,VVC,1,data/Effects.bif,0x003000B8,492,7E80C26AB310703866C8DF6B690D0CB83C244B9157DF01A59937DEA47A1DD8FB,effects/source/vvc/ICFIRSDI.vvc
effect:vvc:ICFRACTI,ICFRACTI,VVC,1,data/Effects.bif,0x003000B9,492,061293EC23CCAAC573731CD1095B307DAE8D22D5F6B4AABEF12E3635F3B98325,effects/source/vvc/ICFRACTI.vvc
effect:vvc:ICGLYPTI,ICGLYPTI,VVC,1,data/Effects.bif,0x003000BA,492,64EB45B81FDCD829B847D9437B8C0BC69398D6A8B92CF24E49D72D28259D71A4,effects/source/vvc/ICGLYPTI.vvc
effect:vvc:ICINHIT,ICINHIT,VVC,1,data/Effects.bif,0x003000BB,492,7595DB8B8E135B5300B4428614E16C8F8D46AC8D4F7CDAA272DD67C26608CB9F,effects/source/vvc/ICINHIT.vvc
effect:vvc:ICINTRAV,ICINTRAV,VVC,1,data/Effects.bif,0x003000BC,492,3EE119D00D5CE4E3B088A2E372C2113ABE99C175AF0FB0D5FFB9087DE566FEDA,effects/source/vvc/ICINTRAV.vvc
effect:vvc:ICMAGICH,ICMAGICH,VVC,1,data/Effects.bif,0x003000BD,492,5CEB7B81F0D618435BCAB28C41AB43A15554CD7E55B1F773AC8D1DED52182F03,effects/source/vvc/ICMAGICH.vvc
effect:vvc:ICPRAYI,ICPRAYI,VVC,1,data/Effects.bif,0x003000C1,492,B394BB995EB0BDD41F8D9B9548511964E51B29ECC46C26C2FF40241E6645E45B,effects/source/vvc/ICPRAYI.vvc
effect:vvc:ICRAISEI,ICRAISEI,VVC,1,data/Effects.bif,0x003000C2,492,E1A007591E05B052DDED441E3606A67AF527713F476C838780BD64ECA5E80F2B,effects/source/vvc/ICRAISEI.vvc
effect:vvc:ICRMPAR2,ICRMPAR2,VVC,1,data/Effects.bif,0x003000C3,492,FBC1A2919AB862FD5E17BC14941CDE3826431D1B568DFA17ED0CEB602E9E868A,effects/source/vvc/ICRMPAR2.vvc
effect:vvc:ICRMPARI,ICRMPARI,VVC,1,data/Effects.bif,0x003000C4,492,5B83D30FACC3CBF1ED2EC967F7B3A634524CA3BE56C569A8C645960EEFB30D1F,effects/source/vvc/ICRMPARI.vvc
effect:vvc:ICSPAIN,ICSPAIN,VVC,1,data/Effects.bif,0x003000C5,492,AE6B85E9D2D613EBFBEFF296364549C42EE3007C6F182BCD943541A702BB88D1,effects/source/vvc/ICSPAIN.vvc
effect:vvc:ICSTRENI,ICSTRENI,VVC,1,data/Effects.bif,0x003000C6,492,7E47D95BD668245B5B33C1C48664E907FC334E71442741E3D7A7D819C0E98705,effects/source/vvc/ICSTRENI.vvc
effect:vvc:ICSTRONE,ICSTRONE,VVC,1,data/PATCH26.BIF,0x08600036,492,3EB60858D6B17F700931B4971DF6348A4FB3D3D40C1B4DBA1BFDA0DF8742AB1F,effects/source/vvc/ICSTRONE.vvc
effect:vvc:ICWRATI,ICWRATI,VVC,1,data/Effects.bif,0x003000C7,492,33EBD3D211F315EEC985B77CC1680ED9AC92EC0079F73E6C2F1AA12E99F227BF,effects/source/vvc/ICWRATI.vvc
effect:vvc:MAGRES,MAGRES,VVC,1,data/Effects.bif,0x003000D6,492,5729A52270942487C2270C0CE74F40964A45EFADC0104A4C2699C4B75BCA37A8,effects/source/vvc/MAGRES.vvc
effect:vvc:MAGRES2,MAGRES2,VVC,1,data/Effects.bif,0x003000D7,492,C790646C21A4EFA6A6C4025D6B12A0077E057D29DCF909F44177CE59292C8A8F,effects/source/vvc/MAGRES2.vvc
effect:vvc:MAGRES3,MAGRES3,VVC,1,data/Effects.bif,0x003000D8,492,F6D269BA2FA754F9198CC3730E600EF8CEF82DAB2A15E6A0C3F700F15F357845,effects/source/vvc/MAGRES3.vvc
effect:vvc:MAGRES4,MAGRES4,VVC,1,data/Effects.bif,0x003000D9,492,088F93475FB6E83C3A41543195854C249B6577EADAB04BBD37572AD232093A47,effects/source/vvc/MAGRES4.vvc
effect:vvc:MINORGLB,MINORGLB,VVC,1,data/Effects.bif,0x003000DF,492,779140175E26E69A33963B98BEDF8344A3FEA737A5E562E69249AEE893960FDF,effects/source/vvc/MINORGLB.vvc
effect:vvc:MSOLG1,MSOLG1,VVC,1,data/25Effect.bif,0x08C00021,492,FE77FBE670EBA60E38FBC8699EA57B8E4477D5045DD34C7B5350EDBBFEB03231,effects/source/vvc/MSOLG1.vvc
effect:vvc:MSUMM1H,MSUMM1H,VVC,1,data/Patch2.bif,0x0BD0034B,492,5407DED6F11129FB88B557B736C9B6F67F07E9D756C0EE5570585EFC6672E346,effects/source/vvc/MSUMM1H.vvc
effect:vvc:MSUMM1X,MSUMM1X,VVC,1,data/Patch2.bif,0x0BD0034D,492,31850ECC97A8BF8A7C2DAD06401B62F8199EA070117BE8B32FA6A033F0A80DCB,effects/source/vvc/MSUMM1X.vvc
effect:vvc:OHBENVLP,OHBENVLP,VVC,1,data/BlackPits.bif,0x00F006B9,492,C3D71FEB4389039768EC5FC0DB4A16721158221193DA64FC0C5DBCB33DB1C2B9,effects/source/vvc/OHBENVLP.vvc
effect:vvc:OHBGLYPH,OHBGLYPH,VVC,1,data/BlackPits.bif,0x00F006F0,492,8EE90C078D83C1D6DBB1804F1F23DB4801AE60481E6F8B1460B899EBBBBC8C4C,effects/source/vvc/OHBGLYPH.vvc
effect:vvc:OHBGOLD,OHBGOLD,VVC,1,data/BlackPits.bif,0x00F006F7,492,DE66FBFC480F55A03DA853F908A8EF2DC19F5835438D5B37DE9B2290AFFB918B,effects/source/vvc/OHBGOLD.vvc
effect:vvc:OHDLPORT,OHDLPORT,VVC,1,data/Effects.bif,0x003000F1,492,937573A216D6EC1B75872274D0A11A2ADC28C218F2CB6269CF130A59EC21672A,effects/source/vvc/OHDLPORT.vvc
effect:vvc:OHDSTREE,OHDSTREE,VVC,1,data/Effects.bif,0x003000F2,492,2422AA0367872CA560DC3C90E38D58DDC89E7D8743848ADF00A6FD5168CD819E,effects/source/vvc/OHDSTREE.vvc
effect:vvc:OHHFIRRI,OHHFIRRI,VVC,1,data/Hexxat.bif,0x0B60067A,492,640861E5B000C60A1D6A63205A3293C300B4905052A4A24DED85A6718FADD5BA,effects/source/vvc/OHHFIRRI.vvc
effect:vvc:OHHNECR,OHHNECR,VVC,1,data/Hexxat.bif,0x0B6006C5,492,257CD03BDF9FB09B6BDFFE802F806D12746C52262D7DB3C07BE3A717BF0CB670,effects/source/vvc/OHHNECR.vvc
effect:vvc:OHHSMOVE,OHHSMOVE,VVC,1,data/Hexxat.bif,0x0B6006F6,492,63D7904AFAF022D1363356A3EC00BCE3269D8592D12B36CBFF6D8C005C90114F,effects/source/vvc/OHHSMOVE.vvc
effect:vvc:OHNPORTA,OHNPORTA,VVC,1,data/Neera.bif,0x0B800627,492,892C43DBE271BC4D74114DE27B7E9F2F5AD9767310377089CB8BC656C269F1FE,effects/source/vvc/OHNPORTA.vvc
effect:vvc:OHNVIS1,OHNVIS1,VVC,1,data/Neera.bif,0x0B8006A2,492,009A50320DBDB52E538147A6F2F246D13FC9C016FF61D5B688C29B20B5F39A2D,effects/source/vvc/OHNVIS1.vvc
effect:vvc:OHNVIS2,OHNVIS2,VVC,1,data/Neera.bif,0x0B8006A3,492,E722EBC8FBECC6E3A61DE460E2C21BC33B6C19B839D57E08C6325C46D6CA9A1E,effects/source/vvc/OHNVIS2.vvc
effect:vvc:OHNVIS3,OHNVIS3,VVC,1,data/Neera.bif,0x0B8006A4,492,40E6BEE2D332332C7A616BB9333F042550B5F7492D0CF7223E4548956C328549,effects/source/vvc/OHNVIS3.vvc
effect:vvc:OHNVIS4,OHNVIS4,VVC,1,data/Neera.bif,0x0B8006A5,492,A2D118AB911C901570C64BFE79AD9C85B783B20DAAFA3C6C746BB4C005DB5CF9,effects/source/vvc/OHNVIS4.vvc
effect:vvc:OHNWAND1,OHNWAND1,VVC,1,data/Neera.bif,0x0B8006B3,492,0AB23FBEAF586282A1FE2BDB00BEF0B577F6A686632EE895FF76A150CA247B1B,effects/source/vvc/OHNWAND1.vvc
effect:vvc:OHRDARK,OHRDARK,VVC,1,data/Rasaad.bif,0x0B9007D5,492,DFAD7A1EAF0668B0EEC08FF5A8BE75ED6157E1335E495BDD5DA8A14C8F7EBD5F,effects/source/vvc/OHRDARK.vvc
effect:vvc:OHRFEAR,OHRFEAR,VVC,1,data/Rasaad.bif,0x0B9007FE,492,559BC97B3EE7FE32DF9DDE72EC79CA492B409BCFEABE5553607848E071D8BF18,effects/source/vvc/OHRFEAR.vvc
effect:vvc:OHRMIND,OHRMIND,VVC,1,data/Rasaad.bif,0x0B90085A,492,812F1D217A6A7984AE317C31F18503B700875D8FF20BF5AFF6F8D9FB45FA1891,effects/source/vvc/OHRMIND.vvc
effect:vvc:OHRMJAR,OHRMJAR,VVC,1,data/Rasaad.bif,0x0B90085C,492,F25B8E956DBA7BBB2B1BB8082CA16BEFCE138199C2A82875444A35CD8B0478B6,effects/source/vvc/OHRMJAR.vvc
effect:vvc:OHRPOLY1,OHRPOLY1,VVC,1,data/Rasaad.bif,0x0B90087D,492,838D084C310D67767F3D6AE81308B93F037376F36439F00815F7599E64B10F05,effects/source/vvc/OHRPOLY1.vvc
effect:vvc:OHRPOLY2,OHRPOLY2,VVC,1,data/Rasaad.bif,0x0B90087E,492,D10CF57DCEAC0020944F8383784955FA7E2F449A881A1401B4E4E20D6D2985DA,effects/source/vvc/OHRPOLY2.vvc
effect:vvc:OHRSGATE,OHRSGATE,VVC,1,data/Rasaad.bif,0x0B9008AB,492,9460350867D95ABFD7AE0B55162E671B7F51AD991CEBEF854D1F7DF42F7B63B4,effects/source/vvc/OHRSGATE.vvc
effect:vvc:OHRSGONE,OHRSGONE,VVC,1,data/Rasaad.bif,0x0B9008B0,492,EF6FDABBC8E47BE416415925DAAFBA0C679D584C9EA6A7C341C4AE59ED6D98B9,effects/source/vvc/OHRSGONE.vvc
effect:vvc:OHRSHFIE,OHRSHFIE,VVC,1,data/Rasaad.bif,0x0B9008C7,492,8EE2AF2C4644E9487FCC91E0DB850891CD03F7A8F4AF30875BFCF77D7455EE42,effects/source/vvc/OHRSHFIE.vvc
effect:vvc:OHRSTEAM,OHRSTEAM,VVC,1,data/Rasaad.bif,0x0B9008EF,492,30028A0C848D9C422B79FF4B76388B208E8205E94642214112455B6E0AD5422A,effects/source/vvc/OHRSTEAM.vvc
effect:vvc:PARALH,PARALH,VVC,1,data/Patch2.bif,0x0BD00374,492,0CCAD5D42A95D9670A20B4BE22DDD303EFB15E64070F894F237762FC60B034FD,effects/source/vvc/PARALH.vvc
effect:vvc:POISON,POISON,VVC,1,data/Effects.bif,0x003000FD,492,9A10616A8D24D80088B3ACDA3E0EB01F5619D7337D5A05420A622FC814CCE444,effects/source/vvc/POISON.vvc
effect:vvc:POLYBACK,POLYBACK,VVC,1,data/Effects.bif,0x003000FE,492,5B8A1EBA2691907A2AEA190727CDE16FC02524E5A05E99F675A54B060D0A1784,effects/source/vvc/POLYBACK.vvc
effect:vvc:PRAYERB,PRAYERB,VVC,1,data/PATCH26.BIF,0x0860003F,492,741B90BFBCF57263F7D7A2469499CA88CEBDDEA3B69D0C97A256C095FE392FB7,effects/source/vvc/PRAYERB.vvc
effect:vvc:PRAYERG,PRAYERG,VVC,1,data/PATCH26.BIF,0x08600041,492,FA60A213B8DEA58762CF45AF2FC3AE81EF5465D03AD69EF027DB1826B81F902E,effects/source/vvc/PRAYERG.vvc
effect:vvc:PROJEND,PROJEND,VVC,1,data/Effects.bif,0x00300101,492,366919711CB6EC16D273289B304931079DD3E1B10E5279D21865CD59B82B9F73,effects/source/vvc/PROJEND.vvc
effect:vvc:SHACID,SHACID,VVC,1,data/Effects.bif,0x00300107,492,477AEF6FC64C4B41A91B025C4F736F1176B77157B4280A818181DF49E770CFA2,effects/source/vvc/SHACID.vvc
effect:vvc:SHACID2,SHACID2,VVC,1,data/Effects.bif,0x00300108,492,D38D8CE30B7241563AC23506528A28658DB3D18280070140345CAD0F8B54703A,effects/source/vvc/SHACID2.vvc
effect:vvc:SHAIR,SHAIR,VVC,1,data/Patch2.bif,0x0BD0038B,492,DA2759B37752B8854CFB1CF8D503DAED89CC8E79A26BBF58D34807A9A88BC065,effects/source/vvc/SHAIR.vvc
effect:vvc:SHAREAB,SHAREAB,VVC,1,data/PATCH26.BIF,0x0860004A,492,6AB44C68DC81B08E1CC99138A294B8B09A63E17815B0333BFF9B4D430B6E057B,effects/source/vvc/SHAREAB.vvc
effect:vvc:SHAREAW,SHAREAW,VVC,1,data/PATCH26.BIF,0x0860004C,492,701A459D0BBECB76B4F81FBE983269000261C663A4C31DF941A131410096E65F,effects/source/vvc/SHAREAW.vvc
effect:vvc:SPABJURA,SPABJURA,VVC,1,data/Effects.bif,0x00300127,492,5EF2627A91BFFB0CCDF6A4B8208AA0572A18A75B8E2B6E58D85E894C72080588,effects/source/vvc/SPABJURA.vvc
effect:vvc:SPALTERA,SPALTERA,VVC,1,data/Effects.bif,0x0030012B,492,D884C3697380B2E8B3F8FE89085CB3BFCB29D9F1A780099854E564F7F8839E54,effects/source/vvc/SPALTERA.vvc
effect:vvc:SPANISUM,SPANISUM,VVC,1,data/Effects.bif,0x00300135,492,D5085EA1AD1B42DBFD258F4C507FD5472246D48FB5B551C7986DED5AB89A3E1B,effects/source/vvc/SPANISUM.vvc
effect:vvc:SPARM2,SPARM2,VVC,1,data/Effects.bif,0x00300136,492,A5CC4B61E4E763791CF37B65E71F2CF2C5844A6D8D28DF70C6C6E1B31DEDEB82,effects/source/vvc/SPARM2.vvc
effect:vvc:SPARMOUR,SPARMOUR,VVC,1,data/Effects.bif,0x00300137,492,0E675F1E8AEFC38F08B132E1BF1F1C2DB4F665D099DDF8CD78E0591F92FA6161,effects/source/vvc/SPARMOUR.vvc
effect:vvc:SPATTCK1,SPATTCK1,VVC,1,data/Effects.bif,0x00300139,492,F0E9D4C277259DFB30B5B66208FD41D1A7034E9EE261BF2247E7B37C9E7D3204,effects/source/vvc/SPATTCK1.vvc
effect:vvc:SPATTCK2,SPATTCK2,VVC,1,data/Effects.bif,0x0030013A,492,94B012952C82F6C3FE51C26ADFC3BB2AD11FC61BC8E0A935E04659735B98F09C,effects/source/vvc/SPATTCK2.vvc
effect:vvc:SPAURAFB,SPAURAFB,VVC,1,data/25Effect.bif,0x08C0002B,492,1CA291C4D4E5ECA90B0F10CFE054B884B2B1C8F251E0BA709A5800C00FF9996A,effects/source/vvc/SPAURAFB.vvc
effect:vvc:SPAURAFD,SPAURAFD,VVC,1,data/25Effect.bif,0x08C0002C,492,06585A744D310A3B3DBF682BE48105CCCA7AF95B0BF244CA2E32FDB67ED595D5,effects/source/vvc/SPAURAFD.vvc
effect:vvc:SPAURAFF,SPAURAFF,VVC,1,data/25Effect.bif,0x08C0002D,492,7BE3F0FE7869AE80E5B4D91157BD843BB858B595C62E6279DAB8030D143C59AC,effects/source/vvc/SPAURAFF.vvc
effect:vvc:SPBEHBLA,SPBEHBLA,VVC,1,data/Effects.bif,0x0030013B,492,03AEAFA37DC1D28D5AC64EB4B3C76D449AEA6D27DEBD4B6E5366E957B251F462,effects/source/vvc/SPBEHBLA.vvc
effect:vvc:SPBEHPOO,SPBEHPOO,VVC,1,data/Effects.bif,0x0030013C,492,072599F0661DF8E37154DB6398483A872160CCA691C746794DE194FAE1D7AF50,effects/source/vvc/SPBEHPOO.vvc
effect:vvc:SPBEHRAY,SPBEHRAY,VVC,1,data/Effects.bif,0x0030013D,492,FDB5ECCA4D105A2194C08B715C396E1A8FED9B09EDE12A692DCA2BED2AC28AD4,effects/source/vvc/SPBEHRAY.vvc
effect:vvc:SPBGBFS1,SPBGBFS1,VVC,1,data/PATCH26.BIF,0x0860004F,492,7C811064A85834409240EC5A050507F8F4DA425D31B7AA5C07BFE915F0101665,effects/source/vvc/SPBGBFS1.vvc
effect:vvc:SPBGBFS2,SPBGBFS2,VVC,1,data/PATCH26.BIF,0x08600052,492,3FE852BECC95020371C339316DB528F8576B6F3E8BB6C88BC2B63EA35B7DA933,effects/source/vvc/SPBGBFS2.vvc
effect:vvc:SPBGBFST,SPBGBFST,VVC,1,data/25Effect.bif,0x08C0002E,492,8714613EC4A5483FF0CEB2D9B55693BCD6A5C26656047F517F0781EE3709FB7A,effects/source/vvc/SPBGBFST.vvc
effect:vvc:SPBLDBTM,SPBLDBTM,VVC,1,data/Effects.bif,0x0030013E,492,2690AB67CDD5F8663AADF0C7D9B8310C42F5E2EFFB6539E88BE26A8F8714E7B4,effects/source/vvc/SPBLDBTM.vvc
effect:vvc:SPBLDTOP,SPBLDTOP,VVC,1,data/Effects.bif,0x0030013F,492,A7300CFED9AF62706BA0E87D9898743A3D0E764786AB6BA22EF8F07A32261B57,effects/source/vvc/SPBLDTOP.vvc
effect:vvc:SPBOLTGL,SPBOLTGL,VVC,1,data/Effects.bif,0x00300140,492,EC1EF563E80B6C39030FA0F05325C2E93C1E6ED90F12EDCBA51A3ED47DEFFF2A,effects/source/vvc/SPBOLTGL.vvc
effect:vvc:SPCAUSEW,SPCAUSEW,VVC,1,data/PATCH26.BIF,0x08600055,492,85252BF07E236F571E904BEC29E4BEAD933DB41A95ABF7C47E0F314DB658E807,effects/source/vvc/SPCAUSEW.vvc
effect:vvc:SPCHLGT1,SPCHLGT1,VVC,1,data/Effects.bif,0x00300143,492,86409FD00526D09B0EECBD68E9877AEBFBBC1248CB20468FAC3287FDA5BCCDBC,effects/source/vvc/SPCHLGT1.vvc
effect:vvc:SPCHLGT2,SPCHLGT2,VVC,1,data/Effects.bif,0x00300144,492,6DA0E882E75892C44755040CCCB0A133A2E79C3A7DFC76A5C940C1D614F52BCC,effects/source/vvc/SPCHLGT2.vvc
effect:vvc:SPCHLGT3,SPCHLGT3,VVC,1,data/Effects.bif,0x00300145,492,661F0771EA3E17910830DDD5286CB535BE61AD4CCE09DE4754F8025666DA1236,effects/source/vvc/SPCHLGT3.vvc
effect:vvc:SPCL236,SPCL236,VVC,1,data/Effects.bif,0x00300148,492,294BB5D41787F0CBD6D7BA8A0629719A1FCB8D71A27CCE812E47AB141AF90136,effects/source/vvc/SPCL236.vvc
effect:vvc:SPCL239,SPCL239,VVC,1,data/Effects.bif,0x00300154,492,090CC235EC2E05BA1D26FB2FF57DAE82B1461583591732351BFE9CF9B0B9A3AB,effects/source/vvc/SPCL239.vvc
effect:vvc:SPCL239X,SPCL239X,VVC,1,data/Patch25.bif,0x0100004A,492,692AF6B73C131319AE627FF40F42E93275E163A0241A556F582520BC973007B3,effects/source/vvc/SPCL239X.vvc
effect:vvc:SPCLOUD1,SPCLOUD1,VVC,1,data/Effects.bif,0x0030015F,492,1461DED65D2E5A0B2F8F695D1389D0ADB90F70A38D4070C5FF98F01BD84A4915,effects/source/vvc/SPCLOUD1.vvc
effect:vvc:SPCLOUD2,SPCLOUD2,VVC,1,data/Effects.bif,0x00300160,492,ADD9C021F8C96C5389448C3EEC979D0CE18823442D257B87EF95D58A8BCF89B7,effects/source/vvc/SPCLOUD2.vvc
effect:vvc:SPCLOUD3,SPCLOUD3,VVC,1,data/Effects.bif,0x00300161,492,9599D8B39B2E38506DB0423211892710864D45F2FBFFD5B2490F9D49692DC39E,effects/source/vvc/SPCLOUD3.vvc
effect:vvc:SPCOMEND,SPCOMEND,VVC,1,data/Effects.bif,0x00300162,492,8B6BF10151F736F17851FCF749E0BF5A941DE2C10530EAF85768A1BD8CF0E0B9,effects/source/vvc/SPCOMEND.vvc
effect:vvc:SPCOMEX1,SPCOMEX1,VVC,1,data/25Effect.bif,0x08C0003B,492,5EE34CF7598B4C9B631448BB5EC59285AA7F5ACFDAE696A180D6F7D8F475F779,effects/source/vvc/SPCOMEX1.vvc
effect:vvc:SPCOMEX2,SPCOMEX2,VVC,1,data/25Effect.bif,0x08C0003C,492,057CE0C27B127253B2F083145BF5D15ED2BB8BFDC036303D08618B1D738BC89C,effects/source/vvc/SPCOMEX2.vvc
effect:vvc:SPCOMSTT,SPCOMSTT,VVC,1,data/Effects.bif,0x00300163,492,D4B1281E0DFA6E20E1FB7A818F607BBAACC6B3A2C0F6C896C13A086C28556670,effects/source/vvc/SPCOMSTT.vvc
effect:vvc:SPCOMTRV,SPCOMTRV,VVC,1,data/25Effect.bif,0x08C0003D,492,0C393777C29DD7CE77663F5B765571AD0C5BD4FEE5FB84C2FF10F7C6C9643A69,effects/source/vvc/SPCOMTRV.vvc
effect:vvc:SPCONFUS,SPCONFUS,VVC,1,data/Effects.bif,0x00300164,492,1F446415C7A610BD22273141075E7133E75ABD6B9C6B8EA8A4A09B36647C45A4,effects/source/vvc/SPCONFUS.vvc
effect:vvc:SPCONTIN,SPCONTIN,VVC,1,data/Effects.bif,0x00300165,492,2836D5474B212BF61D72E7592FA065080EC841890FAD27960725FBEE5E7E55C0,effects/source/vvc/SPCONTIN.vvc
effect:vvc:SPCRTWPN,SPCRTWPN,VVC,1,data/Effects.bif,0x00300166,492,466F242C2B8A8B5418402322B93E65D9225465B75381174472555239B18832C6,effects/source/vvc/SPCRTWPN.vvc
effect:vvc:SPDEATH3,SPDEATH3,VVC,1,data/Effects.bif,0x00300168,492,B2DC42F2CF0845D0A72B76B5144413E1F5A134C48A7DF8F326968051A6BA0BFD,effects/source/vvc/SPDEATH3.vvc
effect:vvc:SPDHRMNY,SPDHRMNY,VVC,1,data/PATCH26.BIF,0x0860005D,492,EC84AB6AF9DC5E967859E9DD12829D34BA68D2475EBAC578CDD59986A8B2C589,effects/source/vvc/SPDHRMNY.vvc
effect:vvc:SPDIMNDR,SPDIMNDR,VVC,1,data/Effects.bif,0x00300169,492,8F7BE7DE3B748D28D331AF4BDF71233983F036E9A87AA4DD4FFDEECF3F587786,effects/source/vvc/SPDIMNDR.vvc
effect:vvc:SPDISPM2,SPDISPM2,VVC,1,data/Effects.bif,0x0030016A,492,9D7735F6BC67213718A5010B5B1714F5F63BBB4BB0B793838583584909B63AA7,effects/source/vvc/SPDISPM2.vvc
effect:vvc:SPDISPMA,SPDISPMA,VVC,1,data/Effects.bif,0x0030016B,492,5E41F50E22708887FA95A38831F2775EEB7B0E61F5153E0F85D077E6C7BE852E,effects/source/vvc/SPDISPMA.vvc
effect:vvc:SPDIVINA,SPDIVINA,VVC,1,data/Effects.bif,0x0030016C,492,7CD7D24ACA6F97CB01DDD3F8E0B922F136A321577CC68617BE7A475465B949D7,effects/source/vvc/SPDIVINA.vvc
effect:vvc:SPDRGNBR,SPDRGNBR,VVC,1,data/25Effect.bif,0x08C00043,492,37604F07C6ACADEDF81AA32F2B938F058CA4B789ABDE879B695DF5085810DDE0,effects/source/vvc/SPDRGNBR.vvc
effect:vvc:SPDUSTY2,SPDUSTY2,VVC,1,data/Effects.bif,0x0030016F,492,E61208F0FDA9645B92247C6423B26E3D41E7842CEC77A9CD8144926808F65522,effects/source/vvc/SPDUSTY2.vvc
effect:vvc:SPELEMND,SPELEMND,VVC,1,data/Effects.bif,0x00300176,492,A716011807A0F55A2F44518F8461DBA86AAD59666EE2AA895446D79FC34F40AC,effects/source/vvc/SPELEMND.vvc
effect:vvc:SPENTANG,SPENTANG,VVC,1,data/Effects.bif,0x00300177,492,F63C3D2345D7495B738DCD3E09D75CEB9AAB1F68BAA625F56BFCF0573C534A9A,effects/source/vvc/SPENTANG.vvc
effect:vvc:SPFDAWN,SPFDAWN,VVC,1,data/Effects.bif,0x00300178,492,6B461EE9E29BE10F6CA2AB49594860351797FA52800A266C29221BE08895652E,effects/source/vvc/SPFDAWN.vvc
effect:vvc:SPFEARE2,SPFEARE2,VVC,1,data/Effects.bif,0x00300179,492,02E3F02FEB8AADC0CA71645F60E8EBB3A651BAB9B93254FE4179A445FFF54827,effects/source/vvc/SPFEARE2.vvc
effect:vvc:SPFEAREF,SPFEAREF,VVC,1,data/Effects.bif,0x0030017A,492,27E989B655F2A36FCA6BE7BEC8471036D1B6E7D4E0DA0FEB2C6B14A60F333751,effects/source/vvc/SPFEAREF.vvc
effect:vvc:SPFINGER,SPFINGER,VVC,1,data/Effects.bif,0x0030017C,492,C4A6C163626953BA7BBA9F1915AEF4AA34AB5070C856EBAD43A56D2D59B41D69,effects/source/vvc/SPFINGER.vvc
effect:vvc:SPFIREPI,SPFIREPI,VVC,1,data/Effects.bif,0x00300183,492,903734425C6EA17A971E1D02FF21A6995E45AA887D9D7355A29211202C8CC4F0,effects/source/vvc/SPFIREPI.vvc
effect:vvc:SPFIRESA,SPFIRESA,VVC,1,data/Effects.bif,0x00300184,492,1F251D125F0B5C0C1FD8B2527E2515D0F464261F015D77F4FD5345FC981CE164,effects/source/vvc/SPFIRESA.vvc
effect:vvc:SPFIRESB,SPFIRESB,VVC,1,data/Effects.bif,0x00300185,492,B9E4440EABDF21BAF87987F2DF7AFB94BA94724EC3FF432DE120CA498449F9F4,effects/source/vvc/SPFIRESB.vvc
effect:vvc:SPFIRESG,SPFIRESG,VVC,1,data/PATCH26.BIF,0x08600060,492,700C787AF7BB98DA8B4F094616D54B70B46A0CA685ECEDE41D850D94D3654A67,effects/source/vvc/SPFIRESG.vvc
effect:vvc:SPFIRESH,SPFIRESH,VVC,1,data/PATCH26.BIF,0x08600061,492,D4D0DA0664CB06ECF4053B1E457D6E654CB0D954715DFA7682AEED2C981ECE48,effects/source/vvc/SPFIRESH.vvc
effect:vvc:SPFIRESR,SPFIRESR,VVC,1,data/Effects.bif,0x00300186,492,202B4C1C6276FA39F8040E970AC6D4D244E6165FCCA036DC5E293A3D16E53A26,effects/source/vvc/SPFIRESR.vvc
effect:vvc:SPFIREST,SPFIREST,VVC,1,data/Effects.bif,0x00300187,492,64EDF8AF310B6FD2EA80CEDE5245EA1A8D74C06E78BB54C75C00E95CAFCE5FD9,effects/source/vvc/SPFIREST.vvc
effect:vvc:SPFIRSD2,SPFIRSD2,VVC,1,data/Effects.bif,0x00300188,492,FB074C6EEDBC9FD8EC070DE46F612D10DF994C30D29AF3C3DF28565C69901089,effects/source/vvc/SPFIRSD2.vvc
effect:vvc:SPFLAMES,SPFLAMES,VVC,1,data/Effects.bif,0x00300189,492,2D5E7931CBD837DDA17F3663A04B90F89F7D1F3A07BF0070EA4607C3F675DABC,effects/source/vvc/SPFLAMES.vvc
effect:vvc:SPFLASNC,SPFLASNC,VVC,1,data/Effects.bif,0x0030018A,492,AE7D468E9772CF7D0C2EC3C9EDDC855B7DBB4CC060EFFBC32233294C9E30A526,effects/source/vvc/SPFLASNC.vvc
effect:vvc:SPFLAST2,SPFLAST2,VVC,1,data/Effects.bif,0x0030018B,492,B1D574360EBC00628821FB9268A28CF40052E651A4BD136D0C104E3F9423B1B9,effects/source/vvc/SPFLAST2.vvc
effect:vvc:SPFLAYER,SPFLAYER,VVC,1,data/Effects.bif,0x0030018C,492,8293E11A99B87AD3D6F46EEA8DF17D4AB119AEA45C3152834F7E746A0E7E58EF,effects/source/vvc/SPFLAYER.vvc
effect:vvc:SPFLBLAD,SPFLBLAD,VVC,1,data/Effects.bif,0x0030018D,492,577F0A70D64D1F9D541566F931F418D55D6C6D062F5D48358EC3AF1330EDE86F,effects/source/vvc/SPFLBLAD.vvc
effect:vvc:SPFLESH2,SPFLESH2,VVC,1,data/Effects.bif,0x0030018E,492,B0F9F0E8C2E116F2A58C1DACCADDE2853AB94C5C5ABB087B3C416BA6E5DF57B0,effects/source/vvc/SPFLESH2.vvc
effect:vvc:SPFLESHS,SPFLESHS,VVC,1,data/Effects.bif,0x0030018F,492,7FA99112B0B26323BF2DCAE1F1EAB14B282328B46DBE0C009C356F0F072B5276,effects/source/vvc/SPFLESHS.vvc
effect:vvc:SPFLMBLD,SPFLMBLD,VVC,1,data/Effects.bif,0x00300190,492,4B0EA5B8A210763EA15192F45353698365051148BC2376D84D5D2032E69F3C31,effects/source/vvc/SPFLMBLD.vvc
effect:vvc:SPFLSRIN,SPFLSRIN,VVC,1,data/Effects.bif,0x00300191,492,4795754BC4094AC94E50BBCD0CE97DA41CF74DC08F2405ED823950FA1F5367D0,effects/source/vvc/SPFLSRIN.vvc
effect:vvc:SPFRIEND,SPFRIEND,VVC,1,data/PATCH26.BIF,0x08600063,492,367FFB8F7F3E8A0806A0A0E6C486AEE694636C52B4E3235C5968C79A2D7764FC,effects/source/vvc/SPFRIEND.vvc
effect:vvc:SPGFLSH1,SPGFLSH1,VVC,1,data/Effects.bif,0x00300194,492,C99BCC9C754A4F9E1EB15E49A8DAC808A1D54AEA0148B7646C33B89E48A3DFBB,effects/source/vvc/SPGFLSH1.vvc
effect:vvc:SPGLBBLD,SPGLBBLD,VVC,1,data/25Effect.bif,0x08C00044,492,2F5B3782131E346869ADF2BFBF7A6B46E51B6497BF896E72FEB8BE0005CED116,effects/source/vvc/SPGLBBLD.vvc
effect:vvc:SPGREORB,SPGREORB,VVC,1,data/Effects.bif,0x00300195,492,BD44E75AD2ADB6687AA716A9168C1002628A3751F478374116683ABFDFADB461,effects/source/vvc/SPGREORB.vvc
effect:vvc:SPGRWHRL,SPGRWHRL,VVC,1,data/25Effect.bif,0x08C00045,492,2361C46046796C3227273A67C1D7D39A99B9D73E03C38C68CA82B13EBB94E53F,effects/source/vvc/SPGRWHRL.vvc
effect:vvc:SPGSUNSR,SPGSUNSR,VVC,1,data/Effects.bif,0x00300196,492,1AB04BBC3B8FCC76E727976C0C853B9BCC5E734A66108C295ACC568227EC82DF,effects/source/vvc/SPGSUNSR.vvc
effect:vvc:SPGSUNST,SPGSUNST,VVC,1,data/Effects.bif,0x00300197,492,32551CA4CD52F75010BEA1B6238A7A2375BB6BF6F935688B596D5A595F95F7DC,effects/source/vvc/SPGSUNST.vvc
effect:vvc:SPH1HI01,SPH1HI01,VVC,1,data/Effects.bif,0x00300198,492,9BC5234F554607187D5F6BB68CD5DF924DD11C8CF9207235D7001863D756521D,effects/source/vvc/SPH1HI01.vvc
effect:vvc:SPHANDA2,SPHANDA2,VVC,1,data/Effects.bif,0x0030019A,492,D32C75D8FF1415C538FA2854539EF88AB98F4F904ED821B8AAE5B0AAE5B41A24,effects/source/vvc/SPHANDA2.vvc
effect:vvc:SPHANDAT,SPHANDAT,VVC,1,data/Effects.bif,0x0030019B,492,D9D00A3D3377056783ADE10622A4A42B33D0C958B3D150988E927F57777C2B2D,effects/source/vvc/SPHANDAT.vvc
effect:vvc:SPHEALIN,SPHEALIN,VVC,1,data/Effects.bif,0x0030019C,492,CCC34D7DCD2F06C1FE548CF4B0AD54223B7B3093C99CDA2B342D109AF4B38177,effects/source/vvc/SPHEALIN.vvc
effect:vvc:SPHEART,SPHEART,VVC,1,data/25Effect.bif,0x08C00046,492,BB61E478EC12906375A4EA78A4A5C99A533395C8E837C73D001D9C2FFBBBF4BA,effects/source/vvc/SPHEART.vvc
effect:vvc:SPHLHI02,SPHLHI02,VVC,1,data/Effects.bif,0x0030019D,492,FE50EB1D4DDE4955298C62C95228136F254C11C150E09CC263DAEF129719CCD8,effects/source/vvc/SPHLHI02.vvc
effect:vvc:SPHLYBLS,SPHLYBLS,VVC,1,data/Effects.bif,0x0030019E,492,21BC726F75B4B2B4BE625AFF65704AC4257D15C02890682C4A5633E2404D5680,effects/source/vvc/SPHLYBLS.vvc
effect:vvc:SPHOLY,SPHOLY,VVC,1,data/Effects.bif,0x0030019F,492,516C1B3CA074D6EE9594F9D27DCABC337C6C32C931DD18F58DC61B6E1B0D1BA8,effects/source/vvc/SPHOLY.vvc
effect:vvc:SPHOLYMT,SPHOLYMT,VVC,1,data/Effects.bif,0x003001A0,492,D38B66EBB5A66D731D43D600EB8320850A3682F2BC7CC7ED9A74C58591420346,effects/source/vvc/SPHOLYMT.vvc
effect:vvc:SPILLUS,SPILLUS,VVC,1,data/Effects.bif,0x003001A5,492,FB1173D9984644104FFC1714ABD07A7BB87F9A8A51B43E42C60A3376301813E7,effects/source/vvc/SPILLUS.vvc
effect:vvc:SPIMPFR,SPIMPFR,VVC,1,data/25Effect.bif,0x08C00047,492,1605B3C540DD899E6A534B2AD6F48F4E961C22907A5116AD0686A74CE06D23C0,effects/source/vvc/SPIMPFR.vvc
effect:vvc:SPMAGGLO,SPMAGGLO,VVC,1,data/Effects.bif,0x003001AE,492,22F0CD361584133FC4A11DEC6A76B5C56A6BE900FF5D2A3B704B0B222794EBAB,effects/source/vvc/SPMAGGLO.vvc
effect:vvc:SPMAZE1,SPMAZE1,VVC,1,data/Effects.bif,0x003001AF,492,FA402C14E840A27BDC3B475AC0E0729CD350AE4A930CD777AF79940802EC0B1D,effects/source/vvc/SPMAZE1.vvc
effect:vvc:SPMAZE2,SPMAZE2,VVC,1,data/Effects.bif,0x003001B0,492,5C0670BB54E9EF16A430907347826294C32323EA4F5509252C6C90320CBF06B9,effects/source/vvc/SPMAZE2.vvc
effect:vvc:SPMELBD1,SPMELBD1,VVC,1,data/25Effect.bif,0x08C0004A,492,003C05891B3AEFEF56B8D0F407A08B8ADDBBD6C13E4F471FDBF78093DCFDA182,effects/source/vvc/SPMELBD1.vvc
effect:vvc:SPMELBD2,SPMELBD2,VVC,1,data/25Effect.bif,0x08C0004B,492,863D4B60E210F64A9498D93ED080BC451C1EFCD4AB83FF1F812CFEAF9195071F,effects/source/vvc/SPMELBD2.vvc
effect:vvc:SPMETSW2,SPMETSW2,VVC,1,data/Effects.bif,0x003001B1,492,B2520B4FC5D3499357310ED785D710DDAA4A6FAFD9D2D4E5D594907FC63CE9CB,effects/source/vvc/SPMETSW2.vvc
effect:vvc:SPMETSW3,SPMETSW3,VVC,1,data/25Effect.bif,0x08C0004C,492,3478A70AB1E10697DB87248CD1B7A2D4F001A8EB6ABB277580386B40480A4D6B,effects/source/vvc/SPMETSW3.vvc
effect:vvc:SPMETSWA,SPMETSWA,VVC,1,data/Effects.bif,0x003001B2,492,82F9EEB49432E241C496E5E707A86277C7BC3A4D0DBD3012B2303BA36444F707,effects/source/vvc/SPMETSWA.vvc
effect:vvc:SPMINDAT,SPMINDAT,VVC,1,data/Effects.bif,0x003001B3,492,4142B0FA7F17C9981369797EF59DC652A66AACF7E0130C4811BA4EF231FABA87,effects/source/vvc/SPMINDAT.vvc
effect:vvc:SPMONSUM,SPMONSUM,VVC,1,data/Effects.bif,0x003001BA,492,44AE427F8C23E3BD3A2BCA948AB8B0E58F443E9786FE0627BF6B266CC6C3E7CD,effects/source/vvc/SPMONSUM.vvc
effect:vvc:SPNECRO1,SPNECRO1,VVC,1,data/Effects.bif,0x003001BC,492,398F0E24A96906F3D4A7FA8C0184F421C70A045A55570A478B97BF1DD390411C,effects/source/vvc/SPNECRO1.vvc
effect:vvc:SPNWCHRM,SPNWCHRM,VVC,1,data/Effects.bif,0x003001BE,492,367FFB8F7F3E8A0806A0A0E6C486AEE694636C52B4E3235C5968C79A2D7764FC,effects/source/vvc/SPNWCHRM.vvc
effect:vvc:SPPLANAR,SPPLANAR,VVC,1,data/Effects.bif,0x003001C0,492,74109AE53587E6484C69C9B98974CB3E0317A5C253E5FE44C43F81CC956CCB95,effects/source/vvc/SPPLANAR.vvc
effect:vvc:SPPOLYMP,SPPOLYMP,VVC,1,data/Effects.bif,0x003001C2,492,7820066781FD3016844BF6A0B1DEAD65B7A26892B8202096DAC94115BF50B698,effects/source/vvc/SPPOLYMP.vvc
effect:vvc:SPPORTAL,SPPORTAL,VVC,1,data/Effects.bif,0x003001C3,492,C32675844C863A8CCB52FAB0472247559A5F52700A3C13D782AD8AB436474F8A,effects/source/vvc/SPPORTAL.vvc
effect:vvc:SPPOWATK,SPPOWATK,VVC,1,data/25Effect.bif,0x08C0004F,492,A8A0B90969973F286E999F32FF95E2F4C8621ACBF5C6DF05AABDD45F353F20AB,effects/source/vvc/SPPOWATK.vvc
effect:vvc:SPPOWRRD,SPPOWRRD,VVC,1,data/Effects.bif,0x003001C4,492,2A2FBDA7B0A927575C800B649DE0AA8AA85FFE6F2C58E18C8FF52DE6A7DF75DD,effects/source/vvc/SPPOWRRD.vvc
effect:vvc:SPPOWWRD,SPPOWWRD,VVC,1,data/Effects.bif,0x003001C5,492,713E0F4CC7FFBEDDB84446D306C1713E3BD4AC7234382612E4B12919E3C0F26A,effects/source/vvc/SPPOWWRD.vvc
effect:vvc:SPPROIMG,SPPROIMG,VVC,1,data/Effects.bif,0x003001C7,492,AE178787DDE5F63C829B10A1DE0FDC0C277E9C1C180CED0BB4A5D838693D3B66,effects/source/vvc/SPPROIMG.vvc
effect:vvc:SPPROTEC,SPPROTEC,VVC,1,data/Effects.bif,0x003001C8,492,132918C067FEB42FA62EAE9701EDB3CFFF5FD8DC5CAA999ED4E8518411D365EC,effects/source/vvc/SPPROTEC.vvc
effect:vvc:SPRAISED,SPRAISED,VVC,1,data/Effects.bif,0x003001C9,492,B5821D60B9BAD62A65028FA241B03FBBAEAC20E5CEBA748AB1402DBA0F21796D,effects/source/vvc/SPRAISED.vvc
effect:vvc:SPRES01,SPRES01,VVC,1,data/25Effect.bif,0x08C00050,492,B7D07B0229BFDFDF7140085BA80B65A48701BB6AD866368D490BD61771AF286A,effects/source/vvc/SPRES01.vvc
effect:vvc:SPRES02,SPRES02,VVC,1,data/25Effect.bif,0x08C00051,492,138A3A081650F8A9619E17B5367A80F72216B4FFB96268267D0543862212F52E,effects/source/vvc/SPRES02.vvc
effect:vvc:SPRMCURS,SPRMCURS,VVC,1,data/Effects.bif,0x003001CA,492,292C377746E54FB8AB6006B462C8096F1AEB370DA4AA9645502C35DEBC7980C5,effects/source/vvc/SPRMCURS.vvc
effect:vvc:SPROTECT,SPROTECT,VVC,1,data/Effects.bif,0x003001CB,492,B1CA5791D2FC9649A577FB1E2629EAA7D34F31952CC933C6CE9AD410653CCCE3,effects/source/vvc/SPROTECT.vvc
effect:vvc:SPSARMOR,SPSARMOR,VVC,1,data/Effects.bif,0x003001CC,492,C2F5C8264E5AA959E248C16CF5EB19F798D42ED26C7968D89E73522BD8863978,effects/source/vvc/SPSARMOR.vvc
effect:vvc:SPSDIMPA,SPSDIMPA,VVC,1,data/Effects.bif,0x003001CD,492,49B95765392611BC69EA4C3502D7F304502C5C34F16D75269CFAF3DD4E641C56,effects/source/vvc/SPSDIMPA.vvc
effect:vvc:SPSETSCD,SPSETSCD,VVC,1,data/25Effect.bif,0x08C00052,492,6E9714033BDE91B21A45F3415842C01E7C2A29A46B72DCEE5DC7A56747D71644,effects/source/vvc/SPSETSCD.vvc
effect:vvc:SPSETTID,SPSETTID,VVC,1,data/25Effect.bif,0x08C00053,492,608957779331A5D9B4A89B4509A05A9C558229E1A66F8BACA28167D2C94A7E55,effects/source/vvc/SPSETTID.vvc
effect:vvc:SPSETTIH,SPSETTIH,VVC,1,data/PATCH26.BIF,0x08600077,492,68D0CA98DF862D97552051FF807C28AF0109CBE55845FEE80873394B353FE7AC,effects/source/vvc/SPSETTIH.vvc
effect:vvc:SPSHKIMP,SPSHKIMP,VVC,1,data/Effects.bif,0x003001D1,492,22C3074E56682B8DCF4645D55AB481FD70C2EF754023F25B5124AF4D20A0E489,effects/source/vvc/SPSHKIMP.vvc
effect:vvc:SPSOLBRD,SPSOLBRD,VVC,1,data/25Effect.bif,0x08C00055,492,8561A17747D54155B8C4837A17FB63CE811F7815A8A9827022112816D55B138C,effects/source/vvc/SPSOLBRD.vvc
effect:vvc:SPSPEV,SPSPEV,VVC,1,data/25Effect.bif,0x08C00056,492,EA20950216708F85C0884503D3BAB2936F306A433791014574AE8DD6F22C4A65,effects/source/vvc/SPSPEV.vvc
effect:vvc:SPSPMAZE,SPSPMAZE,VVC,1,data/Effects.bif,0x003001D2,492,BEF379513092FB4CBBD5A36C37DAE1EE4C6815D27F635188FBE457972A6C87CA,effects/source/vvc/SPSPMAZE.vvc
effect:vvc:SPSTONES,SPSTONES,VVC,1,data/Effects.bif,0x003001D4,492,6C4B8B7B500229816C5D4E7A0E6832450A4FD34D18113F42688FD75D578B4252,effects/source/vvc/SPSTONES.vvc
effect:vvc:SPSTRENH,SPSTRENH,VVC,1,data/Effects.bif,0x003001D5,492,DEBAEABD82962AC9512EE8388D12B5F2A3C4A8CA6FD5EF6C92F50765238A3037,effects/source/vvc/SPSTRENH.vvc
effect:vvc:SPSTRMVA,SPSTRMVA,VVC,1,data/25Effect.bif,0x08C00057,492,5A047F83CD4AD2B9469CBDEF7F089F76B3FE3A52E5C7542C39B33D021A7FAF99,effects/source/vvc/SPSTRMVA.vvc
effect:vvc:SPSTRMVB,SPSTRMVB,VVC,1,data/25Effect.bif,0x08C00058,492,082C48953E9200B6D364128731C3409E57C835BB955E679FD568B6CEAB9390F9,effects/source/vvc/SPSTRMVB.vvc
effect:vvc:SPSTURNI,SPSTURNI,VVC,1,data/Effects.bif,0x003001D6,492,DEBFB1FAE5E98CC2571751B049C87FC217F0344BA3CFA9332012B2CDF1F1B02A,effects/source/vvc/SPSTURNI.vvc
effect:vvc:SPSUMGTE,SPSUMGTE,VVC,1,data/Effects.bif,0x003001D7,492,8D25ABBB87097C53615000CA2C9EEF5AEA7E1A3A9CDF32A6332D486D4F6CE09B,effects/source/vvc/SPSUMGTE.vvc
effect:vvc:SPSUMP,SPSUMP,VVC,1,data/25Effect.bif,0x08C00059,492,210B26E4FC33F6F78890367E59BC5DB46C01AFC20523A4BD1F0DEBF6658AD7F7,effects/source/vvc/SPSUMP.vvc
effect:vvc:SPSUMPLN,SPSUMPLN,VVC,1,data/25Effect.bif,0x08C0005A,492,CA96495FD92B1F904CD7E0C40EEA9C0E5AF182BC9DE9CD8CEB21F7A39030ECC4,effects/source/vvc/SPSUMPLN.vvc
effect:vvc:SPSUNRAY,SPSUNRAY,VVC,1,data/Effects.bif,0x003001D8,492,25B1FFEC0B42E0EAA7A522C968D809CB06ABB18BB7942DD3D8092F1244ED2FED,effects/source/vvc/SPSUNRAY.vvc
effect:vvc:SPTENSTB,SPTENSTB,VVC,1,data/Effects.bif,0x003001D9,492,76B01F0BB963AAD8D8EF5A57487CEA56A5B58B79AA73008F30DD9334710E652A,effects/source/vvc/SPTENSTB.vvc
effect:vvc:SPTENSTT,SPTENSTT,VVC,1,data/Effects.bif,0x003001DA,492,7820066781FD3016844BF6A0B1DEAD65B7A26892B8202096DAC94115BF50B698,effects/source/vvc/SPTENSTT.vvc
effect:vvc:SPTRAPBB,SPTRAPBB,VVC,1,data/Effects.bif,0x003001DB,492,827154E6FFAFE8D9FFD0F5BF2F867813A6B9386D137C46ED29D9BDFAF87547B5,effects/source/vvc/SPTRAPBB.vvc
effect:vvc:SPTRUSEE,SPTRUSEE,VVC,1,data/Effects.bif,0x003001DC,492,6907280909D042B8352140354C68FC8E629949859E6770BBB5184968C9913F43,effects/source/vvc/SPTRUSEE.vvc
effect:vvc:SPTURNI2,SPTURNI2,VVC,1,data/Effects.bif,0x003001DD,492,FD9CEC43BDED5ACD9C96BCB9D3E0052193B24441B964EE901A9581537F32CD6E,effects/source/vvc/SPTURNI2.vvc
effect:vvc:SPUNHOLY,SPUNHOLY,VVC,1,data/Effects.bif,0x003001DE,492,43C9571489497B73FD0CCA01333E0AC8D8145F697FA4A61D78AD226CB5649314,effects/source/vvc/SPUNHOLY.vvc
effect:vvc:SPUSEANY,SPUSEANY,VVC,1,data/25Effect.bif,0x08C0005B,492,D10975E995892AC204E234F702212F90259B43CCAAFB1806E86399672B341487,effects/source/vvc/SPUSEANY.vvc
effect:vvc:SPWHIRL,SPWHIRL,VVC,1,data/25Effect.bif,0x08C0005C,492,ABC81664B475AA7076912ABF80A3B8BA8B18F20DFD80690DAE0E589B7C7D11DA,effects/source/vvc/SPWHIRL.vvc
effect:vvc:SPWM104,SPWM104,VVC,1,data/Effects.bif,0x003001E5,492,0B368D5E2E9054C8244F4B641C8D95AF0B5B5EE568FAE9B2B90F0620FEE7E435,effects/source/vvc/SPWM104.vvc
effect:vvc:SPWOOD,SPWOOD,VVC,1,data/Effects.bif,0x003001E6,492,DDA2438245B5E5E8A5AC4396FC97D0069A978C997BC38AEFD5451217B143FD9C,effects/source/vvc/SPWOOD.vvc
effect:vvc:SPWRDFLD,SPWRDFLD,VVC,1,data/Effects.bif,0x003001E7,492,337D8AE942D61527992EDEB0CE91E263CF61D7687ECCC99C5E297DE8B67B8D72,effects/source/vvc/SPWRDFLD.vvc
effect:vvc:TRGOOYAA,TRGOOYAA,VVC,1,data/Effects.bif,0x003001FB,492,C51700AB642D88D0056E5C0C43B836762419F0E2467F32933C71EE713D2ABF71,effects/source/vvc/TRGOOYAA.vvc
effect:vvc:TRGOOYBB,TRGOOYBB,VVC,1,data/Effects.bif,0x003001FC,492,DB4FAACD5AEB5D2A5F7D9838C6E96A76FA1A45B14B63466817AD30A87E1A5839,effects/source/vvc/TRGOOYBB.vvc
effect:vvc:TRSPEART,TRSPEART,VVC,1,data/Effects.bif,0x003001FF,492,9AD7C7191ABBA6A9FBF65CDA1CD5332CB51B20DD31F6142A9783C44F036648F1,effects/source/vvc/TRSPEART.vvc
effect:vvc:TRVENTAA,TRVENTAA,VVC,1,data/Effects.bif,0x00300200,492,B17BF6DD40B77DA37B550796645ACF97FDCD219D275151DE3F7E1F75261DE15C,effects/source/vvc/TRVENTAA.vvc
effect:vvc:TRVENTBB,TRVENTBB,VVC,1,data/Effects.bif,0x00300201,492,F54C8A8C5B616DC74D9D1437371C445548FB1CEDA0E935EA51E61E6A33A13096,effects/source/vvc/TRVENTBB.vvc
effect:vvc:WONDER,WONDER,VVC,1,data/Effects.bif,0x00300214,492,A022EE1419D2FB547D43F302B26A377AAA4CB5955FAC0A881D2F253EF368570E,effects/source/vvc/WONDER.vvc
effect:vef:FDAWNX,FDAWNX,VEF,1,data/PATCH26.BIF,0x08600023,472,D9F93D6EB06B1C3C53F72E26A049BEE66CEFBBE4A72AEF27EC1E897BCC733FF3,effects/source/vef/FDAWNX.vef
effect:vef:SPCOMEX,SPCOMEX,VEF,2,data/Patch2.bif,0x0BD00397,472,6B260D086A047FE63F0A8059EC760724660D3EE4EBAA77DCA8D660EAD24C4E04,effects/source/vef/SPCOMEX.vef
