resref,areas,element,correction_id,alpha_operations,inner_radius_x4,canvas_radius_x4,canvas_edges,rgb_policy,status,validated_date,prototype,notes
AM307UR1,AR0307;AR0329,coffre,ar0307-ar0329-six-bam-rgb-neutral-30fps-v2,blended-rgb-neutralisation,0,0,none,zero-under-null-alpha,validated-prototype-installed,2026-08-31,animations/packs-par-zone/combined-20260831-ar0307-ar0329-six-bam-30fps-v2,"Ressource Blended ; x4 SeedVR2 7B/LAB puis V2 TimedTimeline 30 FPS apo-8. RGB mis à zéro sous alpha nul après interpolation ; alpha inchangé. Pack de zone AR0307/AR0329 ; QA 30 FPS ingame utilisateur validée le 2026-08-31."
AM307UR2,AR0307;AR0329,coffre,ar0307-ar0329-six-bam-rgb-neutral-30fps-v2,blended-rgb-neutralisation,0,0,none,zero-under-null-alpha,validated-prototype-installed,2026-08-31,animations/packs-par-zone/combined-20260831-ar0307-ar0329-six-bam-30fps-v2,"Ressource Blended ; x4 SeedVR2 7B/LAB puis V2 TimedTimeline 30 FPS apo-8. RGB mis à zéro sous alpha nul après interpolation ; alpha inchangé. Pack de zone AR0307/AR0329 ; QA 30 FPS ingame utilisateur validée le 2026-08-31."
AM307UR3,AR0307;AR0329,coffre,ar0307-ar0329-six-bam-rgb-neutral-30fps-v2,blended-rgb-neutralisation,0,0,none,zero-under-null-alpha,validated-prototype-installed,2026-08-31,animations/packs-par-zone/combined-20260831-ar0307-ar0329-six-bam-30fps-v2,"Ressource Blended ; x4 SeedVR2 7B/LAB puis V2 TimedTimeline 30 FPS apo-8. RGB mis à zéro sous alpha nul après interpolation ; alpha inchangé. Pack de zone AR0307/AR0329 ; QA 30 FPS ingame utilisateur validée le 2026-08-31."
AM0205A,AR0205,pod,am0205a-interpolation-27f-15fps-canvas32,canvas-edge-feather,0,32,top;right;bottom;left,unchanged,validated-prototype-installed,2026-08-21,animations/runs/AM0205A-pod-canvas-feather-x4,Pod interpole x4: fondu de canvas 32 px x4 sur les quatre bords. Toutes les 27 frames a 15 FPS; RGB inchange; alpha seulement; installation reversible.
AM0205B,AR0205,pod,am0205b-interpolation-27f-15fps-canvas32,canvas-edge-feather,0,32,top;right;bottom;left,unchanged,validated-prototype-installed,2026-08-21,animations/runs/AM0205B-pod-canvas-feather-x4,Pod interpole x4: fondu de canvas 32 px x4 sur les quatre bords. Toutes les 27 frames a 15 FPS; RGB inchange; alpha seulement; installation reversible.
AM0205C,AR0205,pod,am0205c-interpolation-27f-15fps-canvas32,canvas-edge-feather,0,32,top;right;bottom;left,unchanged,validated-prototype-installed,2026-08-21,animations/runs/AM0205C-pod-canvas-feather-x4,Pod interpole x4: fondu de canvas 32 px x4 sur les quatre bords. Toutes les 27 frames a 15 FPS; RGB inchange; alpha seulement; installation reversible.
AM0205D,AR0205,pod,am0205d-interpolation-27f-15fps-canvas32,canvas-edge-feather,0,32,top;right;bottom;left,unchanged,validated-prototype-installed,2026-08-21,animations/runs/AM0205D-pod-canvas-feather-x4,Pod interpole x4: fondu de canvas 32 px x4 sur les quatre bords. Toutes les 27 frames a 15 FPS; RGB inchange; alpha seulement; installation reversible.
AM0602F,AR0602,lanterne,am0602f-inner8-canvas32,inner-distance-feather;canvas-edge-feather,8,32,top;right;bottom;left,unchanged,validated-prototype-installed,2026-08-20,animations/runs/AM0602F-lanterne-canvas-feather-x4,Le fondu objet de 8 px x4 conserve la lanterne et son raccord au socle; le fondu de canvas de 32 px x4 efface la delimitation du carre de sol. Toutes les 9 frames; alpha seulement; installation reversible.
AM0602B,AR0602,cheminée,am0602b-deheld-manual-floor-mask-30fps-v2,manual-grayscale-mask,0,0,none,unchanged,validated-prototype-installed,2026-08-23,animations/runs/AM0602B-cheminee-manual-floor-mask-x4,Cheminée x4 interpolée: masque manuel RGB répété sur les 36 phases (blanc conserve alpha; noir transparent; gris feather); RGB inchangé; alpha seulement; V2 deheld 30 FPS; validation utilisateur en jeu confirmée le 2026-08-23; installation réversible.
AM0602C,AR0602,eau,ar0602-eau-inner8-canvas32,inner-distance-feather;canvas-edge-feather,8,32,top;right;bottom;left,unchanged,validated-prototype-installed,2026-08-23,animations/runs/AM0602C-eau-alpha-feather-x4,Eau (SeedVR2 3B x4): fondu de silhouette 8 px x4 sur le contour du masque + fondu de canvas 32 px x4 sur les quatre bords. Toutes les 7 frames; RGB inchange; alpha seulement; installation reversible; validation utilisateur en jeu confirmee le 2026-08-23.
AM0602D,AR0602,eau,ar0602-eau-inner8-canvas32,inner-distance-feather;canvas-edge-feather,8,32,top;right;bottom;left,unchanged,validated-prototype-installed,2026-08-23,animations/runs/AM0602D-eau-alpha-feather-x4,Eau (SeedVR2 3B x4): fondu de silhouette 8 px x4 sur le contour du masque + fondu de canvas 32 px x4 sur les quatre bords. Toutes les 7 frames; RGB inchange; alpha seulement; installation reversible; validation utilisateur en jeu confirmee le 2026-08-23.
AM0602E,AR0602,eau,ar0602-eau-inner8-canvas32,inner-distance-feather;canvas-edge-feather,8,32,top;right;bottom;left,unchanged,validated-prototype-installed,2026-08-23,animations/runs/AM0602E-eau-alpha-feather-x4,Eau (SeedVR2 3B x4): fondu de silhouette 8 px x4 sur le contour du masque + fondu de canvas 32 px x4 sur les quatre bords. Toutes les 7 frames; RGB inchange; alpha seulement; installation reversible; validation utilisateur en jeu confirmee le 2026-08-23.
AM0602G,AR0602,eau,ar0602-eau-inner8-canvas32,inner-distance-feather;canvas-edge-feather,8,32,top;right;bottom;left,unchanged,validated-prototype-installed,2026-08-23,animations/runs/AM0602G-eau-alpha-feather-x4,Eau (SeedVR2 3B x4): fondu de silhouette 8 px x4 sur le contour du masque + fondu de canvas 32 px x4 sur les quatre bords. Toutes les 7 frames; RGB inchange; alpha seulement; installation reversible; validation utilisateur en jeu confirmee le 2026-08-23.
SPHINCT,AR0516,orifice,ar0516-sphinct-sphinct2-geometric-sigma3-erode2-alpha-30fps-v2,geometric-binary-mask,0,0,none,unchanged,validated-prototype-installed,2026-08-27,animations/runs/SPHINCT-SPHINCT2-geometric-sigma3-erode2-20260827,AR0516 : masque binaire géométrique (seuil 127; Gaussian sigma 3 x4; érosion opaque 2 px x4) répété sur les 51 frames 30 fps; RGB inchangé; validation utilisateur avec réserve le 2026-08-27 — amélioration de contour possible mais non bloquante.
SPHINCT,AR0517;AR0518;AR0519;AR0520;AR0521,orifice,ar0517-to-ar0521-sphinct-occlusion-masque-perso-20260827,geometric-binary-mask;world-anchored-occlusion-mask,0,0,none,premultiplied-on-occluded-texels,validated-prototype-installed,2026-08-27,animations/runs/AR0517-SPHINCT-occlusion-reference-20260827,Masque binaire géométrique de base puis masque d'occlusion peint masque_perso.png projeté sur les 51 frames; variante registre v3 ancrée par occurrence sur AR0517–AR0521; validation utilisateur avec réserve le 2026-08-27 — tracé de masque perfectible mais résultat passable et non bloquant.
SPHINCT2,AR0516,orifice,ar0516-sphinct-sphinct2-geometric-sigma3-erode2-alpha-30fps-v2,geometric-binary-mask,0,0,none,unchanged,validated-prototype-installed,2026-08-27,animations/runs/SPHINCT-SPHINCT2-geometric-sigma3-erode2-20260827,AR0516 : masque binaire géométrique (seuil 127; Gaussian sigma 3 x4; érosion opaque 2 px x4) répété sur les 51 frames 30 fps; RGB inchangé; validation utilisateur avec réserve le 2026-08-27 — amélioration de contour possible mais non bloquante.
AM0033AB,AR0315;AR0527;AR0710;AR3026;AR6012,bassin,am0033ab-apo8-x4-30fps-v2-spline-fit1-feather6,spline-periodic-mask;inner-distance-feather,6,0,none,unchanged,validated-prototype-installed,2026-08-27,animations/runs/AM0033AB-spline-contour-x4,Bassin d'eau sombre partagé sur 5 zones; x4 SeedVR2 7B/LAB (run am0033ab-seedvr7b-lab-x4) puis V2 TimedTimeline 30 FPS apo-8 (run am0033ab-apo8-x4-30fps-v2; 7 -> 14 frames); masque = spline périodique fit-error 1.0 sample-spacing 1.5 supersample 4 sur l'alpha x4 (padding transparent 32 px x4 pour fermer le contour au bord du canvas puis recrop 616x440) puis fondu intérieur de silhouette 6 px x4 (smoothstep); alpha_final = alpha_source * masque / 255 répété sur les 14 phases; RGB inchangé; run dérivé am0033ab-spline-fit1-feather6-30fps-v2; livré par pack de zone; QA validée par l'utilisateur le 2026-08-27 sur zones SoA + AR6012 (ToB); réserve mineure fin de projet: fin liseré sombre facette gauche présent dès le x4 RGB; installation réversible.
FIRE_1,AR0700;AR0802;AR0805;AR0810;AR0811;AR2013;AR3027;AR5000,grande flamme,ar0700-fire1-x4-rgb-neutral-20260827,blended-rgb-neutralisation,0,0,none,zero-under-null-alpha,validated-prototype-installed,2026-08-27,animations/packs-par-zone/ar0700-fire-rgb-neutral-20260827,"Neutralisation RGB sous alpha nul (build_blended_rgb_neutral_pack.py --mode zero) sur le split par zone. Ressource Blended (flag ARE bit 1): sur ce chemin le RGB est additionne a la scene meme sous alpha==0, et la couleur hallucinee par SeedVR dans la zone transparente produisait un fond/halo. Alpha inchange octet pour octet; RGB intra-masque inchange octet pour octet; seul le RGB hors masque passe a 0. Lot FIRE_1+FIRE_4: 1212 frames, 2880282 pixels, 83 zones. Trois correctifs alpha prealables (feather 40-104, 64-144, coupe 90) sans effet mesurable en jeu. Procedure: pipeline/ANIMATION_BLENDED_RGB_NEUTRALISATION.md. QA utilisateur en jeu le 2026-08-27 sur AR0700."
FIRE_4,AR0201;AR0202;AR0300;AR0307;AR0309;AR0329;AR0331;AR0334;AR0400;AR0405;AR0406;AR0504;AR0509;AR0511;AR0522;AR0526;AR0529;AR0700;AR0704;AR0706;AR0709;AR0800;AR0801;AR0802;AR0803;AR0808;AR0809;AR0904;AR0906;AR0907;AR1002;AR1005;AR1010;AR1103;AR1104;AR1105;AR1107;AR1201;AR1202;AR1204;AR1301;AR1302;AR1306;AR1401;AR1511;AR1512;AR1513;AR1514;AR1516;AR1603;AR1604;AR1606;AR1608;AR1613;AR2001;AR2002;AR2007;AR2008;AR2009;AR2208;AR5000;AR5006;AR5007;AR5012;AR5016;AR5202;AR5503;OH4210;OH5300;OH6100;OH6200;OH6450;OH6460;OH8100;OH8200;OH8300;OH8400;OH9000,petite flamme,ar0700-fire4-x4-rgb-neutral-20260827,blended-rgb-neutralisation,0,0,none,zero-under-null-alpha,validated-prototype-installed,2026-08-27,animations/packs-par-zone/ar0700-fire-rgb-neutral-20260827,"Neutralisation RGB sous alpha nul (build_blended_rgb_neutral_pack.py --mode zero) sur le split par zone. Ressource Blended (flag ARE bit 1): sur ce chemin le RGB est additionne a la scene meme sous alpha==0, et la couleur hallucinee par SeedVR dans la zone transparente produisait un fond/halo. Alpha inchange octet pour octet; RGB intra-masque inchange octet pour octet; seul le RGB hors masque passe a 0. Lot FIRE_1+FIRE_4: 1212 frames, 2880282 pixels, 83 zones. Trois correctifs alpha prealables (feather 40-104, 64-144, coupe 90) sans effet mesurable en jeu. Procedure: pipeline/ANIMATION_BLENDED_RGB_NEUTRALISATION.md. QA utilisateur en jeu le 2026-08-27 sur AR0700."
CHIMSMK,AR0300;AR0400;AR0500;AR1100;AR2000,fumée,chimsmk-apo8-x4-30fps-v2-spline-fit1-multicontour-feather4-oval-edgefade20x6,blended-rgb-neutralisation;spline-fit1-multicontour-per-frame;inner-distance-feather;oval-edge-fade,4,20,top;bottom;left;right,premultiplied-by-final-alpha,validated-prototype-installed,2026-09-01,animations/runs/chimsmk-apo8-x4-30fps-v2-spline-fit1-feather4-oval-edgefade20x6-candidate-v2,Ressource Blended (flag ARE bit 1). Spline Fit 1 Multi-Contour / Per-Frame Feather 4 puis Oval Edge Fade 20/6 ; RGB prémultiplié par alpha final. QA vidéo et ingame acceptée le 2026-09-01 : run-manifest SHA ec1280446177449680ac93f97c0ded162f4f6c7e9dbb11894f18eeacd8f2c136. Installé dans combined-20260901-chimsmk-oval-dstdvl1a-b-c-activefade7-20-7-candidate ; sauvegarde per-area-backup-20260901-214850.
DSTDVL1A,AR0411;AR0414;AR1100;AR1200;AR1600;AR1700;AR5200;AR5500;AR6300;OH6400,effet DSTDVL,dstdvl1a-apo8-x4-30fps-v2-spline-fit1-coreguard16-activefade7-20-7,blended-rgb-neutralisation;spline-fit1-multicontour-per-frame;inner-distance-core-guard;timeline-active-fade,16,0,none,premultiplied-by-final-alpha,validated-prototype-installed,2026-09-01,animations/runs/dstdvl1a-apo8-x4-30fps-v2-spline-fit1-coreguard16-activefade7-20-7-candidate,"Ressource Blended. Spline Fit 1 Multi-Contour — Core Guard 16 ; fade actif 7/20/7 appliqué aux 34 phases non vides seulement, avec 20 phases centrales opaques ; 14 textures alpha/RGB prémultipliées clonées. QA vidéo et ingame acceptée le 2026-09-01 : run-manifest SHA b962b59d078b48d5897a19d762e6f7c620dcfbb1a5862c8089bc5a26d6643e0d. Installé dans combined-20260901-chimsmk-oval-dstdvl1a-b-c-activefade7-20-7-candidate ; sauvegarde per-area-backup-20260901-214850."
DSTDVL1B,AR0411;AR0414;AR1100;AR1200;AR1600;AR1700;AR5200;AR5500;AR6300;OH6400,effet DSTDVL,dstdvl1b-apo8-x4-30fps-v2-spline-fit1-coreguard16-activefade7-20-7,blended-rgb-neutralisation;spline-fit1-multicontour-per-frame;inner-distance-core-guard;timeline-active-fade,16,0,none,premultiplied-by-final-alpha,validated-prototype-installed,2026-09-01,animations/runs/dstdvl1b-apo8-x4-30fps-v2-spline-fit1-coreguard16-activefade7-20-7-candidate,"Ressource Blended. Spline Fit 1 Multi-Contour — Core Guard 16 ; fade actif 7/20/7 appliqué aux 34 phases non vides seulement, avec 20 phases centrales opaques ; 14 textures alpha/RGB prémultipliées clonées. QA vidéo et ingame acceptée le 2026-09-01 : run-manifest SHA 70b9dd964682b5503aace1f6d9987d249c327a46082a02d1d875a19c439a8e36. Installé dans combined-20260901-chimsmk-oval-dstdvl1a-b-c-activefade7-20-7-candidate ; sauvegarde per-area-backup-20260901-214850."
DSTDVL1C,AR0411;AR0414;AR1100;AR1200;AR1600;AR1700;AR5200;AR5500;AR6300;OH6400,effet DSTDVL,dstdvl1c-apo8-x4-30fps-v2-spline-fit1-coreguard16-activefade7-20-7,blended-rgb-neutralisation;spline-fit1-multicontour-per-frame;inner-distance-core-guard;timeline-active-fade,16,0,none,premultiplied-by-final-alpha,validated-prototype-installed,2026-09-01,animations/runs/dstdvl1c-apo8-x4-30fps-v2-spline-fit1-coreguard16-activefade7-20-7-candidate,"Ressource Blended. Spline Fit 1 Multi-Contour — Core Guard 16 ; fade actif 7/20/7 appliqué aux 34 phases non vides seulement, avec 20 phases centrales opaques ; 14 textures alpha/RGB prémultipliées clonées. QA vidéo et ingame acceptée le 2026-09-01 : run-manifest SHA 27b426fd7d3c7dd05ff3b30669dfc633afc9b9673d8f3edd2e653937ee4bc5a4. Installé dans combined-20260901-chimsmk-oval-dstdvl1a-b-c-activefade7-20-7-candidate ; sauvegarde per-area-backup-20260901-214850."
FLAME2S,AR0602,petite flamme,flame2s-radialA-premultiply-20260827,radial-feather;blended-rgb-premultiply,0,0,none,premultiplied-by-alpha,superseded,2026-08-27,animations/runs/FLAME2S-radial-A,"Carre olive opaque intra-masque (couverture alpha 91,7 % en x4) sur une ressource Blended (flag ARE bit 1) : --mode zero seul ne nettoie que 8 % du cadre et ne peut pas l'enlever. Correctif = fondu radial elliptique centre sur l'ancre centre_x1 de chaque frame (build_alpha_feather.py, outer 18x28 px x4, inner-fraction 0,45, smoothstep) puis build_blended_rgb_neutral_pack.py --mode premultiply, qui bake la rampe dans le RGB reellement additionne a la scene ; le carre dur devient un halo rond. Mesure sur les frames jouees (18-26) : luminance du coin 8x8 27,8 -> 0,0 ; coeur de flamme 188,4 -> 188,4 inchange. 27 frames, 53 236 pixels. Les 11 ressources preexistantes d'AR0602 conservent des SHA-256 d'assets identiques. Variantes B (16x34/0,50) et C (20x24/0,40) conservees sous animations/runs/. Installe sur AR0602 seulement ; QA utilisateur en jeu le 2026-08-27. Procedure : pipeline/ANIMATION_BLENDED_RGB_NEUTRALISATION.md."
FOUNT1,AR1000,fontaine,fount1-xbr2x-gaussian045-30fps-contour-aura-20260915,xbr2x-alpha-twice;inner-distance-feather;bounded-gaussian-aura;blended-rgb-premultiply,12,14,all,premultiplied-by-final-alpha,validated-prototype-installed,2026-09-16,animations/ressources/FOUNT1/runs/fount1-xbr2x-gaussian045-30fps-contour-aura-accepted-20260915,"Deux occurrences AR1000. RGB xBR2x puis flou gaussien sigma 0,45 au stade x2 et nearest vers x4 ; alpha par deux passes xBR2x ; Apollo 8 15->30 FPS, 5->10 phases, entree nearest-opaque-dilate. Recette contour/aura FPIT1S : fondu interieur 12 px x4, halo sigma 5 gain 0,9, extinction avant cadre 14 px, RGB premultiplie. Pack AR1000 installe et byte-identique ; QA ingame acceptee le 2026-09-16. Variante sans flou rejetee pour franges vertes/cyan sur phases interpolees."
PORTL1A,AR0602,portail,ar0602-portals-spline-fit1-feather8,spline-periodic-mask;inner-distance-feather,8,0,none,unchanged,validated-prototype-installed,2026-08-28,animations/runs/PORTL1A-spline-fit1-feather8-x4,"Portail elliptique; contour alpha 1 bit (valeurs 0/255 uniquement) agrandi au plus proche voisin en escaliers de 4 px sur tout le pourtour (jusqu'a 60 px de palier droit). x4 SeedVR2 7B/LAB; V2 TimedTimeline 30 FPS apo-8 (12 phases). Correctif du 2026-08-28 : (1) spline periodique fit-error 1.0, sample-spacing 1.5, supersample 4, seuil 127, sur l'alpha x4 256x376, padding transparent 32 px pour fermer le contour touchant les bords haut/bas puis recrop ; (2) fondu interieur de silhouette 8 px x4 (smoothstep, distance depuis le bord de la silhouette spline). alpha_final = alpha_source * (spline/255) * smoothstep((dist_interieure-1)/8), meme masque repete sur les 12 phases ; ~6900 px d'alpha intermediaire par frame. La spline seule (sans feather) ne produisait que ~590 px intermediaires et laissait le bord net : rejetee en jeu le 2026-08-28, le fondu interieur est indispensable pour supprimer les escaliers percus. RGB inchange octet pour octet ; registre v3 inchange ; 10 ressources soeurs d'AR0602 (9x AM0602* + FLAME2S) SHA-256 d'assets identiques. Script : animations/runs/portals-spline-fit1-feather8-workshop/portals-spline-fit1-feather8.py. Livre par pack de zone combined-20260828-ar0602-portals-30fps-spline-feather8, install PerArea reversible (backup per-area-backup-20260828-184246). QA en jeu validee par l'utilisateur le 2026-08-28."
PORTL1B,AR0602,portail,ar0602-portals-spline-fit1-feather8,spline-periodic-mask;inner-distance-feather,8,0,none,unchanged,validated-prototype-installed,2026-08-28,animations/runs/PORTL1B-spline-fit1-feather8-x4,"Idem PORTL1A. Particularite : PORTL1B etait encore en cadence native (6 frames) ; passe en V2 TimedTimeline 30 FPS apo-8 le 2026-08-28 (run ar0602-portl1b-apo8-x4-30fps-v2, plan 8809b7f5, base pack v3 combined-20260827-plus-flame2s-ar0602-radialA ; 6 -> 12 phases, timeline 0,6,1,7,2,8,3,9,4,10,5,11, 0,4 s ; QA video utilisateur acceptee) avant l'application du masque. Alpha x4 316x352. Meme spline fit-error 1.0 (padding transparent 32 px + recrop) + fondu interieur 8 px x4 ; alpha_final = alpha_source * (spline/255) * feather sur les 12 phases. RGB inchange octet pour octet ; registre v3. Livre et installe avec PORTL1A dans combined-20260828-ar0602-portals-30fps-spline-feather8. QA en jeu validee par l'utilisateur le 2026-08-28."
PORTL2A,AR0603,portail,ar0602-portals-spline-fit1-feather8,spline-periodic-mask;inner-distance-feather,8,0,none,unchanged,validated-prototype-installed,2026-08-28,animations/runs/PORTL2A-spline-fit1-feather8-x4,"Meme traitement que PORTL1A/PORTL1B d'AR0602 (voir ces lignes). Portail elliptique d'AR0603 ; contour alpha 1 bit (0/255), escaliers x4 (588 h / 536 v), 316x352. PORTL2A etait deja V2 TimedTimeline 30 FPS apo-8 (12 phases) depuis le 2026-08-23 : pas d'interpolation, seulement la correction de contour. (1) spline periodique fit-error 1.0, sample-spacing 1.5, supersample 4, seuil 127, sur l'alpha x4, padding transparent 32 px puis recrop ; (2) fondu interieur de silhouette 8 px x4 (smoothstep). alpha_final = alpha_source * (spline/255) * smoothstep((dist_interieure-1)/8), meme masque repete sur les 12 phases ; ~7050 px d'alpha intermediaire par frame. RGB inchange octet pour octet (verifie identique bit a bit a la sortie SeedVR2 7B/LAB du run ar0603-all-bam-seedvr7b-lab-x4) ; registre v2 (c399b0e0) inchange ; 9 ressources soeurs AM0603* SHA-256 d'assets identiques. Script : animations/runs/portals-spline-fit1-feather8-workshop/portals-spline-fit1-feather8.py. Livre par pack de zone combined-20260828-ar0603-portal-spline-feather8, install PerArea reversible (backup per-area-backup-20260828-185613). QA en jeu validee par l'utilisateur le 2026-08-28."
BUTRFLY,AR0309;AR0800;AR1100;AR1200;AR1700;AR1800;AR2000;AR3000;AR5500;AR6400;OH4000;OH6000;OH6100;OH6400,papillon,small-subject-xbr2-nearest2-apollo30-rgb-safe,nearest-opaque-dilate-input;blended-rgb-neutralisation,0,0,none,zero-under-null-alpha,validated-prototype-installed,2026-09-01,animations/packs-par-zone/combined-20260901-chimsmk-dstdvl-butterfly-xbr2x-nearest2-30fps-v3-opaque-rgb-dilate-blend-safe-zero-candidate,"Petit sujet : xBR 2x sans blend ni AA, nearest 2x vers x4 ; interpolation V2 Apollo 8 15→30 FPS avec RGB opaque propagé dans les pixels alpha nul avant Topaz ; RGB zéro sous alpha nul après interpolation. Alpha runtime inchangé ; QA ingame utilisateur validée le 2026-09-01."
AM2201B,AR2201,animation de chaudron,am2201b-apo8-x4-30fps-v2-spline-fit1-feather1-20260901,spline-fit1-multicontour-per-frame;inner-distance-feather,1,0,none,premultiplied-by-final-alpha,validated-prototype-installed,2026-09-01,animations/runs/am2201b-apo8-x4-30fps-v2-spline-fit1-feather1-20260901,"Ressource Blended ; x4 SeedVR2 7B/LAB puis V2 TimedTimeline Apollo 8 15->30 FPS (7->14 phases). Spline Fit 1 multi-contour par frame, padding 32 px x4, fit-error 1.0, sample-spacing 1.5, supersample 4, feather intérieur 1 px x4 ; RGB prémultiplié par alpha final. QA vidéo et ingame utilisateur validées le 2026-09-01 ; pack AR2201 feather1 installé. Réserve : fin liseré sombre de contour résiduel ; feather3 et Gaussian rejetés."
FLAME2S,AR0302;AR0303;AR0307;AR0312;AR0315;AR0322;AR0323;AR0326;AR0329;AR0334;AR0335;AR0406;AR0409;AR0502;AR0504;AR0505;AR0506;AR0509;AR0510;AR0511;AR0513;AR0514;AR0515;AR0522;AR0527;AR0528;AR0529;AR0602;AR0704;AR0705;AR0706;AR0709;AR0710;AR0712;AR0801;AR0802;AR0808;AR0903;AR0905;AR0906;AR0907;AR1001;AR1003;AR1004;AR1006;AR1007;AR1009;AR1103;AR1104;AR1105;AR1202;AR1302;AR1303;AR1305;AR1306;AR1307;AR1511;AR1601;AR1603;AR1606;AR1609;AR1613;AR2001;AR2002;AR2007;AR2011;AR2012;AR2208;AR3026;AR5008;AR5009;AR5010;AR5011;AR5012;AR6012;OH5000;OH9000,petite flamme,flame2s-reboutcx-innerfeather20-premultiply-20260919,inner-feather;blended-rgb-premultiply,20,0,none,premultiplied-by-alpha,validated-installed,2026-09-19,animations/ressources/FLAME2S/runs/flame2s-reboutcx-x4-20260919,"Remplace flame2s-radialA-premultiply-20260827 (SeedVR2 7B/LAB), juge trop dur : la flamme y devenait une lame verticale a aretes nettes avec liseret rouge sur les bords lateraux. Etage spatial ReboutCX x4 (alpha source repete x4, donc strictement binaire), puis fondu interne de 20 px x4 sur l alpha et build_blended_rgb_neutral_pack.py --mode premultiply, obligatoire car le halo chaud est intra-masque (couverture alpha 78,6 %) et --mode zero ne l atteint pas. Rayons 14 et 26 ecartes : 14 laisse le halo carre, 26 eteint le coeur. Pack final animations/packs-par-zone/flame2s-reboutcx-x4-innerfeather20-premul-20260919, decoupe directe couvrant les 77 zones, signature identique partout (6fd483b997af). Cadence native conservee, 27 frames, cycle 0 ne jouant que les frames 18-26. QA utilisateur en jeu le 2026-09-19. Procedure : pipeline/ANIMATION_BLENDED_RGB_NEUTRALISATION.md."
FLAME2M,AR0510;AR0800;AR0900;AR0907,petite flamme,flame2m-reboutcx-innerfeather12-premultiply-20260919,inner-feather;blended-rgb-premultiply,12,0,none,premultiplied-by-alpha,validated-installed,2026-09-19,animations/ressources/FLAME2M/runs/flame2m-reboutcx-x4-20260919,"Flamme de 8x16 px x1, Blended (flags ARE 0x1003 dans AR0510, 0x1043 ailleurs), meme structure que FLAME2S : anneau intra-masque sombre (luminance 27 a 1 px du bord, 70 a 2 px, 203 au coeur) qui, ajoute a la scene, dessine un rectangle. Etage spatial ReboutCX x4 (alpha source repete x4, donc strictement binaire), puis fondu interne de 12 px x4 sur l alpha et build_blended_rgb_neutral_pack.py --mode premultiply. Rayon retenu par balayage 8/12/16 : 8 laisse un halo rectangulaire (luminance des coins 0,3, coeur 222,8 inchange), 16 eteint le coeur (171,9, soit -23 %), 12 donne coins 0,2 et coeur 211 (-5 %) ; il correspond a 0,83 x la demi-largeur (16 px x4), meme rapport que le rayon 20 de FLAME2S. Cadence native conservee (9 frames, cycle 0 complet, aucune frame en double : ni hash identique, ni indice repete, ni paire proche). Pack final animations/packs-par-zone/flame2m-reboutcx-x4-innerfeather12-premul-20260919, signature identique dans les 4 zones (5c63fb76a3ba). QA utilisateur en jeu le 2026-09-19. Procedure : pipeline/ANIMATION_BLENDED_RGB_NEUTRALISATION.md."
FLMS,AR0510,petite flamme (visuel de FLAME2M),flms-flame2m-visual-area-resample-20260919,donor-visual-substitution;blended-rgb-premultiply,0,0,none,premultiplied-by-alpha,validated-installed,2026-09-19,animations/ressources/FLMS/runs/flms-flame2m-visual-x4-20260919,"Le visuel d origine (2x5 px x1, 59 pixels opaques sur 6 frames) est remplace par celui de FLAME2M, canevas FLMS conserve (8x20 x4, centre 1,2, 6 frames, 36 occurrences d AR0510 inchangees). Le rendu ReboutCX x4 direct du BAM d origine avait ete refuse (texture diagonale bruitee inventee a partir de 10 pixels). Frames 0,1,3,4,6,7 du pack final FLAME2M (32x64, deja fondu 12 px x4 et prémultiplie) reduites par moyenne de surface (BOX float32, RGB et alpha separement, pipeline/scripts/run_animation_donor_substitution_x4.py) ; Lanczos ecarte (anneaux colores). Le RGB est deja premultiplie : ne pas rejouer build_blended_rgb_neutral_pack.py (double premultiplication). Boucle de 0,4 s (6 frames) au lieu de 0,6 s. Un ReboutCX direct sur une version 2x5 de la flamme donneuse, teste avec 4 reductions (moyenne, crop, p=3, p=6), donne un bloc jaune plein ou des traînees diagonales : limite documentee, run flms-flame2m-x1-reboutcx-x4-20260919 conserve non installe. QA utilisateur en jeu le 2026-09-19."
AM0322A,AR0302;AR0322,cheminee et sol (foyer droit),alpha-strict-innerfade8-open-canvas-edges,inner-distance-feather,8,0,none,preserve-straight-rgb-dilate-under-zero-alpha,validated-installed,2026-09-19,animations/batches/am0322ab-apo8-x4-30fps-v2-innerfade8-20260919,"Cheminee et sol d'AR0302/AR0322, opaque (alpha constant : 4 pixels clignotants dans A, 0 dans B ; polygone 69 %), non Blended (flags ARE 0x1101). SeedVR2 7B/LAB x4, TimedTimeline v2 Apollo-8 15->30 fps avec maintiens uniformes condenses (9 poses doublees -> 36 phases, 1,2 s, 36 hashes distincts, ancres natives conservees), fondu alpha interieur strict 8 px x4 a bords canvas ouverts, RGB droit dilate sous alpha nul, meme traitement que AM0406A/B. Un flou gaussien limite au noyau lumineux de la flamme (sigma 3,5 puis 1,5, mode --bright-core-blur-sigma-x4 de derive_animation_visual_treatment.py) a ete essaye et refuse ingame (trop flou) ; le rendu SeedVR brut a ete juge meilleur par l'utilisateur. QA ingame utilisateur le 2026-09-19 sur AR0302 ; AR0322 etendue par signature identique."
AM0322B,AR0302;AR0322,"cheminee, fauteuil et tapis",alpha-strict-innerfade8-open-canvas-edges,inner-distance-feather,8,0,none,preserve-straight-rgb-dilate-under-zero-alpha,validated-installed,2026-09-19,animations/batches/am0322ab-apo8-x4-30fps-v2-innerfade8-20260919,"Cheminee et sol d'AR0302/AR0322, opaque (alpha constant : 4 pixels clignotants dans A, 0 dans B ; polygone 69 %), non Blended (flags ARE 0x1101). SeedVR2 7B/LAB x4, TimedTimeline v2 Apollo-8 15->30 fps avec maintiens uniformes condenses (9 poses doublees -> 36 phases, 1,2 s, 36 hashes distincts, ancres natives conservees), fondu alpha interieur strict 8 px x4 a bords canvas ouverts, RGB droit dilate sous alpha nul, meme traitement que AM0406A/B. Un flou gaussien limite au noyau lumineux de la flamme (sigma 3,5 puis 1,5, mode --bright-core-blur-sigma-x4 de derive_animation_visual_treatment.py) a ete essaye et refuse ingame (trop flou) ; le rendu SeedVR brut a ete juge meilleur par l'utilisateur. QA ingame utilisateur le 2026-09-19 sur AR0302 ; AR0322 etendue par signature identique."
"AM1004A","AR1004;AR1601;AR2012","bassin (fontaine)","ar1004-am1004a-spline-fit1-feather6-lowercover5","spline-fit1-multicontour-per-frame;inner-distance-feather;lower-edge-cover","6","0","none","preserve-straight-rgb-repushed-from-inside-in-the-cover-zone","validated-installed","2026-09-21","animations/ressources/AM1004A/runs/ar1004-am1004a-spline-fit1-feather6-lowercover5-20260921","Bassin a jet d'AR1004/AR1601/AR2012, alpha strict (flags ARE 0x1141), geometrie uniforme 171x149. SeedVR2 7B/LAB x4 puis TimedTimeline v2 Apollo-8 15->30 fps (7 -> 14 phases, 0,467 s), spline fit 1 multi-contour par frame puis fondu interieur 6 px x4, RGB droit. Couverture du bord bas ajoutee le 2026-09-21 (derive_animation_visual_treatment.py --lower-edge-cover-rows 5 --lower-edge-cover-depth-x4 5 --lower-edge-cover-zone-x4 10, pack temporel en reference alpha) : l'alpha source est etendu de 5 lignes x4 vers le bas, lisse par la meme spline sans fondu, fusionne avec l'alpha courant a 10 px de l'anneau, et le RGB y est repousse depuis 5 px a l'interieur du bord. Motif : la carte x4 porte un trou noir borde d'un halo blanc SeedVR de 1 a 3 px x4 juste hors de l'alpha source, que le fondu 6 laissait voir en lisere blanc et bande noire sur les bords bas-gauche et bas-droite. L'alpha n'est jamais diminue ; la geometrie reste celle du BAM natif et l'anneau est rogne au canevas (4,8 % perdus sous la pointe basse, invisible). QA ingame utilisateur le 2026-09-21 sur les trois zones."
"SMOKE","AR1004;AR1601;AR2012","fumee de cheminee","ar1004-smoke-spline-fit1-feather4-oval20x6-rgbgaussian1","blended-rgb-premultiply;spline-fit1-multicontour-per-frame;inner-distance-feather;oval-edge-fade;alpha-weighted-rgb-gaussian","4","20","top;bottom;left;right","premultiplied-by-final-alpha","validated-installed","2026-09-21","animations/ressources/SMOKE/runs/ar1004-smoke-spline-fit1-feather4-oval20x6-rgbgaussian1-20260921","Fumee de cheminee d'AR1004/AR1601/AR2012, ressource Blended (flags ARE 0x1007 sur AR1004, 0x1103 sur les deux autres), geometrie par frame, 90 frames natives (cycles 1 a 4 vides, retires par le pack runtime). SeedVR2 7B/LAB x4 puis TimedTimeline v2 Apollo-8 15->30 fps (90 -> 180 phases, 6 s ; plan en --base-runtime-only, le mode --source-run refuse les cycles vides), spline fit 1 multi-contour par frame, fondu interieur 4 px x4 et Oval Edge Fade 20/6 (silhouette coupee sur les quatre bords), RGB premultiplie. Flou gaussien sigma 1,0 x4 ajoute le 2026-09-21 contre le grain SeedVR visible en jeu (derive_animation_visual_treatment.py --gaussian-sigma-x4 1 --gaussian-preserve-geometry : RGB visible floute, alpha et geometrie inchanges). sigma 2,0 essaye puis rejete (trop flou). Le chemin --gaussian-padding-x4 est interdit ici : il agrandit la frame et le moteur retombe alors en vanilla sans rien journaliser. QA ingame utilisateur le 2026-09-21 sur les trois zones."
"AM1003A","AR0506;AR1003;AR2011;AR5010","bassin (fontaine)","ar1003-am1003a-spline-fit1-feather6-lowercover5-minrow190","spline-fit1-multicontour-per-frame;inner-distance-feather;lower-edge-cover","6","0","none","preserve-straight-rgb-repushed-from-inside-in-the-cover-zone","validated-installed","2026-09-21","animations/ressources/AM1003A/runs/ar1003-am1003a-spline-fit1-feather6-lowercover5-minrow190-20260921","Bassin a jet d'AR0506/AR1003/AR2011/AR5010, alpha strict (flags ARE 0x1041/0x1141/0x1101), geometrie 122x93 (frame native 3 : 122x92). SeedVR2 7B/LAB x4 puis TimedTimeline v2 Apollo-8 15->30 fps (7 -> 14 phases, 0,467 s), spline fit 1 multi-contour par frame puis fondu interieur 6 px x4, RGB droit. Couverture du bord bas comme AM1004A (--lower-edge-cover-rows 5 --lower-edge-cover-depth-x4 5 --lower-edge-cover-zone-x4 10, pack temporel en reference alpha) MAIS restreinte aux rangees x4 >= 190 (--lower-edge-cover-min-row-x4 190). Motif : le trou noir de carte sous le bassin est identique sur les quatre zones (meme correctif justifie), mais le cover non restreint prolonge aussi l'arete basse-gauche du jet, qui sort d'un canal contre une statue : polygones plats et tache bleue peints sur la statue. 190 = juste au-dessus des coins gauche/droit du losange (rangees ~196-198) ; option gated, defaut 0 = comportement AM1004A. Repli : run ar1003-am1003a-spline-fit1-feather6-20260921 (sans cover) ; le run lowercover5 non restreint est defectueux. QA ingame utilisateur le 2026-09-21 sur les quatre zones."
"STEAM2","AR0506;AR1003","vapeur","ar1003-steam2-spline-fit1-feather4-oval20x6-rgbgaussian1","blended-rgb-premultiply;spline-fit1-multicontour-per-frame;inner-distance-feather;oval-edge-fade;alpha-weighted-rgb-gaussian","4","20","top;bottom;left;right","premultiplied-by-final-alpha","validated-installed","2026-09-21","animations/ressources/STEAM2/runs/ar1003-steam2-spline-fit1-feather4-oval20x6-rgbgaussian1-20260921","Vapeur d'AR0506/AR1003, ressource Blended (flags ARE 0x1103 sur AR0506, 0x1107 sur AR1003), geometrie uniforme 129x129, 9 frames natives. SeedVR2 7B/LAB x4 puis TimedTimeline v2 Apollo-8 15->30 fps (9 -> 18 phases, 1,2 s ; plan en --source-run, aucun cycle vide), spline fit 1 multi-contour par frame, fondu interieur 4 px x4 et Oval Edge Fade 20/6, RGB premultiplie, flou gaussien sigma 1,0 x4 a geometrie preservee (--gaussian-sigma-x4 1 --gaussian-preserve-geometry). Parametres herites de SMOKE (AR1004) sans essai de variantes ; acceptes en jeu tels quels. QA ingame utilisateur le 2026-09-21 sur les deux zones."
"AM2801A","AR2801;AR2808;AR2809","bassin ovale (maison de la Grande Pretresse)","ar2801-am2801a-spline-fit1-feather6","spline-fit1-multicontour-per-frame;inner-distance-feather","6","0","none","preserve-straight-rgb","validated-installed","2026-09-21","animations/ressources/AM2801A/runs/ar2801-am2801a-spline-fit1-feather6-20260921","Bassin ovale de la maison de la Grande Pretresse de Suldanessellar (AR2801 ; AR2808/AR2809 sans carte upscalee), alpha strict (flags ARE 0x1101), geometrie uniforme 153x108. SeedVR2 7B/LAB x4 puis TimedTimeline v2 Apollo-8 15->30 fps (7 -> 14 phases, 0,467 s, --source-run, --transparent-rgb-mode nearest-opaque-dilate), spline fit 1 multi-contour par frame puis fondu interieur 6 px x4, RGB droit (--rgb-policy preserve). BAM natif sans doublon (1 cycle, lookup 0->6, 7 hashes distincts, aucune condensation) ; 14 phases distinctes apres interpolation. Lower Edge Cover NON applique : la carte x4 contient deja l'eau peinte sous l'animation (pas de trou noir ni de halo, mesure au composite). Parametres feather 6 / fit 1 herites de AM1004A/AM1003A sans essai de variante. Reussi du premier coup en jeu. QA ingame utilisateur le 2026-09-21 sur AR2801 ; AR2808 et AR2809 etendues par signature (pack identique octet pour octet, meme occurrence, memes flags), non vues en jeu."
"AM2802A","AR2802;AR2810;AR2811","bassin ovale (maison de Suldanessellar)","ar2801-am2802a-spline-fit1-feather6","spline-fit1-multicontour-per-frame;inner-distance-feather","6","0","none","preserve-straight-rgb","validated-installed","2026-09-21","animations/ressources/AM2802A/runs/ar2801-am2802a-spline-fit1-feather6-20260921","Bassin ovale d'une maison de Suldanessellar (AR2802 ; AR2810/AR2811 sans carte upscalee), alpha strict (flags ARE 0x1101), geometrie uniforme 152x108. SeedVR2 7B/LAB x4 puis TimedTimeline v2 Apollo-8 15->30 fps (7 -> 14 phases, 0,467 s, --source-run, --transparent-rgb-mode nearest-opaque-dilate), spline fit 1 multi-contour par frame puis fondu interieur 6 px x4, RGB droit (--rgb-policy preserve). BAM natif sans doublon (1 cycle, lookup 0->6, 7 hashes distincts, aucune condensation) ; 14 phases distinctes apres interpolation. Lower Edge Cover NON applique : la carte x4 contient deja l'eau peinte sous l'animation (pas de trou noir ni de halo, mesure au composite). Parametres feather 6 / fit 1 herites de AM1004A/AM1003A sans essai de variante. Reussi du premier coup en jeu. QA ingame utilisateur le 2026-09-21 sur AR2802 ; AR2810 et AR2811 etendues par signature (pack identique octet pour octet, meme occurrence, memes flags), non vues en jeu."
"AM003XA","AR0021;AR0313;AR0529;AR0713;AR1611;AR5015","four a buches (cheminee)","alpha-strict-innerfade8-open-canvas-edges","inner-distance-feather","8","0","none","preserve-straight-rgb-dilate-under-zero-alpha","validated-installed","2026-09-21","animations/batches/cheminees-am003xa-am0323a-am0309a-apo8-x4-30fps-v2-innerfade8-20260921","Four a buches, alpha strict (flags ARE 0x1141, non Blended), 66x64, 9 poses doublees. SeedVR2 7B/LAB x4, TimedTimeline v2 Apollo-8 15->30 fps avec maintiens uniformes condenses (--collapse-uniform-duplicate-holds, entree Topaz a 7,5 fps sans doublon, 36 phases distinctes, 1,2 s), --transparent-rgb-mode nearest-opaque-dilate. Fondu alpha interieur strict 8 px x4 a bords canvas ouverts, RGB droit, meme traitement qu'AM0322A/B. QA ingame utilisateur le 2026-09-21 sur AR0021 ; AR0313 (carte identique autour), AR0713, AR1611, AR0529 et AR5015 (carte differente autour) etendues par signature (pack identique, meme occurrence), non vues en jeu."
"AM0323A","AR0303;AR0323","cheminee, fauteuil et parquet","alpha-strict-innerfade8-open-canvas-edges","inner-distance-feather","8","0","none","preserve-straight-rgb-dilate-under-zero-alpha","validated-installed","2026-09-21","animations/batches/cheminees-am003xa-am0323a-am0309a-apo8-x4-30fps-v2-innerfade8-20260921","Cheminee de Mae'Var's Inn 2e etage, alpha strict (flags ARE 0x1101), 179x139, 9 poses doublees. SeedVR2 7B/LAB x4, TimedTimeline v2 Apollo-8 15->30 fps avec maintiens uniformes condenses (--collapse-uniform-duplicate-holds, entree Topaz a 7,5 fps sans doublon, 36 phases distinctes, 1,2 s), --transparent-rgb-mode nearest-opaque-dilate. Fondu alpha interieur strict 8 px x4 a bords canvas ouverts, RGB droit, meme traitement qu'AM0322A/B. QA ingame utilisateur le 2026-09-21 sur AR0303 ; AR0323 (alias sans WED) etendue par signature."
"AM0309A","AR0309","cheminee et peau de bete (rectangle opaque)","ar0309-am0309a-holefill1024-animzone-mask-v1","fill-dithered-alpha-holes;manual-grayscale-alpha-mask;occurrence-bound-native-occlusion-off","24","24","top;bottom;left;right","preserve-straight-rgb","validated-installed","2026-09-21","animations/ressources/AM0309A/runs/ar0309-am0309a-holefill1024-animzone-mask-v1-20260921","Cheminee de Harper's 2e etage : rectangle opaque a 97 % (155x165, flags ARE 0x1101) qui repeint sol, peau de bete, bancs et pilier autour du feu. SeedVR2 7B/LAB x4, TimedTimeline v2 Apollo-8 15->30 fps avec maintiens uniformes condenses (--collapse-uniform-duplicate-holds, entree Topaz a 7,5 fps sans doublon, 36 phases distinctes, 1,2 s), --transparent-rgb-mode nearest-opaque-dilate. La recette AM0322 (fondu 8 a bords ouverts) laissait voir tout le rectangle (le x4 du BAM ne reproduit pas le x4 de la carte) et une zone en escalier dans le foyer. Correctif : derive_animation_visual_treatment.py --fill-alpha-holes-max-px-x4 1024 (trous de tramage internes rendus opaques, RGB repeint depuis les voisins ; 128 ne suffisait pas, les trous se relient en diagonale jusqu'a 560 px x4) puis --alpha-mask masque de zone animee (build_animated_zone_mask.py : variance temporelle basse frequence x1 > 1,5, dilatation 4 px x1, adoucissement sigma 3 x1, fondu 24 px x4 aux bords ; masque animations/ressources/AM0309A/masks/am0309a-zone-animee-auto-v1.png). Feu, mur du foyer, lumiere au sol et peau de bete restent animes, le reste vient de la carte. L'escalier restant venait du polygone WED 90 (Cover animations) : le pont d'occlusion natif appliquait sa visibilite x1 dans l'alpha. Pack installe lie a l'occurrence (945,763, registre v3) donc occlusion cuite, pont desactive pour cette occurrence. QA ingame utilisateur le 2026-09-21 sur AR0309."
FLAME2L,AR0500;AR0512;OH4220;OH7000,petite flamme,flame2l-reboutcx-innerfeather16-premultiply-20260921,inner-feather;blended-rgb-premultiply,16,0,none,premultiplied-by-alpha,validated-installed,2026-09-21,animations/ressources/FLAME2L/runs/flame2l-reboutcx-x4-20260921,"Flamme de 13x29 px x1, Blended (flags ARE 0x1043/0x1143 dans AR0500 et OH7000, 0x1003 dans AR0512 et OH4220), meme famille que FLAME2S et FLAME2M : anneau intra-masque sombre (luminance 30 a 1 px du bord, 67 a 2 px, 213 au coeur) qui, ajoute a la scene, dessine un rectangle. SeedVR ecarte (saturation 58,6 %, sigma luminance 85,5, luminance moyenne 105,8, proches de FLAME2M 56,7/84,6/94,9 et hors de la grappe flamme SeedVR FIRE_4 77,0/67,6/71,5). Etage spatial ReboutCX x4 (alpha source repete x4, donc strictement binaire), puis fondu interne de 16 px x4 sur l alpha et build_blended_rgb_neutral_pack.py --mode premultiply. Rayon retenu par balayage 12/16/20 sur la sortie ReboutCX reelle (coeur p95 +0,4 % / -2,6 % / -9,7 %, lumiere totale -21,7 / -33,0 / -44,6 %, frange verdatre au bas du coeur a 20) : 16 = plus grand rayon gardant le coeur a -5 % ou mieux ; la regle 0,83 x rayon inscrit x4 de FLAME2S/FLAME2M donnait 20, trop dur ici. Cadence native conservee (9 frames uniques, cycle 0 complet, lookup 0..8). Pack final animations/packs-par-zone/flame2l-reboutcx-x4-innerfeather16-premul-20260921, signature identique dans les 4 zones (9cf8e8eea5c5). Installe par AreaTest, fusionne avec CHIMSMK et FIRE_3 dans AR0500 et avec FIRE_3 dans OH4220 (signatures inchangees). QA utilisateur en jeu le 2026-09-21. Procedure : pipeline/ANIMATION_BLENDED_RGB_NEUTRALISATION.md."
FIRE,OH4000;OH4200;OH7300,flamme haute (braises detachees),fire-reboutcx-apo8-innerfeather2-premultiply-20260921,inner-feather;blended-rgb-premultiply,2,0,none,premultiplied-by-alpha,validated-installed,2026-09-21,animations/ressources/FIRE/runs/fire-reboutcx-apo8-x4-30fps-v2-20260921,"Flamme de 14x57 px x1, Blended (flags ARE 0x1043 dans OH4000, OH4200 et OH7300), alpha fragmente (braises detachees de 1 px x1), 9 frames uniques, pas d anneau sombre (luminance 104 a 1 px du bord). SeedVR2 7B/LAB ecarte apres essai comparatif sur x1 : filaments rouges parasites et blob sur les braises (f4), la source (sat 64,1 %, sigma luminance 51,7, luminance moyenne 151,0) etant plus claire que la grappe SeedVR FIRE_3/FIRE_4. Etage spatial ReboutCX x4 (alpha source repete x4, donc binaire, braises conservees), Apollo-8 15->30 fps (9->18 phases, 0,6 s ; plan sans maintien ni indice repete, collapse_eligible=false, 18/18 frames distinctes, aucun pas nul, boucle fermee), entree nearest-opaque-dilate, puis fondu interne de 2 px x4 et RGB premultiplie (--mode premultiply). Balayage zero / 2 / 4 sur les 18 phases : lumiere totale 0 / -10,9 / -18,0 %, braises conservees 36 / 30 / 28 sur 44, coeur p95 inchange ; 2 = bord adouci sans eteindre les braises (precedent FIRE_3/FIRE_4). Interpolation demandee par l utilisateur (alternative cadence native non retenue). Pack final animations/packs-par-zone/fire-reboutcx-apo8-x4-30fps-v2-innerfeather2-premul-20260921, signature 119f5fae0d9f dans les 3 zones. Fusionne sans changer les signatures de FIRE_3 (OH4200) et FPIT1S (OH7300). QA utilisateur en jeu le 2026-09-21. Procedure : pipeline/ANIMATION_BLENDED_RGB_NEUTRALISATION.md."
FPIT1M,AR6111;OH4000;OH4200;OH6100,brasero,fpit1m-reboutcx-apo8-contour-aura24-20260921,inner-distance-feather;bounded-gaussian-aura;blended-rgb-premultiply,24,14,all,premultiplied-by-final-alpha,validated-installed,2026-09-21,animations/ressources/FPIT1M/runs/fpit1m-reboutcx-apo8-x4-30fps-v2-20260921,"Lit de braises 48x42 px x1, Blended (flags ARE 0x1043 OH4000/OH4200, 0x1013 OH6100, 0x1003 AR6111), 6 frames uniques, pas d anneau sombre. Meme profil que FPIT1S (sat 53,6 %, sigma 48,3, lum 174,9) ou SeedVR invente billes et volutes : essai comparatif sur x1, SeedVR 7B ecarte (billes en f0 et f4), ReboutCX x4 coherent (langues lisses, cuvette conservee). ReboutCX x4 (alpha repete x4), Apollo-8 15->30 fps (6->12 phases, 0,4 s ; sans maintien ni indice repete, collapse_eligible=false, 12/12 frames distinctes, aucun pas nul, boucle fermee), entree nearest-opaque-dilate, puis contour aura (build_animation_contour_aura_pack.py) : fondu interne 24 px x4, aura gaussienne sigma 5 gain 0,9, marge de bord 14 px x4, RGB premultiplie par l alpha final. Rayon retenu par balayage 12/16/24 (lumiere totale -26,6 / -33,0 / -43,9 %, coeur -0,8 / -1,1 / -2,2 %, halo +25 / +22 / +17 % ; 12 laisse des rayons fins) : 24 = rayon 12 de FPIT1S (canevas 92 px, valide a -56 % de lumiere) rapporte au canevas 192 px ; 16 en repli. Alpha nearest x4 et non xBR2x. Pack final animations/packs-par-zone/fpit1m-reboutcx-apo8-x4-30fps-v2-aura24-20260921, signature d64836e30571 dans les 4 zones. Fusionne sans changer les signatures de BUTRFLY, FIRE_3, FIRE_4. Aucun masque d occlusion peint (OH4000 et OH4200 ne sont pas couvertes par les murs ; AR6111 et OH6100 couvertes, occlusion controlee en QA). QA utilisateur en jeu le 2026-09-21. Procedure : pipeline/ANIMATION_ALPHA_CORRECTIONS.md."
