bam_resref,format,frames,max_frame_width,max_frame_height,occurrences,areas,area_ids,external_palette_occurrences,external_palette_resrefs,relative_path,sha256
1400T001,BAM V1,1,255,255,2,2,AR1400;AR1404,0,,ressources/1400T001,2400979a8ceabfc9041032fc78103d6242ae95c95180e171f6bdcd5093b06eeb
1400T002,BAM V1,1,255,255,2,2,AR1400;AR1404,0,,ressources/1400T002,19f44c4f3db1ff494bcac8cd5fc6805f99a3ece7daba0c58223140a99b4a8aca
1400T003,BAM V1,1,255,255,2,2,AR1400;AR1404,0,,ressources/1400T003,423c3cc22846e29ffbd022587f1ab2742f7f85c45135178dd92e7602f25e593a
1400T004,BAM V1,1,255,255,2,2,AR1400;AR1404,0,,ressources/1400T004,06956bdddeee3d6d7be7ef656da8f6d5b2649c4f1994abb4ac75f831f759b4c6
1400T005,BAM V1,1,255,255,2,2,AR1400;AR1404,0,,ressources/1400T005,a7a2e3a2c852c0d2f9965a19ebcd0cf2e773902c6d76b839ffa7e4efaa6bce9f
AM0033AB,BAM V1,7,154,110,5,5,AR0315;AR0527;AR0710;AR3026;AR6012,0,,ressources/AM0033AB,01c094f1e65e6e8d59dc948bf3e1f4fb9701f256f9f18dba30463e499246044b
AM003XA,BAM V1,9,66,64,6,6,AR0021;AR0313;AR0529;AR0713;AR1611;AR5015,0,,ressources/AM003XA,a635d2caeac1712ceb92a73e64588671311774f88a532cbc92fc3415c1b0ded2
AM0202A,BAM V1,6,197,210,1,1,AR0202,0,,ressources/AM0202A,dc80091c3bafeea0343c384cbe00bd4e5fd713e1075c66d955c9cdbbc8fdc606
AM0202FL,BAM V1,20,84,74,21,3,AR0202;AR0331;AR0526,0,,ressources/AM0202FL,dcafaee715819729c52404f41134b175444ec69ec765867588bb611af1a7bb51
AM0205A,BAM V1,9,120,175,1,1,AR0205,0,,ressources/AM0205A,952b28d065adb4ed4a35b9ccaaf515b1e9daaba824a379ea9ccefd6010d43457
AM0205B,BAM V1,9,150,145,1,1,AR0205,0,,ressources/AM0205B,8c34f513b3c6ee29a91be445662a59dfbc4522c0e7a8a768c638c039c61fc306
AM0205C,BAM V1,9,155,130,1,1,AR0205,0,,ressources/AM0205C,e7dc4a761bc990076a75c24e8f5ec0a3958ae8118a65f4c54ddd703f0bab5f7f
AM0205D,BAM V1,9,130,150,1,1,AR0205,0,,ressources/AM0205D,9339d250a63aeeec4fefc417057be5d1b5cf82fab12660484f74f7e5e11fb28a
AM0205E,BAM V1,9,165,130,1,1,AR0205,0,,ressources/AM0205E,ba9d7704a71ebf4958597804086fb2943900c08cd364474aa9030e28ca4f0775
AM0300A,BAM V1,6,210,220,1,1,AR0300,0,,ressources/AM0300A,da2b385902f843dd38a5ba4a59e54be2382d08c1306c6164716c9c99dc590c4f
AM0307BH,BAM V1,7,170,130,2,2,AR0307;AR0329,0,,ressources/AM0307BH,d56e3750280a416db084f8713192ffe8f3b29dc797e8098732c2411d9e0add4b
AM0308A,BAM V1,8,71,77,8,1,AR0308,0,,ressources/AM0308A,d136172bde39edebc1fe7d44a5fc17c92cbf83aae41560dffda95b9abada7945
AM0309A,BAM V1,9,155,165,1,1,AR0309,0,,ressources/AM0309A,0f3066a9305612b65ad4fd3c3bee758695df8266b410947da752f407236dcb76
AM0322A,BAM V1,9,164,138,2,2,AR0302;AR0322,0,,ressources/AM0322A,a57583156f7e1e669a19a2b1f94101936cba5d57c3360f9e5619d49c1c20fb29
AM0322B,BAM V1,9,159,132,2,2,AR0302;AR0322,0,,ressources/AM0322B,f29b830e04d93193246e6d93525d96e2651d56bc7400e9ded15e7cd7a583890a
AM0323A,BAM V1,9,179,139,2,2,AR0303;AR0323,0,,ressources/AM0323A,db6668b3352315b1b41d169da7f79c4f93aba601b68fc07896415ae40846d93a
AM0406A,BAM V1,9,105,110,1,1,AR0406,0,,ressources/AM0406A,ed267e2a408e6106f044dcc5e18b2786681fd43b0de8f671beec6096011ceddd
AM0406B,BAM V1,9,143,119,2,1,AR0406,0,,ressources/AM0406B,ee966fc708289832b4d1f70e602910c7db15c1e11c68459b3a06fa94a01d77d7
AM0411RN,BAM V1,30,99,99,8,3,AR0411;OH5400;OH5500,0,,ressources/AM0411RN,1964e37430b26e1665ac952617cd945bd549e7864042433870495ff5329188d0
AM0504SB,BAM V1,20,26,40,6,1,AR0504,0,,ressources/AM0504SB,9cb706fc887a98e5b868937b528557ceaca67ccfa9ace9616dd15a13ea5c9a34
AM0510A,BAM V1,9,128,128,1,1,AR0510,0,,ressources/AM0510A,6cd127bf6fbb3d370606f1d85888a03ef69089994083f73be74b61f61c3c0826
AM0516LA,BAM V1,4,189,173,1,1,AR0516,0,,ressources/AM0516LA,aa678489fac69d2cd7411b54347f1742c9103ef8fa88a90d3a630b8d4c8af176
AM0516LB,BAM V1,5,209,197,1,1,AR0516,0,,ressources/AM0516LB,f173881c16f15d202628edf890466c5cadef74e78a1eba3a0a753f182fd0894c
AM0516LC,BAM V1,5,207,193,1,1,AR0516,0,,ressources/AM0516LC,b12947c3df5f203e058e83d1f925957db04c9ded62257ce478d52b3d584d69aa
AM0516LD,BAM V1,5,253,251,1,1,AR0516,0,,ressources/AM0516LD,8eecaf42134cd64670f72511ed957df47c97d0d99fae0dd670c5f6a305ca8a33
AM0602AA,BAM V1,9,97,109,1,1,AR0602,0,,ressources/AM0602AA,9be88bf01fb63a893b8b18c0c620e40c45cdad5843e4278c1f4220d983b81478
AM0602AB,BAM V1,9,105,96,1,1,AR0602,0,,ressources/AM0602AB,5d11d62665394124e4e898f989aeca0147dd856f97ba7f3b186c7413ed46c799
AM0602AC,BAM V1,9,64,76,1,1,AR0602,0,,ressources/AM0602AC,57a43cbd26a95dfbd037efe60671eaa8fe387deca46201344d15e1c8d009c756
AM0602B,BAM V1,9,100,95,1,1,AR0602,0,,ressources/AM0602B,207e3f7ff96aa94ad22193324384538404ddc62f087f8f85e2ee10c4a3aa66e3
AM0602C,BAM V1,7,195,140,1,1,AR0602,0,,ressources/AM0602C,cc49748dff95921ed4a47c1d12ffee9ecb12042fe57c67b6335ae095153015f8
AM0602D,BAM V1,7,195,140,1,1,AR0602,0,,ressources/AM0602D,c89dbd26098d471de03cedb91401a398317a7bb59e490bf7c2966a16b554ddd2
AM0602E,BAM V1,7,75,90,1,1,AR0602,0,,ressources/AM0602E,c884b75bb6a15f0d49e846d413375d29d2eeaa104968c2cd447c769b0105918b
AM0602F,BAM V1,9,165,195,1,1,AR0602,0,,ressources/AM0602F,2e095d1c5f6dd89119b7e7a009cc472266f5938a25db1afdd947f00acab7f86c
AM0602G,BAM V1,7,70,140,1,1,AR0602,0,,ressources/AM0602G,83d3232924bfd994aafd3251328d4b964f7bf27b5e2e93780cca081b2d5b3235
AM0602J,BAM V1,8,248,126,1,1,AR0601,0,,ressources/AM0602J,767c6a3deff270d15c81231523a76c532871b7ae7015075f221a346ce865d8cb
AM0602K1,BAM V1,8,136,198,1,1,AR0601,0,,ressources/AM0602K1,d20499adb19bb0571923f0e17a90a71039e8ca4c2fd7faf4d3bb52b036bcf6ab
AM0602K2,BAM V1,8,135,203,1,1,AR0601,0,,ressources/AM0602K2,6a31c386c2d98ea34cf37589f9105aff701248b4686d7c21d8a1594fd8672c73
AM0602L1,BAM V1,6,151,221,1,1,AR0601,0,,ressources/AM0602L1,6a62413544fd8dbe3546afc7ac378240341cd6dbb01f7f668430c7f2a30dc939
AM0602L2,BAM V1,6,151,221,1,1,AR0601,0,,ressources/AM0602L2,d19fd0878dcf1a8939def094dad9fd8d941c04c650b71c9347511b1fbea6d3f2
AM0602M,BAM V1,8,204,210,1,1,AR0601,0,,ressources/AM0602M,4537247413bc86e0333d8a6cc08413abb094a6b0aef1e63d8f3ba796ee302606
AM0603A,BAM V1,9,132,113,1,1,AR0603,0,,ressources/AM0603A,822266fbca6c4f3bae11290b0a9efb9d01080c1a22cf0023f5ad72697e6fa796
AM0603B,BAM V1,9,92,95,1,1,AR0603,0,,ressources/AM0603B,e099181e269bed766e4a1a33660a8483beae554c1d26d4439f5607ec06d48215
AM0603C1,BAM V1,4,154,109,1,1,AR0603,0,,ressources/AM0603C1,7c56431dc819f8ee746c3a1a5cbfa776665975581a7b158d2d39ac3323990c97
AM0603C2,BAM V1,4,154,112,1,1,AR0603,0,,ressources/AM0603C2,bcd4bd72ed354c78e71f54d7f62517d015c5d7fb98fb8b4711421dd51464811d
AM0603D1,BAM V1,6,121,89,1,1,AR0603,0,,ressources/AM0603D1,c14a6913c9474247527ae6135807ee9be9697115e0b4133dd6a68eb43cd909eb
AM0603D2,BAM V1,6,119,94,1,1,AR0603,0,,ressources/AM0603D2,6e610d34c1c13b1ee256e0077ca7ffda0f298d71b3f586da702842cd5401e5d0
AM0603D3,BAM V1,6,118,93,1,1,AR0603,0,,ressources/AM0603D3,f1aa0198f9e6f24dd4f9e6b42d1ebbf681dffe50ff4257c790be550fec9b6511
AM0603H,BAM V1,9,152,109,1,1,AR0603,0,,ressources/AM0603H,3c9ab7e837a5e869c13a3dcab204051b0afccef42f7d3634ab4873ac7aaef927
AM0603I,BAM V1,9,65,99,1,1,AR0603,0,,ressources/AM0603I,ed5ca835149eb5f828d469b9aec1d026b7142f61e07982db4e52b932c1f215aa
AM0604A,BAM V1,7,121,102,1,1,AR0604,0,,ressources/AM0604A,c20609856f2dba5ffded6adfeb7d077d946ca626e7d315b67f2a27f27be24975
AM0700A,BAM V1,7,178,163,1,1,AR0700,0,,ressources/AM0700A,e86dec2e81bfd951a04af91db0a1a6a1a5a8d8f210d74d86750de39eaa934955
AM0700B,BAM V1,7,178,163,1,1,AR0700,0,,ressources/AM0700B,9832308a77e88473079c79bdc84359dee63fb2ec8d801b86f0d82b80b04dae6a
AM0700C,BAM V1,7,169,165,1,1,AR0700,0,,ressources/AM0700C,2188d72ad50cc0bd43c43f4ae9b7ee8b34a4c16a2688e6444d3c2c222c2747d4
AM0700D,BAM V1,7,169,165,1,1,AR0700,0,,ressources/AM0700D,1c49e5aad8a532694489353bea6e2255140bb8f9f6b74434ab854bd3e4115741
AM0801A,BAM V1,7,181,108,2,2,AR0801;AR0808,0,,ressources/AM0801A,553840588a09bfbb463c6120a99dfd15471ff59ed43fef6d27a7785254da776d
AM0801B1,BAM V1,7,130,169,2,2,AR0801;AR0808,0,,ressources/AM0801B1,989e138bdbece606857a3262d7b0797d88409bbec6fce2ae9151b6548c5b3513
AM0801B2,BAM V1,7,130,169,2,2,AR0801;AR0808,0,,ressources/AM0801B2,639d51cc8a0724e6ffdf52435f024564626110d54a9a64531e8998c054a825f2
AM0803A,BAM V1,7,139,96,2,2,AR0803;AR0809,0,,ressources/AM0803A,47411bb8fe2514bdc1f5d6148a9ce7cf2aa2f33fc2e009655ba4cd6df21114c4
AM0803B,BAM V1,7,112,64,2,2,AR0803;AR0809,0,,ressources/AM0803B,13175980ff16b79ed9e597ee1a60adf0fb5fce601331347aef9bcc4bb3112f55
AM0803C,BAM V1,7,94,80,2,2,AR0803;AR0809,0,,ressources/AM0803C,394f637fa612687f835cf908508e47dae82215d12f8282945e47f342f4a5bbec
AM0803D,BAM V1,7,96,30,2,2,AR0803;AR0809,0,,ressources/AM0803D,a62fbe658a70803c984d41f7a582b29d85cfdbfbd12d650b5a7876fa684dc998
AM0803E,BAM V1,7,84,71,2,2,AR0803;AR0809,0,,ressources/AM0803E,8e57077ab2e618515ff8f83b6c48d275cc08143efc18bb94a0c327a759001118
AM0900DM,BAM V1,20,249,185,2,1,AR0900,0,,ressources/AM0900DM,cb927922081be7b22b2e0f3d9c34561cca8f56ad1cb702fb64769f67c83695b9
AM0902L,BAM V1,32,129,159,1,1,AR0902,0,,ressources/AM0902L,0c34eda42c06cfa2054ff7a0f34306b9dbb1fa9b8bfe6b2808c8f7649195db09
AM1001A,BAM V1,7,212,149,5,5,AR0905;AR1001;AR1006;AR1007;AR1009,0,,ressources/AM1001A,b8e1163ac431f3280eb928a9480747db46fd64585ca4836c3d117cf92c2e8601
AM1003A,BAM V1,7,122,93,4,4,AR0506;AR1003;AR2011;AR5010,0,,ressources/AM1003A,8585efff658f6567b54eced0d5572e899058f05fd3a39bcd84c426630ce40e25
AM1004A,BAM V1,7,171,149,3,3,AR1004;AR1601;AR2012,0,,ressources/AM1004A,7595a7e9795d5d9533f1a8e0030f164cebbaf496a06aa2e954ae1fe3d521cd1c
AM1008B,BAM V1,7,53,39,1,1,AR1008,0,,ressources/AM1008B,83e576ad6a2931544ae184c774b10a35d388f92e0d6a9863b93b5e582a9e6ad1
AM1008BL,BAM V1,8,102,145,1,1,AR1008,0,,ressources/AM1008BL,de285ad6d2e11d2ba63ad5d4db9b84a0357df2cde9d015ddc8857d79bae02af9
AM1101A,BAM V1,9,240,177,1,1,AR1101,0,,ressources/AM1101A,9e155d3a99fbff2efd0bedf11da00f48132e814a6211090fea5357c98095248a
AM1104A,BAM V1,9,75,50,1,1,AR1103,0,,ressources/AM1104A,847e14da389b58a26078a57fa5a55032fbf01604eb63d76bcd0bd3b9d317d045
AM1104B,BAM V1,9,95,103,1,1,AR1104,0,,ressources/AM1104B,26dc6f02a90f4c3547dda0af0681d68a938f7c71c2439aef3d24869968e7e359
AM1400A,BAM V1,7,166,133,1,1,AR1400,0,,ressources/AM1400A,c3ce16ab92a15965137ac23955c2086bb0e8c215bd7329f448f2ff56fa7c2cbf
AM1400N,BAM V1,7,166,133,1,1,AR1400,0,,ressources/AM1400N,af2ac5c4eb08206117de04197915fd0d166e07923fe113f5e9a2ad7176b212ed
AM1512PA,BAM V1,5,54,109,1,1,AR1512,0,,ressources/AM1512PA,6dfe6ebef0ac1799be207787ac149a165174f3874dd291772e54f4cf1d4427bc
AM1516PT,BAM V1,6,66,100,1,1,AR1516,0,,ressources/AM1516PT,3a4415bd9ee62402ef9741139991ef94a3c01b1be0a1dfbe38a51ef1f80608de
AM2000A,BAM V1,28,192,149,1,1,AR2000,0,,ressources/AM2000A,c0f2adc98e82cd8e6077a73fb0bc7a908ecd194a769e56e599cf836c085aea3e
AM2000B,BAM V1,28,192,149,1,1,AR2000,0,,ressources/AM2000B,a98387e86d2c6bb95d68750b1bdab8f910334d851ff63f591dfd7825b5977890
AM2008A,BAM V1,15,144,135,3,3,AR1010;AR2008;OH5120,0,,ressources/AM2008A,c35744d28b85b8abb7b9e6629d647654b3820ce692ee59ee2e10ef83fbedbef8
AM2100PA,BAM V1,7,100,148,1,1,AR2100,0,,ressources/AM2100PA,0346340d0bf54e0fca123a826317674822982ba239579e7dde530ac8519b57a1
AM2100PB,BAM V1,7,92,134,1,1,AR2100,0,,ressources/AM2100PB,e8170c1e84bfb21470c942128f1cb1889f0f6a9fa0cff389bd9ba94eef5cb181
AM2100PC,BAM V1,7,94,130,1,1,AR2100,0,,ressources/AM2100PC,bc4b44aabd1a04fb778793c7a4983b2f6cafefaba21f88faba0f82bf9c6940e9
AM2201A,BAM V1,7,90,170,1,1,AR2201,0,,ressources/AM2201A,635320e858c5ee2b1f05673420a0d047fb42b5277db5243868d0049e6b9fe3ab
AM2201B,BAM V1,7,148,115,5,1,AR2201,0,,ressources/AM2201B,c37f374bb906f090c3c372056372705543509648ddc0c826d4091c6f5aeb1d74
AM2300A,BAM V1,7,82,125,3,1,AR2300,0,,ressources/AM2300A,567bc153890ae92a3f291e4eb38be805bd77ee13e96148dd8636a97d87661101
AM2801A,BAM V1,7,153,108,3,3,AR2801;AR2808;AR2809,0,,ressources/AM2801A,feabd84e460d60688ac520d42e3a27515b09e6b1a7828f407ff80d939562acf5
AM2802A,BAM V1,7,152,108,3,3,AR2802;AR2810;AR2811,0,,ressources/AM2802A,ed89294d8be4ad894b22441c14a2cd4d00a77a9590168379223fd2f919a90933
AM2805A,BAM V1,7,93,104,2,2,AR2804;AR2805,0,,ressources/AM2805A,2b9825686913b15a81afd560fa3d97abbc3930b421cd9ac8e8d5b83baf19ec65
AM2805B,BAM V1,7,186,184,2,1,AR2804,0,,ressources/AM2805B,d28c6887e5409cc72249299f6badabb9e6e5133bb1896383e64fc91f02e60e86
AM2805C,BAM V1,7,224,182,1,1,AR2804,0,,ressources/AM2805C,f1b9ea14d9b3a9c3476aeb64cba1f7ed5950f89fd57035d3245e93977814671b
AM3000A,BAM V1,16,248,221,1,1,AR3000,0,,ressources/AM3000A,9bb245f6ba3f15a6a1d3f16b762c373b01eacf93996cd406966e770b3131cdfc
AM3000E,BAM V1,24,39,68,5,1,AR3000,5,PLT_MAGE,ressources/AM3000E,4093c0364b5a6e1178e02c68e3a979121307c949b7ff0665c33a8883829352e7
AM3000H,BAM V1,15,114,119,1,1,AR3000,0,,ressources/AM3000H,f6f97b84789f3ffd23afa86be94c820c916e47337e810ca67fce2268eac64836
AM3001D,BAM V1,15,129,86,1,1,AR3001,0,,ressources/AM3001D,4653efeb9eab7e25fba8e008df6e750333892f03e5c3efa83e9484bc262e42f1
AM3001F,BAM V1,6,40,40,5,1,AR3001,0,,ressources/AM3001F,7aae71404d479311020c9b24f9ca5a1ee327d5584029d52b63864d8fec5d20d3
AM3001G,BAM V1,12,78,105,1,1,AR3001,0,,ressources/AM3001G,956f39a1a2d3e1052b725742829fa1fbe6dc4b7f4671cea1b5557eb0b72e84f5
AM3011A,BAM V1,8,111,112,1,1,AR3011,0,,ressources/AM3011A,c6de44e2c9dc8013f392532a583493b2cf4e68d107259dd0f9458e70c3c6cc7f
AM3011B,BAM V1,8,30,60,1,1,AR3011,0,,ressources/AM3011B,4510e7d6d7787df373e2a4ce490899f29dee186ebe95c6c6c66f1f55c5262ecc
AM3016A,BAM V1,10,32,111,2,1,AR3016,0,,ressources/AM3016A,24109f9f9a55152e2a74eeb05fd9abc9f584e8d77e421f1fc643d56681f7c545
AM3016B,BAM V1,10,180,48,1,1,AR3016,0,,ressources/AM3016B,121b6531b7c4a273923d69a1f1a99d21c2d19cb9cdbef5542fb214f511fd8a66
AM3016D,BAM V1,64,32,67,3,1,AR3016,0,,ressources/AM3016D,b22d2464dc5d9277f1f43a2d73f54e197c9e278ca90aaf49e957900a05b091e4
AM3016E,BAM V1,12,178,129,1,1,AR3016,0,,ressources/AM3016E,000db115d3a199a9d252c353a731039957e9fbe82f779cdb50c9921bd28185bc
AM3016G,BAM V1,12,184,129,1,1,AR3016,0,,ressources/AM3016G,8ffbf7ac7687713579e071b1d5c77b2c4b0553f40aefaa07c0812046714c9449
AM3016I,BAM V1,24,40,109,1,1,AR3016,0,,ressources/AM3016I,b9d7fcc65fad2ddb6314fce31fd577393830ee5e39d80c3389021bf1632b4358
AM3016J,BAM V1,24,40,109,1,1,AR3016,0,,ressources/AM3016J,c0ce452a20233dd3a5c2198adb465eacc686a9a1638278b46bb12c8d1d520c56
AM3016K,BAM V1,24,40,109,1,1,AR3016,0,,ressources/AM3016K,85221317576f638999bcf34bb4b3673c0e2cf457135d5a8e35639eed27fddc64
AM3016L,BAM V1,24,40,109,1,1,AR3016,0,,ressources/AM3016L,dba7583f9f19a58e139bffaf00f214d559d8130167661e635db08127df43c5fc
AM3016N,BAM V1,15,77,143,3,1,AR3016,0,,ressources/AM3016N,ef1c0383422b817002868c7108fc56d2390709ca3db28fa76c1e226486ea6a87
AM3016P,BAM V1,3,80,69,1,1,AR3016,0,,ressources/AM3016P,c9322a747a4fe1fe94bdaa63fa2f638660ace4822d8cbffea822e8b272e646d4
AM3016Q,BAM V1,3,82,60,1,1,AR3016,0,,ressources/AM3016Q,e8ddf5133fdec854e6d9da80c1f204c148565e40063243872effb072d28a572c
AM3016R,BAM V1,3,81,64,1,1,AR3016,0,,ressources/AM3016R,16b6ccc1699d0dbf74dddf7fef782a1c786b8a192075f369cb81fe0e7fe7bd02
AM3016T,BAM V1,3,153,107,1,1,AR3016,0,,ressources/AM3016T,aa0345608eb5cd27000068ab9f9a4bf93338ccca64cdaca0ea46f8553180fae1
AM3017A,BAM V1,8,133,175,1,1,AR3017,0,,ressources/AM3017A,85c75594aa91d867a5717c6cbebf9ef2242e74642eb6e8180cda28843a0540dc
AM3017B,BAM V1,8,120,172,1,1,AR3017,0,,ressources/AM3017B,f2e0c6a34eff215edea203ffe3918b17b89ef2948d4a1884616477d3cc51e5c6
AM3017C,BAM V1,8,167,174,1,1,AR3017,0,,ressources/AM3017C,365c539a8432fbbd8748531b0990738bd26253d37eb5e68d94c08033205f140d
AM3017D,BAM V1,8,135,234,1,1,AR3017,0,,ressources/AM3017D,eb0ffc68781f0e8efe888acbce1762c2b3d025188e500516ca7b7c997231c25f
AM3017E,BAM V1,8,55,37,1,1,AR3017,0,,ressources/AM3017E,44d9cf8917e8e9e5fdf18713cd822ad85c89ce6452eadbda54f6834b23290a96
AM3017F,BAM V1,8,72,53,1,1,AR3017,0,,ressources/AM3017F,3eaa6d6a94aef5c3c9cae9dfd493b3689a16b8f90ce7a7f2fc0ab396c8e5435c
AM3017G,BAM V1,8,50,50,1,1,AR3017,0,,ressources/AM3017G,1d970877e8b66679e0a7013b2011f8294a85b26e99774e5d7437d67a05108c65
AM3017H,BAM V1,8,58,40,1,1,AR3017,0,,ressources/AM3017H,e3710548ddc459315114b20453956ab721e53775c1de5de41cfb988f7e1aa546
AM3017Z,BAM V1,10,164,102,1,1,AR3017,0,,ressources/AM3017Z,65b6216ea471fed3e24c9165b0c558c1a32171c86f37ca4051cec409602cdafc
AM3019A,BAM V1,36,229,205,1,1,AR3019,0,,ressources/AM3019A,eea4dc30082ef0bc561d9284385b45542467b65c8d42228c5ab76b6257df7b53
AM3020D,BAM V1,9,118,246,1,1,AR3020,0,,ressources/AM3020D,863193017d78e21fb09ade8660361c49fb53f375e51cfdbe97d3c73b0e52f86e
AM3021D,BAM V1,10,90,51,1,1,AR3021,0,,ressources/AM3021D,ead1fcfd6769d8b223d1212e0b88744d1f910bfc7035a407c2261fa8191d8caa
AM3021E,BAM V1,10,84,58,1,1,AR3021,0,,ressources/AM3021E,440f16b9c4c303646e33f5c10bf134f09575970da2951a06e6869f4aac9bc441
AM3021F,BAM V1,10,82,54,1,1,AR3021,0,,ressources/AM3021F,e4c09f439e7af0f887d385cb9519eb832b3e329a00cd1457efc4ca18fa5855bf
AM3022D,BAM V1,10,55,35,1,1,AR3022,0,,ressources/AM3022D,af78db436ed4415e496bfc65f24f0a6126e923e1adf9ee11299e2ac9397fa340
AM307RED,BAM V1,7,56,56,2,2,AR0307;AR0329,0,,ressources/AM307RED,108cb54c104943b1786d74fab34512cb6dc4ba3ba3d1e9a1b9a403ab9d13450e
AM307TT1,BAM V1,4,78,81,2,2,AR0307;AR0329,0,,ressources/AM307TT1,bf81a632e0f87768b9d796186dab40e4c107d2c6b2f2da2c87b3d9e11f9b7047
AM307UR1,BAM V1,4,91,69,2,2,AR0307;AR0329,0,,ressources/AM307UR1,c9ad7464737308377867fbaf2230f77c9b24762a00647c24c276cccf7d981a52
AM307UR2,BAM V1,4,207,158,2,2,AR0307;AR0329,0,,ressources/AM307UR2,5ed7f605d00bd91fb749941191221b363c9087cd394afa6f0eb8c37263da5d2c
AM307UR3,BAM V1,4,222,176,2,2,AR0307;AR0329,0,,ressources/AM307UR3,a9dde0a9dca4f0b46b949328fb622fa4fb88eff360feca6f4fff7207a3bd6129
AM4000Z,BAM V1,22,26,67,10,1,AR4000,0,,ressources/AM4000Z,8a75c33f88e9f7470fbec79d7d6086a79629ab46f7abca97257ab19d86eaa1e8
AM411MAC,BAM V1,9,204,193,1,1,AR0411,0,,ressources/AM411MAC,0f587377f77bf02be2ac72f0b912f5a50077b20e817c1854e069253b3f3e4c99
AM414E11,BAM V1,8,150,131,3,1,AR0414,0,,ressources/AM414E11,0b2268d8509b18c7e2e3c037bb4949258dc035a4cf105658a7df8f8cad877495
AM414E12,BAM V1,8,160,135,3,1,AR0414,0,,ressources/AM414E12,2661605e38f423e09b8eab23fbb038c8e7358e7dc8c91f215cfa50f130948568
AM414EY2,BAM V1,8,242,183,3,1,AR0414,0,,ressources/AM414EY2,68413e76fb02213f89b2783f5bc7251d6679c85120ccf8fdc1a2d12773d9f6c0
AM4500A,BAM V1,8,105,144,1,1,AR4500,0,,ressources/AM4500A,7386fb86811aac8cc20a71428f55afef0582f5a72874fe2eb76911816265957f
AM4500B,BAM V1,8,96,134,1,1,AR4500,0,,ressources/AM4500B,cda949883391e089071d6513d8b98e51a91c1255d448d14ec0c33557b8294ea6
AM4500C,BAM V1,8,61,142,1,1,AR4500,0,,ressources/AM4500C,78fbfc7ce9fa0eabf2a35d4f269b3d0ff6d97807558389efb338cc77f628fa02
AM4500D,BAM V1,8,130,142,1,1,AR4500,0,,ressources/AM4500D,261483318a69dfe7c7a21c94db4de3e04c16d60aabcdd5a0ec27c953ae25655a
AM4500E,BAM V1,8,76,145,1,1,AR4500,0,,ressources/AM4500E,1098bfe048eba5ad476b8ad1052e0982e0fe5ecdb17b76b30962180d955aa66c
AM5000A,BAM V1,5,182,148,1,1,AR5000,0,,ressources/AM5000A,c0909b172eae926ce0bfe60e1c108a1de817442d590910831d13ed63829dea54
AM5000B,BAM V1,5,181,147,1,1,AR5000,0,,ressources/AM5000B,fa6bced8efa62e0aed8a334be485d9be2459bbdb4edeeddb2eb10ee8d362b1f7
AM5201A,BAM V1,8,109,166,2,1,AR5201,0,,ressources/AM5201A,357f6b7ed8303152ebf66cc1a2940b4f228516b4f62ceb9cdf7c700b8471c83d
AM5201B,BAM V1,14,106,122,6,1,AR5201,0,,ressources/AM5201B,51d2f1a1cbdc3b2cfc112af6433d57375a10c6042632301e120f125f638f74c6
AM5202B,BAM V1,15,52,109,1,1,AR5202,0,,ressources/AM5202B,50317ee0a724d51b5830903f8f736a344b57822564e43a1b30afe1fc896991f0
AM5204A,BAM V1,15,40,67,1,1,AR5204,0,,ressources/AM5204A,260cea2b9457e4d1fc76de4a064f5be10e3400a0ee7312a8566054369e814316
AM5204C,BAM V1,12,53,37,2,2,AR5204;OH4210,0,,ressources/AM5204C,b3363159b1660e26cd92a66244464e40533072ab0a4d42dfbd93f3a56c1f3c44
AM5204D,BAM V1,20,52,118,14,2,AR5201;AR5204,0,,ressources/AM5204D,d0e843d844e6b6752b156324406ab0c8aa6f20ac0fe10a696224dd1613bcb58e
AM5500A,BAM V1,16,55,155,7,1,AR5500,0,,ressources/AM5500A,47f6fb2654ac4548bc6b002251da7417ad91400f7486f3fd5e62cde73bf2c27e
AM5500D,BAM V1,10,52,78,1,1,AR5500,0,,ressources/AM5500D,8b08d401cd519753b9d10f521caa19ba2b0f2747533f86a9502a15e2cfc4079f
AM5502D,BAM V1,12,23,17,1,1,AR5502,0,,ressources/AM5502D,eeba2e34faf16ce9cdb25c12b90f753aaaf498138990b6b25de39a659521a75d
AM5502F,BAM V1,12,63,59,1,1,AR5502,0,,ressources/AM5502F,7997e36f2ee70eb839edcac0068c4b104b547bec5593ce111d83b2375aafb34a
AM5503A,BAM V1,8,105,76,1,1,AR5503,0,,ressources/AM5503A,4a8f4ceddca1c5edadd0e973c81d545f1566dbd41c1eab1fb1819942e382ca32
AM5503C,BAM V1,8,51,65,2,1,AR5503,0,,ressources/AM5503C,17d4edf3a1ae62e2bc868c5c55616a6a3429bbbf84ff1a51c20086cfc3d72189
AM5503D,BAM V1,8,50,66,1,1,AR5503,0,,ressources/AM5503D,267cfeae96502ee443b0d8e9c2cd4cad7b75db535bca3643191cc639f800aaec
AM5508C,BAM V1,12,20,26,19,5,AR5501;AR5502;AR5506;AR5507;AR5508,0,,ressources/AM5508C,4af1b954808d36a411a8b792d0d042fc9c4711ef73c3c49f5560f9b6b9a890cb
AM5508D,BAM V1,10,95,68,5,5,AR5501;AR5502;AR5506;AR5507;AR5508,0,,ressources/AM5508D,0cf216d64efea7940e35d3794b42f498d18148cebfee29878a6ca09e62d1efef
AM6004A,BAM V1,40,35,110,30,2,AR6001;AR6005,0,,ressources/AM6004A,d139b99202dd198acac5f88b89a69526135ab26c36c70cf0c8216a9f8028b849
AM6004B,BAM V1,32,57,165,19,2,AR6003;AR6004,0,,ressources/AM6004B,897c7a6736ec6e846546c686b25e3d50aa89c18cfa896661d15b590f089e528b
AM6005A,BAM V1,12,116,132,1,1,AR6005,0,,ressources/AM6005A,395639934d543ddf9ba0ebf9ed20c002b89164c973fbee391a6fdf539d63f2af
AM6200A,BAM V1,20,149,179,1,1,AR6200,0,,ressources/AM6200A,dc8357efe59f2187097ae5ef0d90c08e16690210724a02a5dde87a3adf91c8a3
AM6200B,BAM V1,20,149,179,1,1,AR6200,0,,ressources/AM6200B,5fef823c06d50916c86e82d8d56975f1e41d5085462b2c2ff2ad3de1e9736652
AM6200E,BAM V1,5,110,95,1,1,AR6200,0,,ressources/AM6200E,3136b35cb5ab31f160afe4c8316d27f64269a552f2c72fd28e6a013756dd527b
AM6200F,BAM V1,5,94,86,1,1,AR6200,0,,ressources/AM6200F,5ed2bb00e183aa646b70d4aec052722a76e4ffb9279fdf1405824b818c8751c6
AM6200G,BAM V1,5,87,76,1,1,AR6200,0,,ressources/AM6200G,0e8624ab443a65524fd278ef517ca0bc40cd606739ed2b709909ecb82a83d621
AM6200H,BAM V1,9,164,116,1,1,AR6200,0,,ressources/AM6200H,b7f2fcb02001a020a7706c74e97f0152b452bab489221e4a0f86ef41bdfa7809
AM6200I,BAM V1,9,159,107,1,1,AR6200,0,,ressources/AM6200I,f3513ac66ba3ae554a09df2c6472bdecd6bd5f684f3027834d39c55ea6ae8f36
AM6200J,BAM V1,9,158,99,1,1,AR6200,0,,ressources/AM6200J,56c06d3fd1b37052ef5aba244b12e66bb93cfe9261a634e043a3bdbef93b836e
AM904TL1,BAM V1,9,60,60,1,1,AR0904,0,,ressources/AM904TL1,d4821be51b429492ae5c079b9756f0c83f5257dbd98b2b5ac6dfc86fa32ecc4d
AM904TL2,BAM V1,9,60,60,1,1,AR0904,0,,ressources/AM904TL2,db4018abecf2bfdc63421458bd18762a80c7a0b0cdb4addb9525f45a63e6eeb6
AM904TL3,BAM V1,9,70,70,1,1,AR0904,0,,ressources/AM904TL3,c1faad3d34dfe0141737797ed6e75c583c09df8f87a43a6f497541145e693151
AM904TL4,BAM V1,6,102,74,1,1,AR0904,0,,ressources/AM904TL4,91f5ee6bd57096f18d5fc6aa3217b26642e3cfc17c3fa354eac6d5a07370c9f4
AMOH7300,BAM V1,108,19,56,9,1,OH7300,0,,ressources/AMOH7300,869aba18584cad4976fdccffca6c29d0a1efd4f65cf9350bb880681a94083e9f
AMSTEAM1,BAM V1,24,56,64,7,1,AR3017,0,,ressources/AMSTEAM1,5722bbe6196849fdfa219112cbae4be04c5c1f4b7926e12d75f8f3ad512a8fad
AMSTEAM2,BAM V1,24,95,43,7,1,AR3017,0,,ressources/AMSTEAM2,a993971189676ab58c0a11c476c499b552ad6f4e31547211872d256efc18b1d7
AMWRPGT1,BAM V1,12,47,85,50,17,AR3003;AR3004;AR3005;AR3006;AR3007;AR3008;AR3009;AR3010;AR3011;AR3012;AR3013;AR3014;AR3015;AR3016;AR3017;AR3019;AR3020,0,,ressources/AMWRPGT1,8fe621ff8807f155f0cd7ef61497b658c7229798c87780b5c9aaecb9750e3f31
BDFORCEW,BAM V1,160,164,231,2,1,OH8100,0,,ressources/BDFORCEW,b8464128d84c23df31f48afb3c2eeacc7a6c3dfc62f1b2c0df49997516017190
BUBBLEA,BAM V1,20,58,53,3,1,AR2903,0,,ressources/BUBBLEA,892f98f222a49f54f8f53a10fc7a6b2bab9a2baf3c19ff5e8cbe5c5e2bb9081a
BUBBLES2,BAM V1,107,19,56,28,3,AR0411;AR0602;AR0603,0,,ressources/BUBBLES2,a80b50f92940da7d067c27be6f138e3182986c09a706f4b3553d0e07ff1dfddf
BUTRFLY,BAM V1,18,64,64,74,14,AR0309;AR0800;AR1100;AR1200;AR1700;AR1800;AR2000;AR3000;AR5500;AR6400;OH4000;OH6000;OH6100;OH6400,0,,ressources/BUTRFLY,1819a6552862abd0afc07e56ec89f61b64dac1c73882001324ae1f8bd8d2463a
CHIMSMK,BAM V1,12,64,64,68,5,AR0300;AR0400;AR0500;AR1100;AR2000,0,,ressources/CHIMSMK,128f9f81835d485c5864690e97312e93dd4305013454b7135045080aa37c26b5
DSTDVL1A,BAM V1,18,113,78,72,10,AR0411;AR0414;AR1100;AR1200;AR1600;AR1700;AR5200;AR5500;AR6300;OH6400,0,,ressources/DSTDVL1A,e5959c682c42524bb375bbc6295bffd2fc7f8f4a6f0f3868e4dcaf56de82918f
DSTDVL1B,BAM V1,18,113,78,55,10,AR0411;AR0414;AR1100;AR1200;AR1600;AR1700;AR5200;AR5500;AR6300;OH6400,0,,ressources/DSTDVL1B,4ec62f85461a19ff8f374a3c5ebe4956a32aedc05fc5e22f1aa90393f0966122
DSTDVL1C,BAM V1,18,113,78,41,10,AR0411;AR0414;AR1100;AR1200;AR1600;AR1700;AR5200;AR5500;AR6300;OH6400,0,,ressources/DSTDVL1C,046d7cf765adbb5b29d6dc16f2f9b0d11e8c609ac4aeeb5e86fe0481d37c0e73
DSTDVL2B,BAM V1,18,104,114,2,1,AR0411,0,,ressources/DSTDVL2B,1a78ce60c345437b7eb9a9f6c5238d2679ed7fa8f2b112c6eeb8856b7f8f07d2
DSTDVL2C,BAM V1,18,104,114,1,1,AR0411,0,,ressources/DSTDVL2C,6265e9903c7667da3e400d0dabfb74ee5dfb8cb56f30f19ddf09ce3538bb9890
EYESRED1,BAM V1,20,11,7,1,1,AR0329,0,,ressources/EYESRED1,ccb976920dd167d63f99b9f629e6fba1aca14b6c5bce15cce44db364b6fde1d2
FALL1A,BAM V1,6,213,201,1,1,AR2300,0,,ressources/FALL1A,bb989d32f5689d86e36460cdb7e89e7f718f2bad8bc9c93b10d89858d2b6068c
FALL1B,BAM V1,24,155,184,1,1,AR2300,0,,ressources/FALL1B,9f6947cfbe5ebe6ac74b7f0cad5193ce98adee3ee98acc2742cb84844cc40c29
FALL2,BAM V1,6,195,220,1,1,AR2300,0,,ressources/FALL2,c7808a349121a007a84db8805569758c7ebf618430355ab2bb6a4ff12e0a1e32
FALL3,BAM V1,36,141,190,1,1,AR2300,0,,ressources/FALL3,a24892162c44e173fb4ac3855acf2a066550ccec8c2a189683e620175ba79539
FALL4,BAM V1,12,171,190,1,1,AR2300,0,,ressources/FALL4,1bca9578fad247e06b5143dcbaaf8e90c4c448dc4093d37400eff687c2d75c39
FALL5A,BAM V1,12,103,198,1,1,AR2300,0,,ressources/FALL5A,4e478be32428d9c9c954077188cf01285ff9f16650f6ff38e5a455a3143fb7c2
FALL5B,BAM V1,12,87,226,1,1,AR2300,0,,ressources/FALL5B,4f1b69b3346c3d5c33f87921812c39e27e41b61acd56659fac844a8b921e3b57
FALL5C,BAM V1,12,57,195,1,1,AR2300,0,,ressources/FALL5C,4fc7c4a4cb6d412d795a98b92875cfe7a90963f67b425109bccdba11702f63cc
FALL6,BAM V1,18,104,175,1,1,AR2300,0,,ressources/FALL6,5db3d249cfbb8ef3dbdec9168fbc185d71397b9676bc474ff823167778fa99b2
FALLA1,BAM V1,6,90,121,1,1,AR2300,0,,ressources/FALLA1,2b89e66c13282be724b1eda2c30a4530017ca6339dabba59f2f04fdd9e3c9022
FALLA2,BAM V1,6,57,73,1,1,AR2300,0,,ressources/FALLA2,2d24c7435b92c0fa03ba0e6d04f1f74255d18d4d41869ed064c3fe2a5a66f655
FIRE,BAM V1,9,12,57,64,3,OH4000;OH4200;OH7300,0,,ressources/FIRE,16048c4a96bc5581cfbe8feb9a2cb448950707c1e5899fc0237a48662384edcf
FIREBRN,BAM V1,63,15,28,7,1,OH4210,0,,ressources/FIREBRN,4abd918ea23d661d311401f412331147df0c9aeab559d5b84ca4eb05fa6c7393
FIRE_1,BAM V1,15,36,50,24,8,AR0700;AR0802;AR0805;AR0810;AR0811;AR2013;AR3027;AR5000,0,,ressources/FIRE_1,a6e712181bac732c1b04445d690b2b7e9403b2361aa85589fd8603058e45a511
FIRE_2B,BAM V1,15,70,70,7,2,AR3017;OH8100,0,,ressources/FIRE_2B,064aec52002de57ca59c5edbf065ab21118555e3197cb1c60dad881af8e313bb
FIRE_3,BAM V1,14,24,40,34,10,AR0202;AR0331;AR0500;AR0526;AR0906;AR3001;AR5000;OH4200;OH4210;OH4220,0,,ressources/FIRE_3,dd43ac2873a65ecb18bb7692015512ca9b3937459d7af4023d8ae0603c644b74
FIRE_3GR,BAM V1,14,30,40,1,1,AR0203,0,,ressources/FIRE_3GR,0306d92d985c51712b823acad236ae612ff81fbbd6e00f56d74a0beeb7fa4d16
FIRE_3GS,BAM V1,14,30,40,42,1,OH4101,0,,ressources/FIRE_3GS,83160593493bd0c098a2a43f163f7f598653ca98299f8c87b7bde12b72098a09
FIRE_4,BAM V1,14,14,31,1006,78,AR0201;AR0202;AR0300;AR0307;AR0309;AR0329;AR0331;AR0334;AR0400;AR0405;AR0406;AR0504;AR0509;AR0511;AR0522;AR0526;AR0529;AR0700;AR0704;AR0706;AR0709;AR0800;AR0801;AR0802;AR0803;AR0808;AR0809;AR0904;AR0906;AR0907;AR1002;AR1005;AR1010;AR1103;AR1104;AR1105;AR1107;AR1201;AR1202;AR1204;AR1301;AR1302;AR1306;AR1401;AR1511;AR1512;AR1513;AR1514;AR1516;AR1603;AR1604;AR1606;AR1608;AR1613;AR2001;AR2002;AR2007;AR2008;AR2009;AR2208;AR5000;AR5006;AR5007;AR5012;AR5016;AR5202;AR5503;OH4210;OH5300;OH6100;OH6200;OH6450;OH6460;OH8100;OH8200;OH8300;OH8400;OH9000,0,,ressources/FIRE_4,2a963f9b909d94830503d2239d7011552e5078d53f1ed9f457ebed833ba96367
FIRE_4GS,BAM V1,14,16,32,17,1,OH4210,0,,ressources/FIRE_4GS,c9d50c95a4022a0a5e8a19f021c2284a5f1cc5c68ec52c5e75eb167b68d03d19
FISH1L,BAM V1,24,64,64,4,2,AR3000;AR5000,0,,ressources/FISH1L,907805556c1c6680a3c26908a6a464a37272f49120416c587db2763f4a4aa807
FISH1S,BAM V1,18,32,32,1,1,AR3000,0,,ressources/FISH1S,8d8efda7e502baa815ebf081d6586c2324de6af47e0ca19cf631f5d3981730de
FISH2L,BAM V1,18,64,64,3,2,AR3000;AR5000,0,,ressources/FISH2L,194a4ca78f28d5a17aaf269b0c0a8b9dfc1b88d887e4663b98f7660616aea55b
FISH2S,BAM V1,18,32,32,2,2,AR3000;AR5000,0,,ressources/FISH2S,1da2e9b05df07a7f2055437785ee4e41e6ac523017a1087ff49f9d0e1dcf0cfa
FISH3L,BAM V1,18,64,64,2,1,AR5000,0,,ressources/FISH3L,dcf7dc83dc7bafbeb5b6672719ba342ee8b01efb66276a39f2bc27f09640db57
FISH3S,BAM V1,18,32,32,2,2,AR3000;AR5000,0,,ressources/FISH3S,338dbc75bd404edb220b54ec47a0e67cd1f3c50d3a7c145273b80bc06995b16d
FLAME2L,BAM V1,9,13,29,55,4,AR0500;AR0512;OH4220;OH7000,0,,ressources/FLAME2L,5402d06636c46ba4235269f216648794a373d9a66ad98f42f6d7c49a05050041
FLAME2M,BAM V1,9,8,16,57,4,AR0510;AR0800;AR0900;AR0907,0,,ressources/FLAME2M,2260bf11921f6c622a5b52569872a39f7ec1c9f970790f158e6c16c05f9896d7
FLAME2S,BAM V1,27,12,12,867,77,AR0302;AR0303;AR0307;AR0312;AR0315;AR0322;AR0323;AR0326;AR0329;AR0334;AR0335;AR0406;AR0409;AR0502;AR0504;AR0505;AR0506;AR0509;AR0510;AR0511;AR0513;AR0514;AR0515;AR0522;AR0527;AR0528;AR0529;AR0602;AR0704;AR0705;AR0706;AR0709;AR0710;AR0712;AR0801;AR0802;AR0808;AR0903;AR0905;AR0906;AR0907;AR1001;AR1003;AR1004;AR1006;AR1007;AR1009;AR1103;AR1104;AR1105;AR1202;AR1302;AR1303;AR1305;AR1306;AR1307;AR1511;AR1601;AR1603;AR1606;AR1609;AR1613;AR2001;AR2002;AR2007;AR2011;AR2012;AR2208;AR3026;AR5008;AR5009;AR5010;AR5011;AR5012;AR6012;OH5000;OH9000,0,,ressources/FLAME2S,b04c53fb128ab79601751d0ef22571143bdb776e0d16eeeaf384c53033b46f6e
FLIESL,BAM V1,18,64,64,148,20,AR0201;AR0206;AR0400;AR0406;AR0500;AR0502;AR1100;AR1200;AR1302;AR1600;AR1700;AR1800;AR1900;AR2000;AR5000;AR5203;AR6300;AR6400;OH6100;OH6200,0,,ressources/FLIESL,066367861f199f58265bf90bd8201ead1e4b27249c6071ec8c40425fed367a1e
FLIESS,BAM V1,18,12,13,68,12,AR0201;AR0206;AR0400;AR0406;AR0500;AR0502;AR1302;AR2000;AR5000;AR6300;AR6400;OH6400,0,,ressources/FLIESS,2bdd1fafc44cd275c6a1fee2f38e37f8982ee721a429c05abd54de9bfdf72d4e
FLM2PUR,BAM V1,16,18,23,13,2,AR1008;OH4210,1,PLT_PURP,ressources/FLM2PUR,7df6c167db3bb00c24cd63f662a4660193582b97385f5c44e7f6675b25462a4a
FLMM,BAM V1,6,8,15,57,2,OH7200;OH7300,0,,ressources/FLMM,3394293cf984b7b7bc31691c3b57a7ba3bd67cb7e63e3ce12758ccb76d91a1dd
FLMS,BAM V1,6,2,5,36,1,AR0510,0,,ressources/FLMS,da581db75ad19ee29ee1a408bea70a04412efee79cbdef5f166972c030aa4185
FOUNT1,BAM V1,5,60,71,2,1,AR1000,0,,ressources/FOUNT1,9b55e650efd7b6dee3f95dafe4082bd0d0bbbe07fac6568ce4a0d2d20adffb71
FPIT1L,BAM V1,6,78,67,4,2,AR5203;OH5300,0,,ressources/FPIT1L,4ecc4b8b84e1c6a31c6bc6595e5b1a051a81e04f14a78657b9b4d2e3a9ee3c13
FPIT1M,BAM V1,6,48,42,4,4,AR6111;OH4000;OH4200;OH6100,0,,ressources/FPIT1M,0ec741cb3d4885e3db4563b72cd6c709826ec86d4733f979ad33d3a783d81321
FPIT1S,BAM V1,6,23,20,21,15,AR0334;AR0406;AR0509;AR0522;AR0601;AR0706;AR1603;AR2001;AR2014;AR2016;AR2017;AR2018;AR5202;OH7300;OH8100,0,,ressources/FPIT1S,a8f0e62d1776f8282fbddf5a0fb425c665e2e08433452880b5ec6607d6c54af7
MMELSPIN,BAM V1,20,63,96,1,1,AR6200,0,,ressources/MMELSPIN,48d1a8da69c23ac4c88f9ca00fbdd5d87e306ee05eb1511901280695446c7727
OHDLPORT,BAM V1,26,148,102,7,2,OH5400;OH5500,0,,ressources/OHDLPORT,3f538d8cc83f0dc74579c0de7ba1ba52466b41713b6803052c112bed43abc15d
OHHNECR,BAM V1,11,121,73,14,1,OH7300,0,,ressources/OHHNECR,54cd5e4ba2b635754034570355beb51e17d3e5ce0bba891ca30792e002945fbf
OHHPORT,BAM V1,6,128,128,1,1,AR0811,0,,ressources/OHHPORT,a6ad704c11bc0095568638934b9497644e7156882404f5b94a97dfc15d674b6e
OHRSGATE,BAM V1,30,110,125,2,2,OH4220;OH4230,0,,ressources/OHRSGATE,a716ba165b3d3d345358dd79f36dd2d9cfe86da1a148a01de1c1738a3d1b8734
PORTL1A,BAM V1,6,64,94,1,1,AR0602,0,,ressources/PORTL1A,d82338625dc95baa2013e88ba3cb088f127124ebe809cf17ad72f047076a3f45
PORTL1B,BAM V1,6,79,88,1,1,AR0602,0,,ressources/PORTL1B,9467f6a4d6ce7b03c874c58ad71672e90f3d3da80fdd50a4014eba47996f1b36
PORTL2A,BAM V1,6,79,88,1,1,AR0603,0,,ressources/PORTL2A,30f16dea6da4d4f87fa621484e44555e60579ee7917c11c0bf634cdc7256e2b8
SMOKE,BAM V1,90,128,95,3,3,AR1004;AR1601;AR2012,0,,ressources/SMOKE,c99c287a0b7e5cacff5ac51f2c4d3939bcde1c9a1fd5ecdc26811845b3d46655
SPDIMNDR,BAM V1,164,110,125,1,1,AR6108,0,,ressources/SPDIMNDR,05e2698ffb51628eac197b3c2ecdd10d1cdbac06778341d8da78fad9370643d7
SPHINCT,BAM V1,17,160,120,9,6,AR0516;AR0517;AR0518;AR0519;AR0520;AR0521,0,,ressources/SPHINCT,2e513cc3d1b14127dfc6f65f965264d1733bdb4c8a4d8fe7dc210b95164a9ad9
SPHINCT2,BAM V1,17,160,120,1,1,AR0516,0,,ressources/SPHINCT2,14ae94b6132524dda94108b42ee7f0ab496d0f1f88806fe8dd93002aeff3bed3
STEAM2,BAM V1,9,129,129,2,2,AR0506;AR1003,0,,ressources/STEAM2,f55590d50adb193ade3665a6212fb992ec888f7f852302c611db6a761c461518
WTRBODY1,BAM V1,20,32,32,1,1,AR0502,0,,ressources/WTRBODY1,5e77287127434cfc7e981efe460e66c62d5e7ad439878137a2065326e48146b5
