resref,status,areas,occurrences,frames,max_frame_size_x1,format,correction_id,notes
1400T001,écarté,AR1400;AR1404,2,1,255x255,BAM V1,,"Arbre nu des Ruines du temple, partage AR1400 (cycle jour/nuit) et AR1404 (nuit permanente). 1 frame, 255x255, alpha 1 bit, silhouette eclatee (29 a 342 composantes, 116 a 580 trous) : ni interpolation 30 fps possible (frame unique), ni lissage spline applicable (build_spline_alpha_mask.py n'ajuste que la plus grande silhouette fermee et supprimerait le branchage). x4 SeedVR2 7B/LAB produit le 2026-08-28 (run ar1400-all-bam-seedvr7b-lab-x4), techniquement sain : alpha strictement egal au plus proche voisin de la source, luminance intra-masque -0,5 a -0,8 % (SeedVR n'a pas eclairci), flag ARE Blended absent. ECARTE POUR UN DEFAUT DE RENDU, PAS POUR UN DEFAUT D'ASSET. Le chemin x4 des animations de zone lie une texture RGBA pre-cuite et ne recoit jamais la palette realisee par CVidPalette::Realize (le commentaire de src/iee/area_animation_x4_registry.h le dit explicitement : la composition creature la consomme, celle des animations de zone la laisse nulle). L'eclairage de zone n'est donc pas applique a notre texture alors qu'il l'est au BAM vanilla. Mesure sur les light maps du jeu, sur l'emprise de la ressource : facteur jour AR1400LM [0.842,0.842,0.864] soit 1,19x trop clair (imperceptible, QA de jour acceptee le 2026-08-28), facteur nuit AR1400LN [0.441,0.420,0.558] soit 2,27/2,38/1,79x trop clair donc aussi trop CHAUD (QA de nuit refusee le 2026-08-28, sur AR1400 comme sur AR1404). AR1404LM est identique octet pour octet a AR1400LN : AR1404 est en nuit permanente. Retire des packs des deux zones le 2026-08-28 ; AR1404 n'a plus aucun pack et le moteur y rend ses BAM d'origine (trace 'no pack for area AR1404' verifiee dans le journal). RESERVE, AMELIORATION POSSIBLE : la correction existe et est mesuree. pipeline/scripts/build_area_lightmap_pack.py re-applique l'eclairage (rgb = rgb * lightmap(monde)/255, alpha inchange) et ramene l'ecart a la colorimetrie vanilla de nuit de MAE 25,69/255 a 2,16/255. Essayee en jeu le 2026-08-28 sur 1400T005 seulement (temoin du lot) : rendu juge laid par l'utilisateur, non retenu ; les quatre autres arbres n'ont pas ete corriges. Limite structurelle : une texture cuite ne porte qu'un seul etat d'eclairage, donc corriger la nuit d'AR1400 rend le jour ~1,9x trop sombre ; seules les zones a eclairage fixe comme AR1404 sont pleinement recuperables par cette voie. Le vrai correctif est moteur : faire consommer au chemin x4 la palette realisee, comme le fait deja le chemin creature. Run x4, script et lot de test conserves (animations/packs-par-zone/combined-20260828-ar1400-t005-nightlight, essai limite a 1400T005). CONDITION DE REOUVERTURE : correctif moteur de l'eclairage, ou zone a eclairage fixe."
1400T002,écarté,AR1400;AR1404,2,1,255x255,BAM V1,,"Arbre nu des Ruines du temple, partage AR1400 (cycle jour/nuit) et AR1404 (nuit permanente). 1 frame, 255x255, alpha 1 bit, silhouette eclatee (29 a 342 composantes, 116 a 580 trous) : ni interpolation 30 fps possible (frame unique), ni lissage spline applicable (build_spline_alpha_mask.py n'ajuste que la plus grande silhouette fermee et supprimerait le branchage). x4 SeedVR2 7B/LAB produit le 2026-08-28 (run ar1400-all-bam-seedvr7b-lab-x4), techniquement sain : alpha strictement egal au plus proche voisin de la source, luminance intra-masque -0,5 a -0,8 % (SeedVR n'a pas eclairci), flag ARE Blended absent. ECARTE POUR UN DEFAUT DE RENDU, PAS POUR UN DEFAUT D'ASSET. Le chemin x4 des animations de zone lie une texture RGBA pre-cuite et ne recoit jamais la palette realisee par CVidPalette::Realize (le commentaire de src/iee/area_animation_x4_registry.h le dit explicitement : la composition creature la consomme, celle des animations de zone la laisse nulle). L'eclairage de zone n'est donc pas applique a notre texture alors qu'il l'est au BAM vanilla. Mesure sur les light maps du jeu, sur l'emprise de la ressource : facteur jour AR1400LM [0.842,0.842,0.864] soit 1,19x trop clair (imperceptible, QA de jour acceptee le 2026-08-28), facteur nuit AR1400LN [0.441,0.420,0.558] soit 2,27/2,38/1,79x trop clair donc aussi trop CHAUD (QA de nuit refusee le 2026-08-28, sur AR1400 comme sur AR1404). AR1404LM est identique octet pour octet a AR1400LN : AR1404 est en nuit permanente. Retire des packs des deux zones le 2026-08-28 ; AR1404 n'a plus aucun pack et le moteur y rend ses BAM d'origine (trace 'no pack for area AR1404' verifiee dans le journal). RESERVE, AMELIORATION POSSIBLE : la correction existe et est mesuree. pipeline/scripts/build_area_lightmap_pack.py re-applique l'eclairage (rgb = rgb * lightmap(monde)/255, alpha inchange) et ramene l'ecart a la colorimetrie vanilla de nuit de MAE 25,69/255 a 2,16/255. Essayee en jeu le 2026-08-28 sur 1400T005 seulement (temoin du lot) : rendu juge laid par l'utilisateur, non retenu ; les quatre autres arbres n'ont pas ete corriges. Limite structurelle : une texture cuite ne porte qu'un seul etat d'eclairage, donc corriger la nuit d'AR1400 rend le jour ~1,9x trop sombre ; seules les zones a eclairage fixe comme AR1404 sont pleinement recuperables par cette voie. Le vrai correctif est moteur : faire consommer au chemin x4 la palette realisee, comme le fait deja le chemin creature. Run x4, script et lot de test conserves (animations/packs-par-zone/combined-20260828-ar1400-t005-nightlight, essai limite a 1400T005). CONDITION DE REOUVERTURE : correctif moteur de l'eclairage, ou zone a eclairage fixe."
1400T003,écarté,AR1400;AR1404,2,1,255x255,BAM V1,,"Arbre nu des Ruines du temple, partage AR1400 (cycle jour/nuit) et AR1404 (nuit permanente). 1 frame, 255x255, alpha 1 bit, silhouette eclatee (29 a 342 composantes, 116 a 580 trous) : ni interpolation 30 fps possible (frame unique), ni lissage spline applicable (build_spline_alpha_mask.py n'ajuste que la plus grande silhouette fermee et supprimerait le branchage). x4 SeedVR2 7B/LAB produit le 2026-08-28 (run ar1400-all-bam-seedvr7b-lab-x4), techniquement sain : alpha strictement egal au plus proche voisin de la source, luminance intra-masque -0,5 a -0,8 % (SeedVR n'a pas eclairci), flag ARE Blended absent. ECARTE POUR UN DEFAUT DE RENDU, PAS POUR UN DEFAUT D'ASSET. Le chemin x4 des animations de zone lie une texture RGBA pre-cuite et ne recoit jamais la palette realisee par CVidPalette::Realize (le commentaire de src/iee/area_animation_x4_registry.h le dit explicitement : la composition creature la consomme, celle des animations de zone la laisse nulle). L'eclairage de zone n'est donc pas applique a notre texture alors qu'il l'est au BAM vanilla. Mesure sur les light maps du jeu, sur l'emprise de la ressource : facteur jour AR1400LM [0.842,0.842,0.864] soit 1,19x trop clair (imperceptible, QA de jour acceptee le 2026-08-28), facteur nuit AR1400LN [0.441,0.420,0.558] soit 2,27/2,38/1,79x trop clair donc aussi trop CHAUD (QA de nuit refusee le 2026-08-28, sur AR1400 comme sur AR1404). AR1404LM est identique octet pour octet a AR1400LN : AR1404 est en nuit permanente. Retire des packs des deux zones le 2026-08-28 ; AR1404 n'a plus aucun pack et le moteur y rend ses BAM d'origine (trace 'no pack for area AR1404' verifiee dans le journal). RESERVE, AMELIORATION POSSIBLE : la correction existe et est mesuree. pipeline/scripts/build_area_lightmap_pack.py re-applique l'eclairage (rgb = rgb * lightmap(monde)/255, alpha inchange) et ramene l'ecart a la colorimetrie vanilla de nuit de MAE 25,69/255 a 2,16/255. Essayee en jeu le 2026-08-28 sur 1400T005 seulement (temoin du lot) : rendu juge laid par l'utilisateur, non retenu ; les quatre autres arbres n'ont pas ete corriges. Limite structurelle : une texture cuite ne porte qu'un seul etat d'eclairage, donc corriger la nuit d'AR1400 rend le jour ~1,9x trop sombre ; seules les zones a eclairage fixe comme AR1404 sont pleinement recuperables par cette voie. Le vrai correctif est moteur : faire consommer au chemin x4 la palette realisee, comme le fait deja le chemin creature. Run x4, script et lot de test conserves (animations/packs-par-zone/combined-20260828-ar1400-t005-nightlight, essai limite a 1400T005). CONDITION DE REOUVERTURE : correctif moteur de l'eclairage, ou zone a eclairage fixe."
1400T004,écarté,AR1400;AR1404,2,1,255x255,BAM V1,,"Arbre nu des Ruines du temple, partage AR1400 (cycle jour/nuit) et AR1404 (nuit permanente). 1 frame, 255x255, alpha 1 bit, silhouette eclatee (29 a 342 composantes, 116 a 580 trous) : ni interpolation 30 fps possible (frame unique), ni lissage spline applicable (build_spline_alpha_mask.py n'ajuste que la plus grande silhouette fermee et supprimerait le branchage). x4 SeedVR2 7B/LAB produit le 2026-08-28 (run ar1400-all-bam-seedvr7b-lab-x4), techniquement sain : alpha strictement egal au plus proche voisin de la source, luminance intra-masque -0,5 a -0,8 % (SeedVR n'a pas eclairci), flag ARE Blended absent. ECARTE POUR UN DEFAUT DE RENDU, PAS POUR UN DEFAUT D'ASSET. Le chemin x4 des animations de zone lie une texture RGBA pre-cuite et ne recoit jamais la palette realisee par CVidPalette::Realize (le commentaire de src/iee/area_animation_x4_registry.h le dit explicitement : la composition creature la consomme, celle des animations de zone la laisse nulle). L'eclairage de zone n'est donc pas applique a notre texture alors qu'il l'est au BAM vanilla. Mesure sur les light maps du jeu, sur l'emprise de la ressource : facteur jour AR1400LM [0.842,0.842,0.864] soit 1,19x trop clair (imperceptible, QA de jour acceptee le 2026-08-28), facteur nuit AR1400LN [0.441,0.420,0.558] soit 2,27/2,38/1,79x trop clair donc aussi trop CHAUD (QA de nuit refusee le 2026-08-28, sur AR1400 comme sur AR1404). AR1404LM est identique octet pour octet a AR1400LN : AR1404 est en nuit permanente. Retire des packs des deux zones le 2026-08-28 ; AR1404 n'a plus aucun pack et le moteur y rend ses BAM d'origine (trace 'no pack for area AR1404' verifiee dans le journal). RESERVE, AMELIORATION POSSIBLE : la correction existe et est mesuree. pipeline/scripts/build_area_lightmap_pack.py re-applique l'eclairage (rgb = rgb * lightmap(monde)/255, alpha inchange) et ramene l'ecart a la colorimetrie vanilla de nuit de MAE 25,69/255 a 2,16/255. Essayee en jeu le 2026-08-28 sur 1400T005 seulement (temoin du lot) : rendu juge laid par l'utilisateur, non retenu ; les quatre autres arbres n'ont pas ete corriges. Limite structurelle : une texture cuite ne porte qu'un seul etat d'eclairage, donc corriger la nuit d'AR1400 rend le jour ~1,9x trop sombre ; seules les zones a eclairage fixe comme AR1404 sont pleinement recuperables par cette voie. Le vrai correctif est moteur : faire consommer au chemin x4 la palette realisee, comme le fait deja le chemin creature. Run x4, script et lot de test conserves (animations/packs-par-zone/combined-20260828-ar1400-t005-nightlight, essai limite a 1400T005). CONDITION DE REOUVERTURE : correctif moteur de l'eclairage, ou zone a eclairage fixe."
1400T005,écarté,AR1400;AR1404,2,1,255x255,BAM V1,,"Arbre nu des Ruines du temple, partage AR1400 (cycle jour/nuit) et AR1404 (nuit permanente). 1 frame, 255x255, alpha 1 bit, silhouette eclatee (29 a 342 composantes, 116 a 580 trous) : ni interpolation 30 fps possible (frame unique), ni lissage spline applicable (build_spline_alpha_mask.py n'ajuste que la plus grande silhouette fermee et supprimerait le branchage). x4 SeedVR2 7B/LAB produit le 2026-08-28 (run ar1400-all-bam-seedvr7b-lab-x4), techniquement sain : alpha strictement egal au plus proche voisin de la source, luminance intra-masque -0,5 a -0,8 % (SeedVR n'a pas eclairci), flag ARE Blended absent. ECARTE POUR UN DEFAUT DE RENDU, PAS POUR UN DEFAUT D'ASSET. Le chemin x4 des animations de zone lie une texture RGBA pre-cuite et ne recoit jamais la palette realisee par CVidPalette::Realize (le commentaire de src/iee/area_animation_x4_registry.h le dit explicitement : la composition creature la consomme, celle des animations de zone la laisse nulle). L'eclairage de zone n'est donc pas applique a notre texture alors qu'il l'est au BAM vanilla. Mesure sur les light maps du jeu, sur l'emprise de la ressource : facteur jour AR1400LM [0.842,0.842,0.864] soit 1,19x trop clair (imperceptible, QA de jour acceptee le 2026-08-28), facteur nuit AR1400LN [0.441,0.420,0.558] soit 2,27/2,38/1,79x trop clair donc aussi trop CHAUD (QA de nuit refusee le 2026-08-28, sur AR1400 comme sur AR1404). AR1404LM est identique octet pour octet a AR1400LN : AR1404 est en nuit permanente. Retire des packs des deux zones le 2026-08-28 ; AR1404 n'a plus aucun pack et le moteur y rend ses BAM d'origine (trace 'no pack for area AR1404' verifiee dans le journal). RESERVE, AMELIORATION POSSIBLE : la correction existe et est mesuree. pipeline/scripts/build_area_lightmap_pack.py re-applique l'eclairage (rgb = rgb * lightmap(monde)/255, alpha inchange) et ramene l'ecart a la colorimetrie vanilla de nuit de MAE 25,69/255 a 2,16/255. Essayee en jeu le 2026-08-28 sur ce resref : rendu juge laid par l'utilisateur, non retenu. Limite structurelle : une texture cuite ne porte qu'un seul etat d'eclairage, donc corriger la nuit d'AR1400 rend le jour ~1,9x trop sombre ; seules les zones a eclairage fixe comme AR1404 sont pleinement recuperables par cette voie. Le vrai correctif est moteur : faire consommer au chemin x4 la palette realisee, comme le fait deja le chemin creature. Run x4, script et lot de test conserves (animations/packs-par-zone/combined-20260828-ar1400-t005-nightlight, essai limite a 1400T005). CONDITION DE REOUVERTURE : correctif moteur de l'eclairage, ou zone a eclairage fixe."
AM0033AB,validé-x4,AR0315;AR0527;AR0710;AR3026;AR6012,5,7,154x110,BAM V1,am0033ab-apo8-x4-30fps-v2-spline-fit1-feather6,"Bassin d'eau sombre partagé AR0315/AR0527/AR0710/AR3026/AR6012 ; x4 SeedVR2 7B/LAB (run am0033ab-seedvr7b-lab-x4) ; V2 TimedTimeline 30 FPS apo-8 (run am0033ab-apo8-x4-30fps-v2) ; 7 frames natives -> 14 frames (14 phases) ; masque alpha = spline périodique fit-error 1.0 (padding 32 px x4 pour fermer le contour touchant le bord du canvas) puis fondu intérieur de silhouette 6 px x4 ; répété sur les 14 phases, alpha_final = alpha_source * masque / 255, RGB inchangé ; run dérivé am0033ab-spline-fit1-feather6-30fps-v2 ; livré par pack de zone ; QA en jeu validée par l'utilisateur le 2026-08-27 sur zones SoA + AR6012 (ToB) ; réserve mineure reportée en fin de projet : fin liseré sombre sur la facette gauche, présent depuis le x4 RGB (non causé par la correction alpha), jugé acceptable ; installation réversible."
AM003XA,non-traité,AR0021;AR0313;AR0529;AR0713;AR1611;AR5015,6,9,66x64,BAM V1,,
AM0202A,non-traité,AR0202,1,6,197x210,BAM V1,,
AM0202FL,non-traité,AR0202;AR0331;AR0526,21,20,84x74,BAM V1,,
AM0205A,validé-x4,AR0205,1,9,120x175,BAM V1,am0205a-interpolation-27f-15fps-canvas32,Pod ; interpolation x4 de 27 frames adressée sur les 27 positions du cycle BAM à 15 FPS et boucle de 1.8 s ; fade canvas 32 px x4 sur quatre bords ; validé en jeu le 2026-08-21 ; patchs réversibles.
AM0205B,validé-x4,AR0205,1,9,150x145,BAM V1,am0205b-interpolation-27f-15fps-canvas32,Pod ; interpolation x4 de 27 frames adressée sur les 27 positions du cycle BAM à 15 FPS et boucle de 1.8 s ; fade canvas 32 px x4 sur quatre bords ; validé en jeu le 2026-08-21 ; patchs réversibles.
AM0205C,validé-x4,AR0205,1,9,155x130,BAM V1,am0205c-interpolation-27f-15fps-canvas32,Pod ; interpolation x4 de 27 frames adressée sur les 27 positions du cycle BAM à 15 FPS et boucle de 1.8 s ; fade canvas 32 px x4 sur quatre bords ; validé en jeu le 2026-08-21 ; patchs réversibles.
AM0205D,validé-x4,AR0205,1,9,130x150,BAM V1,am0205d-interpolation-27f-15fps-canvas32,Pod ; interpolation x4 de 27 frames adressée sur les 27 positions du cycle BAM à 15 FPS et boucle de 1.8 s ; fade canvas 32 px x4 sur quatre bords ; validé en jeu le 2026-08-21 ; patchs réversibles.
AM0205E,validé-x4,AR0205,1,9,165x130,BAM V1,am0205e-interpolation-27f-15fps,Version interpolée x4 de 27 frames adressée sur les 27 positions du cycle BAM; cadence native d'environ 15 FPS et boucle de 1.8 s; validée en jeu le 2026-08-21; patch réversible.
AM0300A,non-traité,AR0300,1,6,210x220,BAM V1,,
AM0307BH,validé-x4,AR0307;AR0329,2,7,170x130,BAM V1,ar0307-ar0329-six-bam-apo8-x4-30fps-v2-20260831,"Bain ; x4 SeedVR2 7B/LAB (run ar0307-ar0329-six-bam-seedvr7b-lab-x4-20260831), puis V2 TimedTimeline 30 FPS apo-8 (run ar0307-ar0329-six-bam-apo8-x4-30fps-v2-20260831 ; 7 frames natives -> 21 frames, 28 phases) ; livré par pack de zone combined-20260831-ar0307-ar0329-six-bam-30fps-v2 ; QA ingame utilisateur validée le 2026-08-31."
AM0308A,non-traité,AR0308,8,8,71x77,BAM V1,,
AM0309A,non-traité,AR0309,1,9,155x165,BAM V1,,
AM0322A,non-traité,AR0302;AR0322,2,9,164x138,BAM V1,,
AM0322B,non-traité,AR0302;AR0322,2,9,159x132,BAM V1,,
AM0323A,non-traité,AR0303;AR0323,2,9,179x139,BAM V1,,
AM0406A,non-traité,AR0406,1,9,105x110,BAM V1,,
AM0406B,non-traité,AR0406,2,9,143x119,BAM V1,,
AM0411RN,non-traité,AR0411;OH5400;OH5500,8,30,99x99,BAM V1,,
AM0504SB,non-traité,AR0504,6,20,26x40,BAM V1,,
AM0510A,non-traité,AR0510,1,9,128x128,BAM V1,,
AM0516LA,validé-x4,AR0516,1,4,189x173,BAM V1,ar0516-5of6-apo8-x4-30fps-v2,"Planar Prison (AR0516); x4 SeedVR2 7B/LAB (run ar0516-all-bam-seedvr7b-lab-x4); V2 TimedTimeline 30 FPS apo-8 (run ar0516-5of6-apo8-x4-30fps-v2); 4 frames natives -> 26 frames (44 phases); livré par pack de zone; QA en jeu validée le 2026-08-23; réserve d'arbitrage utilisateur : beaucoup de travail pour un résultat jugé mineur ; reprise manuelle possible au montage vidéo ou abandon, décision reportée à la fin du projet ; ne pas relancer de traitement automatique sur ce resref sans nouvelle instruction."
AM0516LB,validé-x4,AR0516,1,5,209x197,BAM V1,ar0516-5of6-apo8-x4-30fps-v2,"Planar Prison (AR0516); x4 SeedVR2 7B/LAB (run ar0516-all-bam-seedvr7b-lab-x4); V2 TimedTimeline 30 FPS apo-8 (run ar0516-5of6-apo8-x4-30fps-v2); 5 frames natives -> 33 frames (56 phases); livré par pack de zone; QA en jeu validée le 2026-08-23; réserve d'arbitrage utilisateur : beaucoup de travail pour un résultat jugé mineur ; reprise manuelle possible au montage vidéo ou abandon, décision reportée à la fin du projet ; ne pas relancer de traitement automatique sur ce resref sans nouvelle instruction."
AM0516LC,validé-x4,AR0516,1,5,207x193,BAM V1,ar0516-5of6-apo8-x4-30fps-v2,"Planar Prison (AR0516); x4 SeedVR2 7B/LAB (run ar0516-all-bam-seedvr7b-lab-x4); V2 TimedTimeline 30 FPS apo-8 (run ar0516-5of6-apo8-x4-30fps-v2); 5 frames natives -> 46 frames (82 phases); livré par pack de zone; QA en jeu validée le 2026-08-23; réserve d'arbitrage utilisateur : beaucoup de travail pour un résultat jugé mineur ; reprise manuelle possible au montage vidéo ou abandon, décision reportée à la fin du projet ; ne pas relancer de traitement automatique sur ce resref sans nouvelle instruction."
AM0516LD,validé-x4,AR0516,1,5,253x251,BAM V1,ar0516-all-bam-seedvr7b-lab-x4,"Planar Prison (AR0516); x4 SeedVR2 7B/LAB (run ar0516-all-bam-seedvr7b-lab-x4) seul, reste Native ; cycle natif de 94 positions pour 5 frames uniques, conversion 30 FPS écartée (coût +364 Mio, dépasse le plafond runtime de la zone à elle seule) ; livré par pack de zone; QA en jeu validée le 2026-08-23; réserve d'arbitrage utilisateur : beaucoup de travail pour un résultat jugé mineur ; reprise manuelle possible au montage vidéo ou abandon, décision reportée à la fin du projet ; ne pas relancer de traitement automatique sur ce resref sans nouvelle instruction."
AM0602AA,validé-x4,AR0602,1,9,97x109,BAM V1,ar0602-pack-x4,"Pack x4 AR0602; validation utilisateur; V2 am0602aa-ab-ac-apo8-x4-30fps-v2; TimedTimeline 15->30; QA ingame validée le 2026-08-23; livré par pack de zone AR0602 depuis le 2026-08-23, assets inchangés, QA rejouée OK."
AM0602AB,validé-x4,AR0602,1,9,105x96,BAM V1,ar0602-pack-x4,"Pack x4 AR0602; validation utilisateur; V2 am0602aa-ab-ac-apo8-x4-30fps-v2; TimedTimeline 15->30; QA ingame validée le 2026-08-23; livré par pack de zone AR0602 depuis le 2026-08-23, assets inchangés, QA rejouée OK."
AM0602AC,validé-x4,AR0602,1,9,64x76,BAM V1,ar0602-pack-x4,"Pack x4 AR0602; validation utilisateur; V2 am0602aa-ab-ac-apo8-x4-30fps-v2; TimedTimeline 15->30; QA ingame validée le 2026-08-23; amélioration visuelle manuelle possible: animation source peu convaincante; livré par pack de zone AR0602 depuis le 2026-08-23, assets inchangés, QA rejouée OK."
AM0602B,validé-x4,AR0602,1,9,100x95,BAM V1,am0602b-deheld-manual-floor-mask-30fps-v2,"Cheminée x4; V2 TimedTimeline 30 FPS deheld (9 poses source + 27 intermédiaires); masque manuel sol répété sur les 36 phases; RGB inchangé; alpha seul; validé en jeu le 2026-08-23; installation réversible; livré par pack de zone AR0602 depuis le 2026-08-23, assets inchangés, QA rejouée OK."
AM0602C,validé-x4,AR0602,1,7,195x140,BAM V1,ar0602-eau-inner8-canvas32,"Animation eau; 7B x4 rejeté (hachures) ; 3B x4 retenu après test visuel ; fondu de silhouette 8 px x4 + canvas 32 px x4 ; validé en jeu le 2026-08-23; livré par pack de zone AR0602 depuis le 2026-08-23, assets inchangés, QA rejouée OK."
AM0602D,validé-x4,AR0602,1,7,195x140,BAM V1,ar0602-eau-inner8-canvas32,"Animation eau; 7B x4 rejeté (hachures) ; 3B x4 appliqué par lot avec AM0602C/E/G ; fondu de silhouette 8 px x4 + canvas 32 px x4 ; validé en jeu le 2026-08-23; livré par pack de zone AR0602 depuis le 2026-08-23, assets inchangés, QA rejouée OK."
AM0602E,validé-x4,AR0602,1,7,75x90,BAM V1,ar0602-eau-inner8-canvas32,"Animation eau; 7B x4 rejeté (hachures) ; 3B x4 appliqué par lot avec AM0602C/D/G ; fondu de silhouette 8 px x4 + canvas 32 px x4 ; validé en jeu le 2026-08-23; livré par pack de zone AR0602 depuis le 2026-08-23, assets inchangés, QA rejouée OK."
AM0602F,validé-x4,AR0602,1,9,165x195,BAM V1,am0602f-lantern-apo8-x4-30fps-v2-active-rebase,"Lanterne; fondu objet 8 px x4 et canvas 32 px x4 validés; V2 TimedTimeline 15 -> 30 FPS (9 poses natives + 9 intermédiaires, 18 phases); pack installé avec sauvegarde réversible; QA en jeu validée par l'utilisateur le 2026-08-23."
AM0602G,validé-x4,AR0602,1,7,70x140,BAM V1,ar0602-eau-inner8-canvas32,"Animation eau; 7B x4 rejeté (hachures) ; 3B x4 appliqué par lot avec AM0602C/D/E ; fondu de silhouette 8 px x4 + canvas 32 px x4 ; validé en jeu le 2026-08-23; livré par pack de zone AR0602 depuis le 2026-08-23, assets inchangés, QA rejouée OK."
AM0602J,à-corriger,AR0601,1,8,248x126,BAM V1,ar0601-all-bam-apo8-x4-30fps-v2,"Air Plane (AR0601); x4 SeedVR2 7B/LAB (run ar0601-all-bam-seedvr7b-lab-x4); V2 TimedTimeline 30 FPS apo-8 (run ar0601-all-bam-apo8-x4-30fps-v2); 8 frames natives -> 16 frames (16 phases); installé et actif en jeu depuis le 2026-08-23, mais réserve utilisateur : la boucle n'est pas correcte (roue/mécanisme) ; correction manuelle prévue côté montage vidéo par l'utilisateur ; reprendre ce resref quand le correctif est prêt, ne pas re-générer l'interpolation automatiquement sans nouvelle analyse."
AM0602K1,validé-x4,AR0601,1,8,136x198,BAM V1,ar0601-all-bam-apo8-x4-30fps-v2,"Air Plane (AR0601, antichambre du donjon d'Irenicus); x4 SeedVR2 7B/LAB (run ar0601-all-bam-seedvr7b-lab-x4); V2 TimedTimeline 30 FPS apo-8 (run ar0601-all-bam-apo8-x4-30fps-v2); 8 frames natives -> 16 frames (16 phases); livré par pack de zone; QA en jeu validée par l'utilisateur le 2026-08-23."
AM0602K2,validé-x4,AR0601,1,8,135x203,BAM V1,ar0601-all-bam-apo8-x4-30fps-v2,"Air Plane (AR0601, antichambre du donjon d'Irenicus); x4 SeedVR2 7B/LAB (run ar0601-all-bam-seedvr7b-lab-x4); V2 TimedTimeline 30 FPS apo-8 (run ar0601-all-bam-apo8-x4-30fps-v2); 8 frames natives -> 16 frames (16 phases); livré par pack de zone; QA en jeu validée par l'utilisateur le 2026-08-23."
AM0602L1,validé-x4,AR0601,1,6,151x221,BAM V1,ar0601-all-bam-apo8-x4-30fps-v2,"Air Plane (AR0601, antichambre du donjon d'Irenicus); x4 SeedVR2 7B/LAB (run ar0601-all-bam-seedvr7b-lab-x4); V2 TimedTimeline 30 FPS apo-8 (run ar0601-all-bam-apo8-x4-30fps-v2); 6 frames natives -> 12 frames (12 phases); livré par pack de zone; QA en jeu validée par l'utilisateur le 2026-08-23."
AM0602L2,validé-x4,AR0601,1,6,151x221,BAM V1,ar0601-all-bam-apo8-x4-30fps-v2,"Air Plane (AR0601, antichambre du donjon d'Irenicus); x4 SeedVR2 7B/LAB (run ar0601-all-bam-seedvr7b-lab-x4); V2 TimedTimeline 30 FPS apo-8 (run ar0601-all-bam-apo8-x4-30fps-v2); 6 frames natives -> 12 frames (12 phases); livré par pack de zone; QA en jeu validée par l'utilisateur le 2026-08-23."
AM0602M,validé-x4,AR0601,1,8,204x210,BAM V1,ar0601-all-bam-apo8-x4-30fps-v2,"Air Plane (AR0601, antichambre du donjon d'Irenicus); x4 SeedVR2 7B/LAB (run ar0601-all-bam-seedvr7b-lab-x4); V2 TimedTimeline 30 FPS apo-8 (run ar0601-all-bam-apo8-x4-30fps-v2); 8 frames natives -> 16 frames (16 phases); livré par pack de zone; QA en jeu validée par l'utilisateur le 2026-08-23."
AM0603A,validé-x4,AR0603,1,9,132x113,BAM V1,ar0603-all-bam-apo8-x4-30fps-v2,"Pack x4 AR0603 (run ar0603-all-bam-seedvr7b-lab-x4); V2 ar0603-all-bam-apo8-x4-30fps-v2; TimedTimeline 15->30; 27 frames, 36 phases; QA ingame validée le 2026-08-23; livré par pack de zone AR0603."
AM0603B,validé-x4,AR0603,1,9,92x95,BAM V1,ar0603-all-bam-apo8-x4-30fps-v2,"Pack x4 AR0603 (run ar0603-all-bam-seedvr7b-lab-x4); V2 ar0603-all-bam-apo8-x4-30fps-v2; TimedTimeline 15->30; 27 frames, 36 phases; QA ingame validée le 2026-08-23; livré par pack de zone AR0603."
AM0603C1,validé-x4,AR0603,1,4,154x109,BAM V1,ar0603-all-bam-apo8-x4-30fps-v2,"Pack x4 AR0603 (run ar0603-all-bam-seedvr7b-lab-x4); V2 ar0603-all-bam-apo8-x4-30fps-v2; TimedTimeline 15->30; 8 frames, 8 phases; QA ingame validée le 2026-08-23; livré par pack de zone AR0603."
AM0603C2,validé-x4,AR0603,1,4,154x112,BAM V1,ar0603-all-bam-apo8-x4-30fps-v2,"Pack x4 AR0603 (run ar0603-all-bam-seedvr7b-lab-x4); V2 ar0603-all-bam-apo8-x4-30fps-v2; TimedTimeline 15->30; 8 frames, 8 phases; QA ingame validée le 2026-08-23; livré par pack de zone AR0603."
AM0603D1,validé-x4,AR0603,1,6,121x89,BAM V1,ar0603-all-bam-apo8-x4-30fps-v2,"Pack x4 AR0603 (run ar0603-all-bam-seedvr7b-lab-x4); V2 ar0603-all-bam-apo8-x4-30fps-v2; TimedTimeline 15->30; 18 frames, 24 phases; QA ingame validée le 2026-08-23; livré par pack de zone AR0603."
AM0603D2,validé-x4,AR0603,1,6,119x94,BAM V1,ar0603-all-bam-apo8-x4-30fps-v2,"Pack x4 AR0603 (run ar0603-all-bam-seedvr7b-lab-x4); V2 ar0603-all-bam-apo8-x4-30fps-v2; TimedTimeline 15->30; 18 frames, 24 phases; QA ingame validée le 2026-08-23; livré par pack de zone AR0603."
AM0603D3,validé-x4,AR0603,1,6,118x93,BAM V1,ar0603-all-bam-apo8-x4-30fps-v2,"Pack x4 AR0603 (run ar0603-all-bam-seedvr7b-lab-x4); V2 ar0603-all-bam-apo8-x4-30fps-v2; TimedTimeline 15->30; 25 frames, 38 phases; QA ingame validée le 2026-08-23; livré par pack de zone AR0603."
AM0603H,validé-x4,AR0603,1,9,152x109,BAM V1,ar0603-all-bam-apo8-x4-30fps-v2,"Pack x4 AR0603 (run ar0603-all-bam-seedvr7b-lab-x4); V2 ar0603-all-bam-apo8-x4-30fps-v2; TimedTimeline 15->30; 27 frames, 36 phases; QA ingame validée le 2026-08-23; livré par pack de zone AR0603."
AM0603I,validé-x4,AR0603,1,9,65x99,BAM V1,ar0603-all-bam-apo8-x4-30fps-v2,"Pack x4 AR0603 (run ar0603-all-bam-seedvr7b-lab-x4); V2 ar0603-all-bam-apo8-x4-30fps-v2; TimedTimeline 15->30; 27 frames, 36 phases; QA ingame validée le 2026-08-23; livré par pack de zone AR0603."
AM0604A,validé-x4,AR0604,1,7,121x102,BAM V1,ar0604-apo8-x4-30fps-v2,"Cirque, 1er etage (AR0604); seule ressource de la zone (fontaine); x4 SeedVR2 7B/LAB (run ar0604-all-bam-seedvr7b-lab-x4); V2 TimedTimeline 30 FPS apo-8 (run ar0604-apo8-x4-30fps-v2); 7 frames natives -> 14 frames (14 phases); livre par pack de zone; QA en jeu validee par l'utilisateur le 2026-08-23. Fondu alpha de contour tente a deux reprises (feather par distance 6px puis 2px x4, puis masque manuel sur le pack valide) : les trois essais reproduisent le meme symptome en jeu (rendu pixelise/basse frequence, comme le BAM natif) malgre RGB, cycles, dimensions et registre verifies identiques a la version validee a chaque fois ; cause non identifiee, hypothese principale : le chemin de rendu ne gere pas les valeurs alpha intermediaires (ni 0 ni 255) sur cette ressource. Abandonne, ressource laissee sans fondu ; ne plus retenter de correction alpha ici, cf. FLAME2S."
AM0700A,validé-x4,AR0700,1,7,178x163,BAM V1,ar0700-fountains-apo8-x4-30fps-v2,"Fontaine claire. Le prototype historique fontaine-runtime-x4 (hook cible EnableAM0700AAnimationX4Test) est supersede : ne pas le reactiver. Fontaine d'AR0700 (deux fontaines physiques, chacune en deux couches BAM superposees : A+B a la position monde 981,1026 et C+D a 313,3766). x4 SeedVR2 7B/LAB (run ar0700-fountains-seedvr7b-lab-x4) puis V2 TimedTimeline 30 FPS apo-8 (run ar0700-fountains-apo8-x4-30fps-v2 ; 7 frames natives -> 14 frames, timeline [0,7,1,8,2,9,3,10,4,11,5,12,6,13], 14 phases, 0,467 s, duree de boucle inchangee). Geometrie uniforme ; flag ARE 0x1145 (bit 1 absent) donc chemin alpha strict, aucune correction RGB necessaire. Livre par pack de zone ; QA en jeu validee par l'utilisateur le 2026-08-27."
AM0700B,validé-x4,AR0700,1,7,178x163,BAM V1,ar0700-fountains-apo8-x4-30fps-v2,"Fontaine, couche teintee superposee a AM0700A. Fontaine d'AR0700 (deux fontaines physiques, chacune en deux couches BAM superposees : A+B a la position monde 981,1026 et C+D a 313,3766). x4 SeedVR2 7B/LAB (run ar0700-fountains-seedvr7b-lab-x4) puis V2 TimedTimeline 30 FPS apo-8 (run ar0700-fountains-apo8-x4-30fps-v2 ; 7 frames natives -> 14 frames, timeline [0,7,1,8,2,9,3,10,4,11,5,12,6,13], 14 phases, 0,467 s, duree de boucle inchangee). Geometrie uniforme ; flag ARE 0x1145 (bit 1 absent) donc chemin alpha strict, aucune correction RGB necessaire. Livre par pack de zone ; QA en jeu validee par l'utilisateur le 2026-08-27."
AM0700C,validé-x4,AR0700,1,7,169x165,BAM V1,ar0700-fountains-apo8-x4-30fps-v2,"Fontaine sud. Fontaine d'AR0700 (deux fontaines physiques, chacune en deux couches BAM superposees : A+B a la position monde 981,1026 et C+D a 313,3766). x4 SeedVR2 7B/LAB (run ar0700-fountains-seedvr7b-lab-x4) puis V2 TimedTimeline 30 FPS apo-8 (run ar0700-fountains-apo8-x4-30fps-v2 ; 7 frames natives -> 14 frames, timeline [0,7,1,8,2,9,3,10,4,11,5,12,6,13], 14 phases, 0,467 s, duree de boucle inchangee). Geometrie uniforme ; flag ARE 0x1145 (bit 1 absent) donc chemin alpha strict, aucune correction RGB necessaire. Livre par pack de zone ; QA en jeu validee par l'utilisateur le 2026-08-27."
AM0700D,validé-x4,AR0700,1,7,169x165,BAM V1,ar0700-fountains-apo8-x4-30fps-v2,"Fontaine sud, couche teintee superposee a AM0700C. Fontaine d'AR0700 (deux fontaines physiques, chacune en deux couches BAM superposees : A+B a la position monde 981,1026 et C+D a 313,3766). x4 SeedVR2 7B/LAB (run ar0700-fountains-seedvr7b-lab-x4) puis V2 TimedTimeline 30 FPS apo-8 (run ar0700-fountains-apo8-x4-30fps-v2 ; 7 frames natives -> 14 frames, timeline [0,7,1,8,2,9,3,10,4,11,5,12,6,13], 14 phases, 0,467 s, duree de boucle inchangee). Geometrie uniforme ; flag ARE 0x1145 (bit 1 absent) donc chemin alpha strict, aucune correction RGB necessaire. Livre par pack de zone ; QA en jeu validee par l'utilisateur le 2026-08-27."
AM0801A,non-traité,AR0801;AR0808,2,7,181x108,BAM V1,,
AM0801B1,non-traité,AR0801;AR0808,2,7,130x169,BAM V1,,
AM0801B2,non-traité,AR0801;AR0808,2,7,130x169,BAM V1,,
AM0803A,non-traité,AR0803;AR0809,2,7,139x96,BAM V1,,
AM0803B,non-traité,AR0803;AR0809,2,7,112x64,BAM V1,,
AM0803C,non-traité,AR0803;AR0809,2,7,94x80,BAM V1,,
AM0803D,non-traité,AR0803;AR0809,2,7,96x30,BAM V1,,
AM0803E,non-traité,AR0803;AR0809,2,7,84x71,BAM V1,,
AM0900DM,validé-x4,AR0900,2,20,249x185,BAM V1,,"Deux variantes v3 liées aux occurrences (2246,2187) et (1689,2662), masques QA validés 2026-08-27 sur sauvegarde ancienne et nouvelle."
AM0902L,non-traité,AR0902,1,32,129x159,BAM V1,,
AM1001A,non-traité,AR0905;AR1001;AR1006;AR1007;AR1009,5,7,212x149,BAM V1,,
AM1003A,non-traité,AR0506;AR1003;AR2011;AR5010,4,7,122x93,BAM V1,,
AM1004A,non-traité,AR1004;AR1601;AR2012,3,7,171x149,BAM V1,,
AM1008B,non-traité,AR1008,1,7,53x39,BAM V1,,
AM1008BL,non-traité,AR1008,1,8,102x145,BAM V1,,
AM1101A,non-traité,AR1101,1,9,240x177,BAM V1,,
AM1104A,non-traité,AR1103,1,9,75x50,BAM V1,,
AM1104B,non-traité,AR1104,1,9,95x103,BAM V1,,
AM1400A,validé-x4,AR1400,1,7,166x133,BAM V1,,"Fontaine de jour des Ruines du temple (AR1400), planning ARE 0x001FFFC0 = 6h-20h59. x4 SeedVR2 7B/LAB (run ar1400-all-bam-seedvr7b-lab-x4, alpha agrandi au plus proche voisin, luminance intra-masque -0,8 % vs source). V2 TimedTimeline 30 FPS apo-8 (run ar1400-fountains-apo8-x4-30fps-v2, plan a73e0afc) : 7 ancres -> 14 frames, timeline 0,7,1,8,2,9,3,10,4,11,5,12,6,13, duree 0,4667 s inchangee ; 7 ancres reprises octet-identiques, les 7 phases intermediaires portent l'alpha exact de leur ancre gauche. Aucun maintien duplique, couture cyclique mesuree du meme ordre que les autres transitions. qa-approval.json accepte. QA en jeu validee par l'utilisateur le 2026-08-28, de jour ET de nuit. Livre par le pack de zone combined-20260828-plus-ar1400-fountains-only (AR1400 = AM1400A + AM1400N seulement ; les 5 arbres 1400T00x en ont ete retires, voir leurs lignes). Contour alpha 1 bit en escaliers x4 non encore corrige : spline fit 1.0 + fondu interieur 6 px x4 prevue, non appliquee a ce jour."
AM1400N,validé-x4,AR1400,1,7,166x133,BAM V1,,"Fontaine de nuit des Ruines du temple (AR1400), meme position que AM1400A, planning ARE 0xFFE0003F = 21h-5h59. Alpha strictement identique sur les 7 frames natives. Meme chaine et meme run que AM1400A (x4 ar1400-all-bam-seedvr7b-lab-x4 ; 30 FPS ar1400-fountains-apo8-x4-30fps-v2, plan a73e0afc, 7 -> 14 frames, 0,4667 s). QA en jeu validee par l'utilisateur le 2026-08-28. Meme pack de zone combined-20260828-plus-ar1400-fountains-only. Contour alpha 1 bit non encore corrige, comme AM1400A."
AM1512PA,non-traité,AR1512,1,5,54x109,BAM V1,,
AM1516PT,non-traité,AR1516,1,6,66x100,BAM V1,,
AM2000A,non-traité,AR2000,1,28,192x149,BAM V1,,
AM2000B,non-traité,AR2000,1,28,192x149,BAM V1,,
AM2008A,non-traité,AR1010;AR2008;OH5120,3,15,144x135,BAM V1,,
AM2100PA,validé-x4,AR2100,1,7,100x148,BAM V1,ar2100-portals-apo8-x4-30fps-v2,"Portail AR2100 ; x4 SeedVR2 7B/LAB (run ar2100-portals-seedvr7b-lab-x4) ; V2 TimedTimeline Apollo 8, 15->30 FPS (run ar2100-portals-apo8-x4-30fps-v2 ; 7->14 phases) ; QA vidéo et ingame utilisateur validées le 2026-09-01 ; livré par pack de zone, installation réversible."
AM2100PB,validé-x4,AR2100,1,7,92x134,BAM V1,ar2100-portals-apo8-x4-30fps-v2,"Portail AR2100 ; x4 SeedVR2 7B/LAB (run ar2100-portals-seedvr7b-lab-x4) ; V2 TimedTimeline Apollo 8, 15->30 FPS (run ar2100-portals-apo8-x4-30fps-v2 ; 7->14 phases) ; QA vidéo et ingame utilisateur validées le 2026-09-01 ; livré par pack de zone, installation réversible."
AM2100PC,validé-x4,AR2100,1,7,94x130,BAM V1,ar2100-portals-apo8-x4-30fps-v2,"Portail AR2100 ; x4 SeedVR2 7B/LAB (run ar2100-portals-seedvr7b-lab-x4) ; V2 TimedTimeline Apollo 8, 15->30 FPS (run ar2100-portals-apo8-x4-30fps-v2 ; 7->14 phases) ; QA vidéo et ingame utilisateur validées le 2026-09-01 ; livré par pack de zone, installation réversible."
AM2201A,non-traité,AR2201,1,7,90x170,BAM V1,,
AM2201B,non-traité,AR2201,5,7,148x115,BAM V1,,
AM2300A,non-traité,AR2300,3,7,82x125,BAM V1,,
AM2801A,non-traité,AR2801;AR2808;AR2809,3,7,153x108,BAM V1,,
AM2802A,non-traité,AR2802;AR2810;AR2811,3,7,152x108,BAM V1,,
AM2805A,non-traité,AR2804;AR2805,2,7,93x104,BAM V1,,
AM2805B,non-traité,AR2804,2,7,186x184,BAM V1,,
AM2805C,non-traité,AR2804,1,7,224x182,BAM V1,,
AM3000A,à-compléter,AR3000,1,16,248x221,BAM V1,frame000-x4-only,Coupole; seule frame 000 traitée en x4; prototype mis de côté.
AM3000E,non-traité,AR3000,5,24,39x68,BAM V1,,
AM3000H,non-traité,AR3000,1,15,114x119,BAM V1,,
AM3001D,non-traité,AR3001,1,15,129x86,BAM V1,,
AM3001F,non-traité,AR3001,5,6,40x40,BAM V1,,
AM3001G,non-traité,AR3001,1,12,78x105,BAM V1,,
AM3011A,non-traité,AR3011,1,8,111x112,BAM V1,,
AM3011B,non-traité,AR3011,1,8,30x60,BAM V1,,
AM3016A,non-traité,AR3016,2,10,32x111,BAM V1,,
AM3016B,non-traité,AR3016,1,10,180x48,BAM V1,,
AM3016D,non-traité,AR3016,3,64,32x67,BAM V1,,
AM3016E,non-traité,AR3016,1,12,178x129,BAM V1,,
AM3016G,non-traité,AR3016,1,12,184x129,BAM V1,,
AM3016I,non-traité,AR3016,1,24,40x109,BAM V1,,
AM3016J,non-traité,AR3016,1,24,40x109,BAM V1,,
AM3016K,non-traité,AR3016,1,24,40x109,BAM V1,,
AM3016L,non-traité,AR3016,1,24,40x109,BAM V1,,
AM3016N,non-traité,AR3016,3,15,77x143,BAM V1,,
AM3016P,non-traité,AR3016,1,3,80x69,BAM V1,,
AM3016Q,non-traité,AR3016,1,3,82x60,BAM V1,,
AM3016R,non-traité,AR3016,1,3,81x64,BAM V1,,
AM3016T,non-traité,AR3016,1,3,153x107,BAM V1,,
AM3017A,non-traité,AR3017,1,8,133x175,BAM V1,,
AM3017B,non-traité,AR3017,1,8,120x172,BAM V1,,
AM3017C,non-traité,AR3017,1,8,167x174,BAM V1,,
AM3017D,non-traité,AR3017,1,8,135x234,BAM V1,,
AM3017E,non-traité,AR3017,1,8,55x37,BAM V1,,
AM3017F,non-traité,AR3017,1,8,72x53,BAM V1,,
AM3017G,non-traité,AR3017,1,8,50x50,BAM V1,,
AM3017H,non-traité,AR3017,1,8,58x40,BAM V1,,
AM3017Z,non-traité,AR3017,1,10,164x102,BAM V1,,
AM3019A,non-traité,AR3019,1,36,229x205,BAM V1,,
AM3020D,non-traité,AR3020,1,9,118x246,BAM V1,,
AM3021D,non-traité,AR3021,1,10,90x51,BAM V1,,
AM3021E,non-traité,AR3021,1,10,84x58,BAM V1,,
AM3021F,non-traité,AR3021,1,10,82x54,BAM V1,,
AM3022D,non-traité,AR3022,1,10,55x35,BAM V1,,
AM307RED,validé-x4,AR0307;AR0329,2,7,56x56,BAM V1,ar0307-ar0329-six-bam-apo8-x4-30fps-v2-20260831,"Effet rouge ; x4 SeedVR2 7B/LAB (run ar0307-ar0329-six-bam-seedvr7b-lab-x4-20260831), puis V2 TimedTimeline 30 FPS apo-8 (run ar0307-ar0329-six-bam-apo8-x4-30fps-v2-20260831 ; 7 frames natives -> 21 frames, 28 phases) ; livré par pack de zone combined-20260831-ar0307-ar0329-six-bam-30fps-v2 ; QA ingame utilisateur validée le 2026-08-31."
AM307TT1,validé-x4,AR0307;AR0329,2,4,78x81,BAM V1,ar0307-ar0329-six-bam-apo8-x4-30fps-v2-20260831,"Roue ; x4 SeedVR2 7B/LAB (run ar0307-ar0329-six-bam-seedvr7b-lab-x4-20260831), puis V2 TimedTimeline 30 FPS apo-8 (run ar0307-ar0329-six-bam-apo8-x4-30fps-v2-20260831 ; 4 frames natives -> 8 frames, 8 phases) ; livré par pack de zone combined-20260831-ar0307-ar0329-six-bam-30fps-v2 ; QA ingame utilisateur validée le 2026-08-31."
AM307UR1,validé-x4,AR0307;AR0329,2,4,91x69,BAM V1,ar0307-ar0329-six-bam-apo8-x4-30fps-v2-20260831,"Coffre ; x4 SeedVR2 7B/LAB, neutralisation RGB sous alpha nul, puis V2 TimedTimeline 30 FPS apo-8 (run ar0307-ar0329-six-bam-apo8-x4-30fps-v2-20260831 ; 4 frames natives -> 8 frames, 8 phases ; neutralisation réappliquée après interpolation) ; livré par pack de zone combined-20260831-ar0307-ar0329-six-bam-30fps-v2 ; QA ingame utilisateur validée le 2026-08-31."
AM307UR2,validé-x4,AR0307;AR0329,2,4,207x158,BAM V1,ar0307-ar0329-six-bam-apo8-x4-30fps-v2-20260831,"Coffre ; x4 SeedVR2 7B/LAB, neutralisation RGB sous alpha nul, puis V2 TimedTimeline 30 FPS apo-8 (run ar0307-ar0329-six-bam-apo8-x4-30fps-v2-20260831 ; 4 frames natives -> 8 frames, 8 phases ; neutralisation réappliquée après interpolation) ; livré par pack de zone combined-20260831-ar0307-ar0329-six-bam-30fps-v2 ; QA ingame utilisateur validée le 2026-08-31."
AM307UR3,validé-x4,AR0307;AR0329,2,4,222x176,BAM V1,ar0307-ar0329-six-bam-apo8-x4-30fps-v2-20260831,"Coffre ; x4 SeedVR2 7B/LAB, neutralisation RGB sous alpha nul, puis V2 TimedTimeline 30 FPS apo-8 (run ar0307-ar0329-six-bam-apo8-x4-30fps-v2-20260831 ; 4 frames natives -> 8 frames, 8 phases ; neutralisation réappliquée après interpolation) ; livré par pack de zone combined-20260831-ar0307-ar0329-six-bam-30fps-v2 ; QA ingame utilisateur validée le 2026-08-31."
AM4000Z,non-traité,AR4000,10,22,26x67,BAM V1,,
AM411MAC,non-traité,AR0411,1,9,204x193,BAM V1,,
AM414E11,non-traité,AR0414,3,8,150x131,BAM V1,,
AM414E12,non-traité,AR0414,3,8,160x135,BAM V1,,
AM414EY2,non-traité,AR0414,3,8,242x183,BAM V1,,
AM4500A,non-traité,AR4500,1,8,105x144,BAM V1,,
AM4500B,non-traité,AR4500,1,8,96x134,BAM V1,,
AM4500C,non-traité,AR4500,1,8,61x142,BAM V1,,
AM4500D,non-traité,AR4500,1,8,130x142,BAM V1,,
AM4500E,non-traité,AR4500,1,8,76x145,BAM V1,,
AM5000A,non-traité,AR5000,1,5,182x148,BAM V1,,
AM5000B,non-traité,AR5000,1,5,181x147,BAM V1,,
AM5201A,non-traité,AR5201,2,8,109x166,BAM V1,,
AM5201B,non-traité,AR5201,6,14,106x122,BAM V1,,
AM5202B,non-traité,AR5202,1,15,52x109,BAM V1,,
AM5204A,non-traité,AR5204,1,15,40x67,BAM V1,,
AM5204C,non-traité,AR5204;OH4210,2,12,53x37,BAM V1,,
AM5204D,non-traité,AR5201;AR5204,14,20,52x118,BAM V1,,
AM5500A,non-traité,AR5500,7,16,55x155,BAM V1,,
AM5500D,non-traité,AR5500,1,10,52x78,BAM V1,,
AM5502D,non-traité,AR5502,1,12,23x17,BAM V1,,
AM5502F,non-traité,AR5502,1,12,63x59,BAM V1,,
AM5503A,non-traité,AR5503,1,8,105x76,BAM V1,,
AM5503C,non-traité,AR5503,2,8,51x65,BAM V1,,
AM5503D,non-traité,AR5503,1,8,50x66,BAM V1,,
AM5508C,non-traité,AR5501;AR5502;AR5506;AR5507;AR5508,19,12,20x26,BAM V1,,
AM5508D,non-traité,AR5501;AR5502;AR5506;AR5507;AR5508,5,10,95x68,BAM V1,,
AM6004A,non-traité,AR6001;AR6005,30,40,35x110,BAM V1,,
AM6004B,non-traité,AR6003;AR6004,19,32,57x165,BAM V1,,
AM6005A,non-traité,AR6005,1,12,116x132,BAM V1,,
AM6200A,non-traité,AR6200,1,20,149x179,BAM V1,,
AM6200B,non-traité,AR6200,1,20,149x179,BAM V1,,
AM6200E,non-traité,AR6200,1,5,110x95,BAM V1,,
AM6200F,non-traité,AR6200,1,5,94x86,BAM V1,,
AM6200G,non-traité,AR6200,1,5,87x76,BAM V1,,
AM6200H,non-traité,AR6200,1,9,164x116,BAM V1,,
AM6200I,non-traité,AR6200,1,9,159x107,BAM V1,,
AM6200J,non-traité,AR6200,1,9,158x99,BAM V1,,
AM904TL1,non-traité,AR0904,1,9,60x60,BAM V1,,
AM904TL2,non-traité,AR0904,1,9,60x60,BAM V1,,
AM904TL3,non-traité,AR0904,1,9,70x70,BAM V1,,
AM904TL4,non-traité,AR0904,1,6,102x74,BAM V1,,
AMOH7300,non-traité,OH7300,9,108,19x56,BAM V1,,
AMSTEAM1,non-traité,AR3017,7,24,56x64,BAM V1,,
AMSTEAM2,non-traité,AR3017,7,24,95x43,BAM V1,,
AMWRPGT1,non-traité,AR3003;AR3004;AR3005;AR3006;AR3007;AR3008;AR3009;AR3010;AR3011;AR3012;AR3013;AR3014;AR3015;AR3016;AR3017;AR3019;AR3020,50,12,47x85,BAM V1,,
BDFORCEW,non-traité,OH8100,2,160,164x231,BAM V1,,
BUBBLEA,non-traité,AR2903,3,20,58x53,BAM V1,,
BUBBLES2,écarté,AR0411;AR0602;AR0603,28,107,19x56,BAM V1,,"Effet partage (bulles montantes), 107 frames, cycle unique de 107 slots, ~15 fps. Ecarte apres deux campagnes. 1) 3B x4, rejet en jeu le 2026-08-23 (contours durs/anguleux ; luminosite +25 a +30/255 ; frange chromatique) ; motif alors attribue a la petitesse des frames. 2) Reouvert le 2026-08-27 en 7B/LAB x4 : les deux causes identifiees a l'epoque ont ete corrigees et mesurees, sans suffire. La hausse de luminosite etait le defaut Blended (flag ARE bit 1) : 72,5 % du cadre x4 transparent portait du RGB a 95,9/255, soit une contribution additive parasite de 69,5/255, ramenee a 0 par build_blended_rgb_neutral_pack.py --mode zero. Les contours durs venaient en partie de l'agrandissement nearest de l'alpha (marches de 4 px), corrige par --inner-feather-x4 2 --mode premultiply. Les deux correctifs installes et QA en jeu sur AR0602 : refuses, rendu juge equivalent au vanilla. CAUSE REELLE ET DEFINITIVE : plafond informationnel. Sur 993 bulles, surface mediane 10 px x1, soit un rayon equivalent de 1,8 px ; 14 % des bulles font 1 a 4 px. Une bulle de ce rayon ne porte que position, taille et luminosite : il n'y a aucune forme a reconstruire, et tout resultat x4 est invente. L'ecart numerique au vanilla atteint pourtant MAE 37 a 45/255 selon la variante, preuve que la difference porte sur une structure trop fine pour se lire a l'ecran. SEUIL REUTILISABLE : en dessous d'environ 2 px de rayon de sujet utile en x1, l'upscale n'apporte rien de visible ; seule une re-creation d'asset le pourrait, ce qui sort du perimetre upscale. Runs et packs conserves comme trace : ar0602-bubbles2-seedvr7b-lab-x4, packs-par-zone/bubbles2-{rgb-neutral,feather1,feather2,feather3}-20260827. Valide en x1 natif ; ne plus retenter d'upscale sur cette ressource. Voir pipeline/ANIMATION_BLENDED_RGB_NEUTRALISATION.md."
BUTRFLY,validé-x4,AR0309;AR0800;AR1100;AR1200;AR1700;AR1800;AR2000;AR3000;AR5500;AR6400;OH4000;OH6000;OH6100;OH6400,74,18,64x64,BAM V1,butrfly-apo8-x4-30fps-v2,"Papillon partagé sur 14 zones, 74 occurrences ; x4 SeedVR2 7B/LAB (run butrfly-seedvr7b-lab-x4) ; V2 TimedTimeline Apollo 8, 15->30 FPS (run butrfly-apo8-x4-30fps-v2 ; 18->36 phases) ; QA vidéo et ingame utilisateur validées le 2026-09-01 ; livré par pack de zone, installation réversible."
CHIMSMK,validé-x4,AR0300;AR0400;AR0500;AR1100;AR2000,68,12,64x64,BAM V1,chimsmk-apo8-x4-30fps-v2-spline-fit1-multicontour-feather4-oval-edgefade20x6,"Fumée partagée sur 5 zones, 68 occurrences ; x4 SeedVR2 7B/LAB ; V2 TimedTimeline Apollo 8, 15->30 FPS (12->24 phases) ; Spline Fit 1 Multi-Contour / Per-Frame Feather 4, Oval Edge Fade 20/6 et RGB prémultiplié par alpha final. QA vidéo et ingame acceptée le 2026-09-01 ; preuve immuable animations/runs/chimsmk-apo8-x4-30fps-v2-spline-fit1-feather4-oval-edgefade20x6-candidate-v2/qa-approval.json. Pack courant combined-20260901-chimsmk-oval-dstdvl1a-b-c-activefade7-20-7-candidate ; sauvegarde per-area-backup-20260901-214850."
DSTDVL1A,validé-x4,AR0411;AR0414;AR1100;AR1200;AR1600;AR1700;AR5200;AR5500;AR6300;OH6400,72,18,113x78,BAM V1,dstdvl1a-apo8-x4-30fps-v2-spline-fit1-coreguard16-activefade7-20-7,"Effet DSTDVL partagé sur 10 zones, 72 occurrences ; x4 SeedVR2 7B/LAB ; V2 TimedTimeline Apollo 8, 15->30 FPS (125 textures, 214 phases) ; Spline Fit 1 Multi-Contour — Core Guard 16 ; fade actif 7/20/7 sur 34 phases non vides (14 textures clonées). QA vidéo et ingame acceptée le 2026-09-01 ; preuve immuable animations/runs/dstdvl1a-apo8-x4-30fps-v2-spline-fit1-coreguard16-activefade7-20-7-candidate/qa-approval.json. Pack courant combined-20260901-chimsmk-oval-dstdvl1a-b-c-activefade7-20-7-candidate ; sauvegarde per-area-backup-20260901-214850."
DSTDVL1B,validé-x4,AR0411;AR0414;AR1100;AR1200;AR1600;AR1700;AR5200;AR5500;AR6300;OH6400,55,18,113x78,BAM V1,dstdvl1b-apo8-x4-30fps-v2-spline-fit1-coreguard16-activefade7-20-7,"Effet DSTDVL partagé sur 10 zones, 55 occurrences ; x4 SeedVR2 7B/LAB ; V2 TimedTimeline Apollo 8, 15->30 FPS (125 textures, 214 phases) ; Spline Fit 1 Multi-Contour — Core Guard 16 ; fade actif 7/20/7 sur 34 phases non vides (14 textures clonées). QA vidéo et ingame acceptée le 2026-09-01 ; preuve immuable animations/runs/dstdvl1b-apo8-x4-30fps-v2-spline-fit1-coreguard16-activefade7-20-7-candidate/qa-approval.json. Pack courant combined-20260901-chimsmk-oval-dstdvl1a-b-c-activefade7-20-7-candidate ; sauvegarde per-area-backup-20260901-214850."
DSTDVL1C,validé-x4,AR0411;AR0414;AR1100;AR1200;AR1600;AR1700;AR5200;AR5500;AR6300;OH6400,41,18,113x78,BAM V1,dstdvl1c-apo8-x4-30fps-v2-spline-fit1-coreguard16-activefade7-20-7,"Effet DSTDVL partagé sur 10 zones, 41 occurrences ; x4 SeedVR2 7B/LAB ; V2 TimedTimeline Apollo 8, 15->30 FPS (125 textures, 214 phases) ; Spline Fit 1 Multi-Contour — Core Guard 16 ; fade actif 7/20/7 sur 34 phases non vides (14 textures clonées). QA vidéo et ingame acceptée le 2026-09-01 ; preuve immuable animations/runs/dstdvl1c-apo8-x4-30fps-v2-spline-fit1-coreguard16-activefade7-20-7-candidate/qa-approval.json. Pack courant combined-20260901-chimsmk-oval-dstdvl1a-b-c-activefade7-20-7-candidate ; sauvegarde per-area-backup-20260901-214850."
DSTDVL2B,non-traité,AR0411,2,18,104x114,BAM V1,,
DSTDVL2C,non-traité,AR0411,1,18,104x114,BAM V1,,
EYESRED1,non-traité,AR0329,1,20,11x7,BAM V1,,
FALL1A,non-traité,AR2300,1,6,213x201,BAM V1,,
FALL1B,non-traité,AR2300,1,24,155x184,BAM V1,,
FALL2,non-traité,AR2300,1,6,195x220,BAM V1,,
FALL3,non-traité,AR2300,1,36,141x190,BAM V1,,
FALL4,non-traité,AR2300,1,12,171x190,BAM V1,,
FALL5A,non-traité,AR2300,1,12,103x198,BAM V1,,
FALL5B,non-traité,AR2300,1,12,87x226,BAM V1,,
FALL5C,non-traité,AR2300,1,12,57x195,BAM V1,,
FALL6,non-traité,AR2300,1,18,104x175,BAM V1,,
FALLA1,non-traité,AR2300,1,6,90x121,BAM V1,,
FALLA2,non-traité,AR2300,1,6,57x73,BAM V1,,
FIRE,non-traité,OH4000;OH4200;OH7300,64,9,12x57,BAM V1,,
FIREBRN,non-traité,OH4210,7,63,15x28,BAM V1,,
FIRE_1,validé-x4,AR0700;AR0802;AR0805;AR0810;AR0811;AR2013;AR3027;AR5000,24,15,36x50,BAM V1,ar0700-fire1-x4-rgb-neutral-20260827,"Grande flamme partagee sur 8 zones (run ar0700-fire1-seedvr7b-lab-x4). Le BAM stock declare 5 cycles dont 4 vides: les cycles vides terminaux sont retires a la construction du pack (drop_trailing_empty_cycles); toutes les occurrences sont sequence 0. x4 SeedVR2 7B/LAB; cadence native 15 fps conservee (Native, pas de TimedTimeline). Ressource Blended (flag ARE bit 1): la couleur sous alpha nul etait ajoutee a la scene et produisait un fond/halo; corrigee par build_blended_rgb_neutral_pack.py --mode zero (RGB=0 sous alpha==0; alpha et RGB intra-masque inchanges octet pour octet). Trois correctifs alpha prealables sans effet, cf. ANIMATION_BLENDED_RGB_NEUTRALISATION.md. Livre par pack de zone; QA en jeu validee par l'utilisateur le 2026-08-27 sur AR0700."
FIRE_2B,non-traité,AR3017;OH8100,7,15,70x70,BAM V1,,
FIRE_3,non-traité,AR0202;AR0331;AR0500;AR0526;AR0906;AR3001;AR5000;OH4200;OH4210;OH4220,34,14,24x40,BAM V1,,
FIRE_3GR,non-traité,AR0203,1,14,30x40,BAM V1,,
FIRE_3GS,non-traité,OH4101,42,14,30x40,BAM V1,,
FIRE_4,validé-x4,AR0201;AR0202;AR0300;AR0307;AR0309;AR0329;AR0331;AR0334;AR0400;AR0405;AR0406;AR0504;AR0509;AR0511;AR0522;AR0526;AR0529;AR0700;AR0704;AR0706;AR0709;AR0800;AR0801;AR0802;AR0803;AR0808;AR0809;AR0904;AR0906;AR0907;AR1002;AR1005;AR1010;AR1103;AR1104;AR1105;AR1107;AR1201;AR1202;AR1204;AR1301;AR1302;AR1306;AR1401;AR1511;AR1512;AR1513;AR1514;AR1516;AR1603;AR1604;AR1606;AR1608;AR1613;AR2001;AR2002;AR2007;AR2008;AR2009;AR2208;AR5000;AR5006;AR5007;AR5012;AR5016;AR5202;AR5503;OH4210;OH5300;OH6100;OH6200;OH6450;OH6460;OH8100;OH8200;OH8300;OH8400;OH9000,1006,14,14x31,BAM V1,ar0700-fire4-x4-rgb-neutral-20260827,"Petite flamme partagee sur 78 zones, 1006 occurrences (run ar0700-fire4-seedvr7b-lab-x4). Geometrie per-frame. x4 SeedVR2 7B/LAB; cadence native 15 fps conservee (Native, pas de TimedTimeline). Ressource Blended (flag ARE bit 1): la couleur sous alpha nul etait ajoutee a la scene et produisait un fond/halo; corrigee par build_blended_rgb_neutral_pack.py --mode zero (RGB=0 sous alpha==0; alpha et RGB intra-masque inchanges octet pour octet). Trois correctifs alpha prealables sans effet, cf. ANIMATION_BLENDED_RGB_NEUTRALISATION.md. Livre par pack de zone; QA en jeu validee par l'utilisateur le 2026-08-27 sur AR0700."
FIRE_4GS,non-traité,OH4210,17,14,16x32,BAM V1,,
FISH1L,non-traité,AR3000;AR5000,4,24,64x64,BAM V1,,
FISH1S,non-traité,AR3000,1,18,32x32,BAM V1,,
FISH2L,non-traité,AR3000;AR5000,3,18,64x64,BAM V1,,
FISH2S,non-traité,AR3000;AR5000,2,18,32x32,BAM V1,,
FISH3L,non-traité,AR5000,2,18,64x64,BAM V1,,
FISH3S,non-traité,AR3000;AR5000,2,18,32x32,BAM V1,,
FLAME2L,non-traité,AR0500;AR0512;OH4220;OH7000,55,9,13x29,BAM V1,,
FLAME2M,non-traité,AR0510;AR0800;AR0900;AR0907,57,9,8x16,BAM V1,,
FLAME2S,validé-x4,AR0302;AR0303;AR0307;AR0312;AR0315;AR0322;AR0323;AR0326;AR0329;AR0334;AR0335;AR0406;AR0409;AR0502;AR0504;AR0505;AR0506;AR0509;AR0510;AR0511;AR0513;AR0514;AR0515;AR0522;AR0527;AR0528;AR0529;AR0602;AR0704;AR0705;AR0706;AR0709;AR0710;AR0712;AR0801;AR0802;AR0808;AR0903;AR0905;AR0906;AR0907;AR1001;AR1003;AR1004;AR1006;AR1007;AR1009;AR1103;AR1104;AR1105;AR1202;AR1302;AR1303;AR1305;AR1306;AR1307;AR1511;AR1601;AR1603;AR1606;AR1609;AR1613;AR2001;AR2002;AR2007;AR2011;AR2012;AR2208;AR3026;AR5008;AR5009;AR5010;AR5011;AR5012;AR6012;OH5000;OH9000,867,27,12x12,BAM V1,flame2s-radialA-premultiply-20260827,"Petite flamme partagee sur 77 zones, 867 occurrences ; le cycle 0 ne joue que les frames 18-26 et toutes les occurrences sont sequence 0. Statut precedent : ecarte, au motif d'un carre lumineux juge natif au moteur apres trois correctifs alpha sans effet. Reouvert et resolu le 2026-08-27 : la ressource est Blended (flag ARE bit 1), donc les trois correctifs alpha, qui preservaient le RGB, etaient structurellement sans effet. Le carre est opaque et intra-masque (couverture alpha 91,7 % en x4), donc --mode zero ne suffit pas : correctif retenu = fondu radial elliptique (build_alpha_feather.py, ox 18 / oy 28 x4, inner-fraction 0,45) puis build_blended_rgb_neutral_pack.py --mode premultiply, qui applique la rampe au RGB reellement additionne a la scene ; le carre devient un halo rond. x4 SeedVR2 7B/LAB (run ar0602-flame2s-seedvr7b-lab-x4), cadence native conservee. Installe et QA validee sur AR0602 uniquement le 2026-08-27 ; les 76 autres zones restent en BAM vanilla. Procedure : pipeline/ANIMATION_BLENDED_RGB_NEUTRALISATION.md."
FLIESL,non-traité,AR0201;AR0206;AR0400;AR0406;AR0500;AR0502;AR1100;AR1200;AR1302;AR1600;AR1700;AR1800;AR1900;AR2000;AR5000;AR5203;AR6300;AR6400;OH6100;OH6200,148,18,64x64,BAM V1,,
FLIESS,non-traité,AR0201;AR0206;AR0400;AR0406;AR0500;AR0502;AR1302;AR2000;AR5000;AR6300;AR6400;OH6400,68,18,12x13,BAM V1,,
FLM2PUR,non-traité,AR1008;OH4210,13,16,18x23,BAM V1,,
FLMM,non-traité,OH7200;OH7300,57,6,8x15,BAM V1,,
FLMS,non-traité,AR0510,36,6,2x5,BAM V1,,
FOUNT1,non-traité,AR1000,2,5,60x71,BAM V1,,
FPIT1L,non-traité,AR5203;OH5300,4,6,78x67,BAM V1,,
FPIT1M,non-traité,AR6111;OH4000;OH4200;OH6100,4,6,48x42,BAM V1,,
FPIT1S,validé-x4,AR0334;AR0406;AR0509;AR0522;AR0601;AR0706;AR1603;AR2001;AR2014;AR2016;AR2017;AR2018;AR5202;OH7300;OH8100,21,6,23x20,BAM V1,ar0601-all-bam-apo8-x4-30fps-v2,partagée AR0334/AR0406/AR0509/AR0522/AR0601/AR0706/AR1603/AR2001/AR2014/16/17/18/AR5202/OH7300/OH8100 (upscale bénéficie aux 15 zones); x4 SeedVR2 7B/LAB (run ar0601-all-bam-seedvr7b-lab-x4); V2 TimedTimeline 30 FPS apo-8 (run ar0601-all-bam-apo8-x4-30fps-v2); 6 frames natives -> 12 frames (12 phases); livré par pack de zone; QA en jeu validée par l'utilisateur le 2026-08-23.
MMELSPIN,non-traité,AR6200,1,20,63x96,BAM V1,,
OHDLPORT,non-traité,OH5400;OH5500,7,26,148x102,BAM V1,,
OHHNECR,non-traité,OH7300,14,11,121x73,BAM V1,,
OHHPORT,non-traité,AR0811,1,6,128x128,BAM V1,,
OHRSGATE,non-traité,OH4220;OH4230,2,30,110x125,BAM V1,,
PORTL1A,validé-x4,AR0602,1,6,64x94,BAM V1,ar0602-portals-spline-fit1-feather8,"Portail elliptique; x4 SeedVR2 7B/LAB (run ar0602-all-bam-seedvr7b-lab-x4); V2 TimedTimeline 30 FPS apo-8, 6 frames natives -> 12 phases (timeline 0,6,1,7,2,8,3,9,4,10,5,11; 0,4 s). Contour alpha 1 bit (0/255) agrandi au plus proche voisin en escaliers de 4 px, corrigé le 2026-08-28: masque = spline périodique fit-error 1.0 (sample-spacing 1.5, supersample 4, seuil 127) sur l'alpha x4 256x376 avec padding transparent 32 px puis recrop, PUIS fondu intérieur de silhouette 8 px x4 (smoothstep depuis le bord de la silhouette spline); alpha_final = alpha_source * masque_spline/255 * feather, même masque répété sur les 12 phases (~6900 px d'alpha intermédiaire/frame; spline seule ~590, bord resté net, rejeté en jeu). RGB inchangé octet pour octet; registre v3 inchangé; 10 ressources soeurs d'AR0602 (9x AM0602* + FLAME2S) SHA-256 identiques. Prototype animations/runs/PORTL1A-spline-fit1-feather8-x4 (script animations/runs/portals-spline-fit1-feather8-workshop/portals-spline-fit1-feather8.py); livré par pack de zone combined-20260828-ar0602-portals-30fps-spline-feather8; installation PerArea réversible (backup per-area-backup-20260828-184246); QA en jeu validée par l'utilisateur le 2026-08-28."
PORTL1B,validé-x4,AR0602,1,6,79x88,BAM V1,ar0602-portals-spline-fit1-feather8,"Portail elliptique; x4 SeedVR2 7B/LAB (run ar0602-all-bam-seedvr7b-lab-x4). Passé en V2 TimedTimeline 30 FPS apo-8 le 2026-08-28 (run ar0602-portl1b-apo8-x4-30fps-v2, plan 8809b7f5, base pack v3 combined-20260827-plus-flame2s-ar0602-radialA): 6 frames natives -> 12 phases (timeline 0,6,1,7,2,8,3,9,4,10,5,11; 0,4 s); QA vidéo utilisateur acceptée. Même correction de contour que PORTL1A: spline périodique fit-error 1.0 (sample-spacing 1.5, supersample 4, seuil 127) sur l'alpha x4 316x352 avec padding transparent 32 px puis recrop, puis fondu intérieur de silhouette 8 px x4; alpha_final = alpha_source * masque_spline/255 * feather sur les 12 phases. RGB inchangé octet pour octet; registre v3; Prototype animations/runs/PORTL1B-spline-fit1-feather8-x4 (script animations/runs/portals-spline-fit1-feather8-workshop/portals-spline-fit1-feather8.py); livré par pack de zone combined-20260828-ar0602-portals-30fps-spline-feather8; installation réversible; QA en jeu validée le 2026-08-28."
PORTL2A,validé-x4,AR0603,1,6,79x88,BAM V1,ar0602-portals-spline-fit1-feather8,"Portail elliptique; x4 SeedVR2 7B/LAB (run ar0603-all-bam-seedvr7b-lab-x4, RGB installé identique bit à bit à sa sortie 02_upscale_x4); V2 TimedTimeline 30 FPS apo-8 depuis le 2026-08-23 (run ar0603-all-bam-apo8-x4-30fps-v2; 6 -> 12 phases). Contour alpha 1 bit (0/255) en escaliers x4 (588 h / 536 v) corrigé le 2026-08-28, même recette que PORTL1A/PORTL1B d'AR0602 (correction_id ar0602-portals-spline-fit1-feather8): masque = spline périodique fit-error 1.0 (sample-spacing 1.5, supersample 4, seuil 127) sur l'alpha x4 316x352 avec padding transparent 32 px puis recrop, PUIS fondu intérieur de silhouette 8 px x4 (smoothstep); alpha_final = alpha_source * masque_spline/255 * feather, même masque répété sur les 12 phases (~7050 px d'alpha intermédiaire/frame). RGB inchangé octet pour octet; registre v2 (c399b0e0) inchangé; 9 ressources soeurs AM0603* SHA-256 identiques. Prototype animations/runs/PORTL2A-spline-fit1-feather8-x4 (script animations/runs/portals-spline-fit1-feather8-workshop/portals-spline-fit1-feather8.py); livré par pack de zone combined-20260828-ar0603-portal-spline-feather8; installation PerArea réversible (backup per-area-backup-20260828-185613); QA en jeu validée par l'utilisateur le 2026-08-28."
SMOKE,non-traité,AR1004;AR1601;AR2012,3,90,128x95,BAM V1,,
SPDIMNDR,non-traité,AR6108,1,164,110x125,BAM V1,,
SPHINCT,validé-x4,AR0516;AR0517;AR0518;AR0519;AR0520;AR0521,9,17,160x120,BAM V1,ar0516-sphinct-sphinct2-geometric-sigma3-erode2-alpha-30fps-v2,"Partagée AR0516/AR0517/AR0518/AR0519/AR0520/AR0521; x4 SeedVR2 7B/LAB et V2 TimedTimeline 30 FPS (17 frames natives -> 51 frames). Base : masque binaire géométrique sigma 3 / érosion 2 px x4. AR0517–AR0521 : occlusion v3 par occurrence issue de masque_perso.png. AR0516 : bridge natif global validé ; omission WED locale du SPHINCT inférieur corrigée par le polygone 49 type 0x09 et validée ingame sur planar-test le 2026-08-27, sans modification du BAM. QA utilisateur le 2026-08-27 avec réserve : rendu passable, masque perfectible mais non bloquant. Non intégré au manifeste de release."
SPHINCT2,validé-x4,AR0516,1,17,160x120,BAM V1,ar0516-sphinct-sphinct2-geometric-sigma3-erode2-alpha-30fps-v2,"Planar Prison (AR0516) : x4 SeedVR2 7B/LAB et V2 TimedTimeline 30 FPS (17 frames natives -> 51 frames). Masque binaire géométrique sigma 3 / érosion 2 px x4; RGB inchangé. QA utilisateur le 2026-08-27 avec réserve : rendu passable, contour perfectible mais non bloquant. Non intégré au manifeste de release."
STEAM2,non-traité,AR0506;AR1003,2,9,129x129,BAM V1,,
WTRBODY1,non-traité,AR0502,1,20,32x32,BAM V1,,
