scale,method,palette,role,mask,pixels,pixel_weighted_mean,frame_unweighted_mean,gain_vs_Q0_percent
2,xBR,REF,fit,visible,211982,0.041786846804678965,0.0431152523803976,-45.063645522518
2,xBR,REF,fit,recolorable,187550,0.03558113415035407,0.040988985360609465,-70.17027155767855
2,xBR,REF,fit,shadow,24432,0.08942442900501565,0.09082621764862785,0.0
2,xBR,DEFAULT,fit,visible,211982,0.04491723879623777,0.04664699411355752,-17.854695443950796
2,xBR,DEFAULT,fit,recolorable,187550,0.039527533572471914,0.044784127486720046,-24.159004179282007
2,xBR,DEFAULT,fit,shadow,24432,0.08629081503712249,0.0872936024452235,0.0
2,xBR,LATIN1,fit,visible,211982,0.05248919596519716,0.05879106755618898,1.3695574394406829
2,xBR,LATIN1,fit,recolorable,187550,0.04680724743856997,0.056680563083284646,1.729541496157494
2,xBR,LATIN1,fit,shadow,24432,0.09610615103105043,0.09747247581957846,0.0
2,xBR,LATIN2,fit,visible,211982,0.05123271654553198,0.050685458948240246,4.660121953372432
2,xBR,LATIN2,fit,recolorable,187550,0.04407364842094571,0.048135709537853344,6.034501641377899
2,xBR,LATIN2,fit,shadow,24432,0.10618864429463769,0.1127932815053707,0.0
2,xBR,LATIN3,fit,visible,211982,0.04878524433878227,0.047910159742374635,0.7025991468620596
2,xBR,LATIN3,fit,recolorable,187550,0.04395364375784497,0.046280289471890564,0.8798471221486692
2,xBR,LATIN3,fit,shadow,24432,0.08587458164046823,0.08697363914652238,0.0
2,xBR,LATIN4,fit,visible,211982,0.04559045563241957,0.043693597221607365,-1.0816150478143216
2,xBR,LATIN4,fit,recolorable,187550,0.03925851995791355,0.041668907298972234,-1.4245096372955457
2,xBR,LATIN4,fit,shadow,24432,0.09419697723333655,0.09802305502886678,0.0
2,xBR,VAL01,validation,visible,211982,0.03657916454738063,0.03164749327663311,-5.751974325218412
2,xBR,VAL01,validation,recolorable,187550,0.02940618252535401,0.02936695835875422,-8.280483403152239
2,xBR,VAL01,validation,shadow,24432,0.09164190104996305,0.09510473065727121,0.0
2,xBR,VAL02,validation,visible,211982,0.039184021288036656,0.03785371280975546,0.6834339340282325
2,xBR,VAL02,validation,recolorable,187550,0.032489715600809384,0.035683221777787606,0.9293193947587763
2,xBR,VAL02,validation,shadow,24432,0.09057224294977034,0.09427711492435521,0.0
2,xBR,VAL03,validation,visible,211982,0.04340459862612286,0.04762540676520033,-7.3433315337048555
2,xBR,VAL03,validation,recolorable,187550,0.037731064029033846,0.045699362933965086,-9.7632308087924
2,xBR,VAL03,validation,shadow,24432,0.08695696493604614,0.08942857170018459,0.0
2,xBR,VAL04,validation,visible,211982,0.03884477592884812,0.037321796833628684,-7.24990442621678
2,xBR,VAL04,validation,recolorable,187550,0.03199175725926075,0.03505029704703264,-10.22574223489423
2,xBR,VAL04,validation,shadow,24432,0.09145134319641157,0.09528913347706845,0.0
2,xBR,VAL05,validation,visible,211982,0.048765052283834834,0.054363321821056014,1.1814891126447402
2,xBR,VAL05,validation,recolorable,187550,0.04349439507995947,0.05252568759863881,1.492512499769716
2,xBR,VAL05,validation,shadow,24432,0.08922476735369496,0.09247853457715755,0.0
2,xBR,VAL06,validation,visible,211982,0.04300267011613366,0.04758888691891499,-5.48214836096681
2,xBR,VAL06,validation,recolorable,187550,0.037204792059021025,0.045602460850907724,-7.284275239842697
2,xBR,VAL06,validation,shadow,24432,0.08750954755602708,0.08976290271554677,0.0
2,xBR,VAL07,validation,visible,211982,0.03721784015037237,0.03258948199565845,-8.463480516368914
2,xBR,VAL07,validation,recolorable,187550,0.02996324622541616,0.030263299473954754,-12.302682376428775
2,xBR,VAL07,validation,shadow,24432,0.0929070629166433,0.09608402592588867,0.0
2,xBR,VAL08,validation,visible,211982,0.03713688073862984,0.03347470001821706,-6.521391761166506
2,xBR,VAL08,validation,recolorable,187550,0.029653759875735614,0.03101352818241471,-9.488068848226927
2,xBR,VAL08,validation,shadow,24432,0.09458036951710944,0.09690519955366485,0.0
2,xBR,VAL09,validation,visible,211982,0.04841736166248999,0.05131790129896761,-5.223224241544777
2,xBR,VAL09,validation,recolorable,187550,0.042883487500410926,0.049424152653438816,-6.763023065584894
2,xBR,VAL09,validation,shadow,24432,0.09089763749328311,0.09361245611865594,0.0
2,xBR,VAL10,validation,visible,211982,0.044859211036243,0.04467251942935502,-6.125712334293532
2,xBR,VAL10,validation,recolorable,187550,0.039861726783007714,0.043093286280728074,-7.923743744368994
2,xBR,VAL10,validation,shadow,24432,0.08322193908528845,0.08472234242936792,0.0
2,xBR,LEGACY_D,diagnostic,visible,211982,0.04680905168290207,0.04374921069816481,0.6279105184194167
2,xBR,LEGACY_D,diagnostic,recolorable,187550,0.04016490643215385,0.04157719945023016,0.8254647088041245
2,xBR,LEGACY_D,diagnostic,shadow,24432,0.09781222136929005,0.1026312982920451,0.0
2,xBR,LEGACY_E,diagnostic,visible,211982,0.05145030005660546,0.050744543214488305,-2.1167279120959615
2,xBR,LEGACY_E,diagnostic,recolorable,187550,0.04440390464968048,0.04825417625333727,-2.7904191948639356
2,xBR,LEGACY_E,diagnostic,shadow,24432,0.10554130605565548,0.11230567323397335,0.0
2,Q0,REF,fit,visible,211982,0.028805871143085575,0.02622325818739924,0.0
2,Q0,REF,fit,recolorable,187550,0.020909136375382692,0.023515901728674897,0.0
2,Q0,REF,fit,shadow,24432,0.08942442900501565,0.09082621764862785,0.0
2,Q0,DEFAULT,fit,visible,211982,0.03811238799356913,0.03528416479628069,0.0
2,Q0,DEFAULT,fit,recolorable,187550,0.031836219880916006,0.03320809371865071,0.0
2,Q0,DEFAULT,fit,shadow,24432,0.08629081503712249,0.0872936024452235,0.0
2,Q0,LATIN1,fit,visible,211982,0.05321804769655036,0.05709988106518755,0.0
2,Q0,LATIN1,fit,recolorable,187550,0.047631046146731616,0.05507592433430358,0.0
2,Q0,LATIN1,fit,shadow,24432,0.09610615103105043,0.09747247581957846,0.0
2,Q0,LATIN2,fit,visible,211982,0.05373692267623392,0.05048631316858042,0.0
2,Q0,LATIN2,fit,recolorable,187550,0.046904075635013746,0.04801043209787423,0.0
2,Q0,LATIN2,fit,shadow,24432,0.10618864429463769,0.1127932815053707,0.0
2,Q0,LATIN3,fit,visible,211982,0.04913043435138473,0.04380696263303042,0.0
2,Q0,LATIN3,fit,recolorable,187550,0.044343801418476755,0.04231492320679491,0.0
2,Q0,LATIN3,fit,shadow,24432,0.08587458164046823,0.08697363914652238,0.0
2,Q0,LATIN4,fit,visible,211982,0.04510261891923082,0.0433443382253574,0.0
2,Q0,LATIN4,fit,recolorable,187550,0.03870713311635033,0.041331719670138226,0.0
2,Q0,LATIN4,fit,shadow,24432,0.09419697723333655,0.09802305502886678,0.0
2,Q0,VAL01,validation,visible,211982,0.03458958074379675,0.02883572941020508,0.0
2,Q0,VAL01,validation,recolorable,187550,0.027157417108924675,0.026440794611983554,0.0
2,Q0,VAL01,validation,shadow,24432,0.09164190104996305,0.09510473065727121,0.0
2,Q0,VAL02,validation,visible,211982,0.03945366099549634,0.0372631768663798,0.0
2,Q0,VAL02,validation,recolorable,187550,0.03279448107383907,0.03510923443189828,0.0
2,Q0,VAL02,validation,shadow,24432,0.09057224294977034,0.09427711492435521,0.0
2,Q0,VAL03,validation,visible,211982,0.04043530045692144,0.042725531485751166,0.0
2,Q0,VAL03,validation,recolorable,187550,0.03437495758006739,0.04066837045839518,0.0
2,Q0,VAL03,validation,shadow,24432,0.08695696493604614,0.08942857170018459,0.0
2,Q0,VAL04,validation,visible,211982,0.03621893757077576,0.03266042885230651,0.0
2,Q0,VAL04,validation,recolorable,187550,0.029023852877384477,0.030282312956207386,0.0
2,Q0,VAL04,validation,shadow,24432,0.09145134319641157,0.09528913347706845,0.0
2,Q0,VAL05,validation,visible,211982,0.049348094649415294,0.05044808315113951,0.0
2,Q0,VAL05,validation,recolorable,187550,0.04415338994394491,0.04868323731778765,0.0
2,Q0,VAL05,validation,shadow,24432,0.08922476735369496,0.09247853457715755,0.0
2,Q0,VAL06,validation,visible,211982,0.04076772305487722,0.042964218052033994,0.0
2,Q0,VAL06,validation,recolorable,187550,0.03467870009453547,0.04090833972255879,0.0
2,Q0,VAL06,validation,shadow,24432,0.08750954755602708,0.08976290271554677,0.0
2,Q0,VAL07,validation,visible,211982,0.03431370630297595,0.028271555436686746,0.0
2,Q0,VAL07,validation,recolorable,187550,0.026680793006334417,0.025783105259926165,0.0
2,Q0,VAL07,validation,shadow,24432,0.0929070629166433,0.09608402592588867,0.0
2,Q0,VAL08,validation,visible,211982,0.03486330785265658,0.031277701063117,0.0
2,Q0,VAL08,validation,recolorable,187550,0.0270840103288714,0.028686907218700583,0.0
2,Q0,VAL08,validation,shadow,24432,0.09458036951710944,0.09690519955366485,0.0
2,Q0,VAL09,validation,visible,211982,0.04601394987797152,0.045957257388262326,0.0
2,Q0,VAL09,validation,recolorable,187550,0.04016698503757003,0.044056556166645056,0.0
2,Q0,VAL09,validation,shadow,24432,0.09089763749328311,0.09361245611865594,0.0
2,Q0,VAL10,validation,visible,211982,0.04226987979589482,0.03808023806948847,0.0
2,Q0,VAL10,validation,recolorable,187550,0.036935085274122106,0.036474841146850207,0.0
2,Q0,VAL10,validation,shadow,24432,0.08322193908528845,0.08472234242936792,0.0
2,Q0,LEGACY_D,diagnostic,visible,211982,0.047104827851666045,0.04440215513017694,0.0
2,Q0,LEGACY_D,diagnostic,recolorable,187550,0.040499213144000935,0.042277361526743266,0.0
2,Q0,LEGACY_D,diagnostic,shadow,24432,0.09781222136929005,0.1026312982920451,0.0
2,Q0,LEGACY_E,diagnostic,visible,211982,0.05038381184804008,0.04835208503609615,0.0
2,Q0,LEGACY_E,diagnostic,recolorable,187550,0.043198485809754515,0.04566811345439265,0.0
2,Q0,LEGACY_E,diagnostic,shadow,24432,0.10554130605565548,0.11230567323397335,0.0
2,Q6-k3,REF,fit,visible,211982,0.03345077154379506,0.030985759462387123,-16.12483919558332
2,Q6-k3,REF,fit,recolorable,187550,0.026159124521174214,0.028491558625386867,-25.1085843601488
2,Q6-k3,REF,fit,shadow,24432,0.08942442900501565,0.09082621764862785,0.0
2,Q6-k3,DEFAULT,fit,visible,211982,0.0333490097064304,0.031100889769980287,12.498241485006067
2,Q6-k3,DEFAULT,fit,recolorable,187550,0.026452319821922445,0.02870183632159384,16.911241595679837
2,Q6-k3,DEFAULT,fit,shadow,24432,0.08629081503712249,0.0872936024452235,0.0
2,Q6-k3,LATIN1,fit,visible,211982,0.04332709575611335,0.04473070113154856,18.58570986450927
2,Q6-k3,LATIN1,fit,recolorable,187550,0.0364516072011826,0.042300641870855055,23.470907842565058
2,Q6-k3,LATIN1,fit,shadow,24432,0.09610615103105043,0.09747247581957846,0.0
2,Q6-k3,LATIN2,fit,visible,211982,0.04772405063689535,0.04519669242414825,11.189461063050166
2,Q6-k3,LATIN2,fit,recolorable,187550,0.04010791119543464,0.0424658191312947,14.489496589728745
2,Q6-k3,LATIN2,fit,shadow,24432,0.10618864429463769,0.1127932815053707,0.0
2,Q6-k3,LATIN3,fit,visible,211982,0.046033449363328885,0.041568966487845256,6.303597818626971
2,Q6-k3,LATIN3,fit,recolorable,187550,0.04084337448305662,0.039901070056405315,7.893835944253558
2,Q6-k3,LATIN3,fit,shadow,24432,0.08587458164046823,0.08697363914652238,0.0
2,Q6-k3,LATIN4,fit,visible,211982,0.04184774071847725,0.04086056755514272,7.216605773120099
2,Q6-k3,LATIN4,fit,recolorable,187550,0.035028244336013696,0.03861881260726621,9.50442072079637
2,Q6-k3,LATIN4,fit,shadow,24432,0.09419697723333655,0.09802305502886678,0.0
2,Q6-k3,VAL01,validation,visible,211982,0.03266284609548503,0.027543770292471858,5.570274651730944
2,Q6-k3,VAL01,validation,recolorable,187550,0.02497968816081264,0.02503606206955601,8.018910411757718
2,Q6-k3,VAL01,validation,shadow,24432,0.09164190104996305,0.09510473065727121,0.0
2,Q6-k3,VAL02,validation,visible,211982,0.036693086987847255,0.036995849262144866,6.9970034161448424
2,Q6-k3,VAL02,validation,recolorable,187550,0.029674289128813893,0.034638631519036775,9.514381209447542
2,Q6-k3,VAL02,validation,shadow,24432,0.09057224294977034,0.09427711492435521,0.0
2,Q6-k3,VAL03,validation,visible,211982,0.03804524929383892,0.041122042059537525,5.910803520871088
2,Q6-k3,VAL03,validation,recolorable,187550,0.03167355621695061,0.038951100209400305,7.858631845070874
2,Q6-k3,VAL03,validation,shadow,24432,0.08695696493604614,0.08942857170018459,0.0
2,Q6-k3,VAL04,validation,visible,211982,0.033559470208337217,0.03048516893136658,7.342753655436896
2,Q6-k3,VAL04,validation,recolorable,187550,0.02601793866557724,0.027951288384979324,10.356702897117632
2,Q6-k3,VAL04,validation,shadow,24432,0.09145134319641157,0.09528913347706845,0.0
2,Q6-k3,VAL05,validation,visible,211982,0.041647808826080074,0.04153973516878454,15.604018509813855
2,Q6-k3,VAL05,validation,recolorable,187550,0.03544999357283194,0.03947250020031957,19.711728549410125
2,Q6-k3,VAL05,validation,shadow,24432,0.08922476735369496,0.09247853457715755,0.0
2,Q6-k3,VAL06,validation,visible,211982,0.0379253880673838,0.04107022421968924,6.972022900732943
2,Q6-k3,VAL06,validation,recolorable,187550,0.031466096227199675,0.038864269623116086,9.263910869144787
2,Q6-k3,VAL06,validation,shadow,24432,0.08750954755602708,0.08976290271554677,0.0
2,Q6-k3,VAL07,validation,visible,211982,0.03274481150942057,0.02671090106815057,4.572210240720387
2,Q6-k3,VAL07,validation,recolorable,187550,0.024907519446603882,0.024156486250798113,6.646255076861973
2,Q6-k3,VAL07,validation,shadow,24432,0.0929070629166433,0.09608402592588867,0.0
2,Q6-k3,VAL08,validation,visible,211982,0.032510098740022725,0.02936815466497399,6.749815945690707
2,Q6-k3,VAL08,validation,recolorable,187550,0.024424250402908455,0.026659619209545408,9.820406555995353
2,Q6-k3,VAL08,validation,shadow,24432,0.09458036951710944,0.09690519955366485,0.0
2,Q6-k3,VAL09,validation,visible,211982,0.04340721922968568,0.0454525964947393,5.6650877727273175
2,Q6-k3,VAL09,validation,recolorable,187550,0.037220677512723746,0.043316788588932176,7.335147315862689
2,Q6-k3,VAL09,validation,shadow,24432,0.09089763749328311,0.09361245611865594,0.0
2,Q6-k3,VAL10,validation,visible,211982,0.041101590467373654,0.03746350992783035,2.7638813598770295
2,Q6-k3,VAL10,validation,recolorable,187550,0.03561460375752084,0.035756343997328174,3.5751413779094188
2,Q6-k3,VAL10,validation,shadow,24432,0.08322193908528845,0.08472234242936792,0.0
2,Q6-k3,LEGACY_D,diagnostic,visible,211982,0.04378311323978546,0.042686764626948585,7.051749817111574
2,Q6-k3,LEGACY_D,diagnostic,recolorable,187550,0.03674478122261643,0.04031186322178532,9.270382385047993
2,Q6-k3,LEGACY_D,diagnostic,shadow,24432,0.09781222136929005,0.1026312982920451,0.0
2,Q6-k3,LEGACY_E,diagnostic,visible,211982,0.04642010854201997,0.04316071590136959,7.8670175213714
2,Q6-k3,LEGACY_E,diagnostic,recolorable,187550,0.03871843380113412,0.04040953619122289,10.370854266398311
2,Q6-k3,LEGACY_E,diagnostic,shadow,24432,0.10554130605565548,0.11230567323397335,0.0
2,Q3m-k3,REF,fit,visible,211982,0.0277793639676612,0.02327205355160637,3.5635345667050733
2,Q3m-k3,REF,fit,recolorable,187550,0.019748906868260255,0.02055643817210937,5.54891166374728
2,Q3m-k3,REF,fit,shadow,24432,0.08942442900501565,0.09082621764862785,0.0
2,Q3m-k3,DEFAULT,fit,visible,211982,0.02641268731925073,0.02254273961166031,30.697894543612804
2,Q3m-k3,DEFAULT,fit,recolorable,187550,0.018612407839629072,0.01984495198610057,41.53700436405722
2,Q3m-k3,DEFAULT,fit,shadow,24432,0.08629081503712249,0.0872936024452235,0.0
2,Q3m-k3,LATIN1,fit,visible,211982,0.038072630778601575,0.038809090926329275,28.459174234102015
2,Q3m-k3,LATIN1,fit,recolorable,187550,0.030512646951313758,0.03619689778639782,35.9395826467534
2,Q3m-k3,LATIN1,fit,shadow,24432,0.09610615103105043,0.09747247581957846,0.0
2,Q3m-k3,LATIN2,fit,visible,211982,0.045650859296830694,0.04256442871628825,15.047499887780935
2,Q3m-k3,LATIN2,fit,recolorable,187550,0.037764646750488795,0.03972086940441079,19.48536190254306
2,Q3m-k3,LATIN2,fit,shadow,24432,0.10618864429463769,0.1127932815053707,0.0
2,Q3m-k3,LATIN3,fit,visible,211982,0.044226642061368795,0.03843583014411665,9.981170235426017
2,Q3m-k3,LATIN3,fit,recolorable,187550,0.03880119572814272,0.03665948105918155,12.499166767476533
2,Q3m-k3,LATIN3,fit,shadow,24432,0.08587458164046823,0.08697363914652238,0.0
2,Q3m-k3,LATIN4,fit,visible,211982,0.038377584418222484,0.037447745254250084,14.910518861557554
2,Q3m-k3,LATIN4,fit,recolorable,187550,0.031106033337130176,0.035038730381370016,19.637465157576763
2,Q3m-k3,LATIN4,fit,shadow,24432,0.09419697723333655,0.09802305502886678,0.0
2,Q3m-k3,VAL01,validation,visible,211982,0.029897983408194273,0.024920059745900044,13.563614344888697
2,Q3m-k3,VAL01,validation,recolorable,187550,0.02185464885301595,0.022256468366076854,19.526040472258643
2,Q3m-k3,VAL01,validation,shadow,24432,0.09164190104996305,0.09510473065727121,0.0
2,Q3m-k3,VAL02,validation,visible,211982,0.034042249934270685,0.03403382111409474,13.715865460098541
2,Q3m-k3,VAL02,validation,recolorable,187550,0.02667812948983089,0.031534246691113724,18.650551506629377
2,Q3m-k3,VAL02,validation,shadow,24432,0.09057224294977034,0.09427711492435521,0.0
2,Q3m-k3,VAL03,validation,visible,211982,0.034033744450759205,0.036045076574131675,15.831602421211777
2,Q3m-k3,VAL03,validation,recolorable,187550,0.027139475600337824,0.03368245223704682,21.048700824943325
2,Q3m-k3,VAL03,validation,shadow,24432,0.08695696493604614,0.08942857170018459,0.0
2,Q3m-k3,VAL04,validation,visible,211982,0.02981805123626768,0.026244224204507463,17.672761168104522
2,Q3m-k3,VAL04,validation,recolorable,187550,0.021789127806940888,0.023523683036770403,24.92682519101701
2,Q3m-k3,VAL04,validation,shadow,24432,0.09145134319641157,0.09528913347706845,0.0
2,Q3m-k3,VAL05,validation,visible,211982,0.037492671563318675,0.03568365886119103,24.024074628050684
2,Q3m-k3,VAL05,validation,recolorable,187550,0.030753569647293737,0.03342193410999303,30.348338629634007
2,Q3m-k3,VAL05,validation,shadow,24432,0.08922476735369496,0.09247853457715755,0.0
2,Q3m-k3,VAL06,validation,visible,211982,0.033772501456675465,0.03596084028032819,17.158725270934372
2,Q3m-k3,VAL06,validation,recolorable,187550,0.02677221614449546,0.03355278659636351,22.799251207475002
2,Q3m-k3,VAL06,validation,shadow,24432,0.08750954755602708,0.08976290271554677,0.0
2,Q3m-k3,VAL07,validation,visible,211982,0.030853028348583836,0.02488942307282642,10.085409963691315
2,Q3m-k3,VAL07,validation,recolorable,187550,0.02276929509042961,0.022216420779840772,14.660351043449715
2,Q3m-k3,VAL07,validation,shadow,24432,0.0929070629166433,0.09608402592588867,0.0
2,Q3m-k3,VAL08,validation,visible,211982,0.029463740838489575,0.02619322887478733,15.48782185840567
2,Q3m-k3,VAL08,validation,recolorable,187550,0.020981045707185727,0.023345518064559236,22.533459955078918
2,Q3m-k3,VAL08,validation,shadow,24432,0.09458036951710944,0.09690519955366485,0.0
2,Q3m-k3,VAL09,validation,visible,211982,0.03886700446783112,0.04051991217156214,15.532127602811807
2,Q3m-k3,VAL09,validation,recolorable,187550,0.03208901232665362,0.0381877272592978,20.110975975320812
2,Q3m-k3,VAL09,validation,shadow,24432,0.09089763749328311,0.09361245611865594,0.0
2,Q3m-k3,VAL10,validation,visible,211982,0.037556117507359016,0.03269308562393715,11.15158668843339
2,Q3m-k3,VAL10,validation,recolorable,187550,0.0316072646532296,0.03081774355167415,14.424822851635188
2,Q3m-k3,VAL10,validation,shadow,24432,0.08322193908528845,0.08472234242936792,0.0
2,Q3m-k3,LEGACY_D,diagnostic,visible,211982,0.040290300726383434,0.03941294283193128,14.466727586271366
2,Q3m-k3,LEGACY_D,diagnostic,recolorable,187550,0.032796962602429834,0.03686983703663079,19.01827206910073
2,Q3m-k3,LEGACY_D,diagnostic,shadow,24432,0.09781222136929005,0.1026312982920451,0.0
2,Q3m-k3,LEGACY_E,diagnostic,visible,211982,0.04408397019044412,0.040483919140463245,12.503701936242095
2,Q3m-k3,LEGACY_E,diagnostic,recolorable,187550,0.03607796843166591,0.03760189405855493,16.48325686563935
2,Q3m-k3,LEGACY_E,diagnostic,shadow,24432,0.10554130605565548,0.11230567323397335,0.0
2,Q6-k4,REF,fit,visible,211982,0.03453934242487505,0.03201451632855351,-19.903828817778056
2,Q6-k4,REF,fit,recolorable,187550,0.027389502727055825,0.02956259308570508,-30.992989071049216
2,Q6-k4,REF,fit,shadow,24432,0.08942442900501565,0.09082621764862785,0.0
2,Q6-k4,DEFAULT,fit,visible,211982,0.034485769439454896,0.03237052766463032,9.515589930303413
2,Q6-k4,DEFAULT,fit,recolorable,187550,0.027737164405905377,0.030006578858597487,12.875446552207592
2,Q6-k4,DEFAULT,fit,shadow,24432,0.08629081503712249,0.0872936024452235,0.0
2,Q6-k4,LATIN1,fit,visible,211982,0.043442465610038235,0.044794838570980405,18.36892278020523
2,Q6-k4,LATIN1,fit,recolorable,187550,0.03658200620078114,0.04237842826762373,23.19713892471087
2,Q6-k4,LATIN1,fit,shadow,24432,0.09610615103105043,0.09747247581957846,0.0
2,Q6-k4,LATIN2,fit,visible,211982,0.043612699500235455,0.04078657025722459,18.840347887051745
2,Q6-k4,LATIN2,fit,recolorable,187550,0.03546097738231047,0.03789044966890459,24.39681008053176
2,Q6-k4,LATIN2,fit,shadow,24432,0.10618864429463769,0.1127932815053707,0.0
2,Q6-k4,LATIN3,fit,visible,211982,0.04532318680068339,0.04129817834642172,7.749264994222527
2,Q6-k4,LATIN3,fit,recolorable,187550,0.040040586540882675,0.03959279582999129,9.70420834466631
2,Q6-k4,LATIN3,fit,shadow,24432,0.08587458164046823,0.08697363914652238,0.0
2,Q6-k4,LATIN4,fit,visible,211982,0.041765504527919224,0.04013880510156537,7.398937071232292
2,Q6-k4,LATIN4,fit,recolorable,187550,0.03493529529764061,0.03790074911418832,9.744554853421706
2,Q6-k4,LATIN4,fit,shadow,24432,0.09419697723333655,0.09802305502886678,0.0
2,Q6-k4,VAL01,validation,visible,211982,0.03158232500882658,0.026649688158462106,8.694108660190935
2,Q6-k4,VAL01,validation,recolorable,187550,0.023758408390127314,0.024086291363218566,12.515949897460432
2,Q6-k4,VAL01,validation,shadow,24432,0.09164190104996305,0.09510473065727121,0.0
2,Q6-k4,VAL02,validation,visible,211982,0.035020069447352704,0.03505077301252125,11.237465513402501
2,Q6-k4,VAL02,validation,recolorable,187550,0.027783328828791958,0.032616701236945315,15.280474277864464
2,Q6-k4,VAL02,validation,shadow,24432,0.09057224294977034,0.09427711492435521,0.0
2,Q6-k4,VAL03,validation,visible,211982,0.03709270937204725,0.03982137942851001,8.266517243850547
2,Q6-k4,VAL03,validation,recolorable,187550,0.030596929622969043,0.03760749945309082,10.9906403471144
2,Q6-k4,VAL03,validation,shadow,24432,0.08695696493604614,0.08942857170018459,0.0
2,Q6-k4,VAL04,validation,visible,211982,0.03268218233985032,0.02955349401728295,9.764933673204068
2,Q6-k4,VAL04,validation,recolorable,187550,0.025026367154313115,0.02697575641740742,13.773104969761684
2,Q6-k4,VAL04,validation,shadow,24432,0.09145134319641157,0.09528913347706845,0.0
2,Q6-k4,VAL05,validation,visible,211982,0.03984733002887883,0.040184553049558196,19.252545996016558
2,Q6-k4,VAL05,validation,recolorable,187550,0.03341496773231839,0.0380332350345189,24.32071971203008
2,Q6-k4,VAL05,validation,shadow,24432,0.08922476735369496,0.09247853457715755,0.0
2,Q6-k4,VAL06,validation,visible,211982,0.03685849924931284,0.03975372232478623,9.589016782473225
2,Q6-k4,VAL06,validation,recolorable,187550,0.030260224590663732,0.03749902912324746,12.7411797207704
2,Q6-k4,VAL06,validation,shadow,24432,0.08750954755602708,0.08976290271554677,0.0
2,Q6-k4,VAL07,validation,visible,211982,0.032527465871813856,0.02679048854029397,5.2056178816427545
2,Q6-k4,VAL07,validation,recolorable,187550,0.024661860353289336,0.02422241033399202,7.566988929323637
2,Q6-k4,VAL07,validation,shadow,24432,0.0929070629166433,0.09608402592588867,0.0
2,Q6-k4,VAL08,validation,visible,211982,0.03234491112313339,0.0286631327688302,7.223631045472612
2,Q6-k4,VAL08,validation,recolorable,187550,0.024237543917152996,0.0259545997468607,10.509767117774604
2,Q6-k4,VAL08,validation,shadow,24432,0.09458036951710944,0.09690519955366485,0.0
2,Q6-k4,VAL09,validation,visible,211982,0.04298920420680084,0.04422867955425483,6.573540587565874
2,Q6-k4,VAL09,validation,recolorable,187550,0.036748207981499116,0.042077677400366366,8.51141068435477
2,Q6-k4,VAL09,validation,shadow,24432,0.09089763749328311,0.09361245611865594,0.0
2,Q6-k4,VAL10,validation,visible,211982,0.0414291095417625,0.0378717610240219,1.989052862681595
2,Q6-k4,VAL10,validation,recolorable,187550,0.03598478849986735,0.03617503359263292,2.5728836611636607
2,Q6-k4,VAL10,validation,shadow,24432,0.08322193908528845,0.08472234242936792,0.0
2,Q6-k4,LEGACY_D,diagnostic,visible,211982,0.042941038564213725,0.04106602803235719,8.83941089980027
2,Q6-k4,LEGACY_D,diagnostic,recolorable,187550,0.035793010100904556,0.038659715591699874,11.620480196399818
2,Q6-k4,LEGACY_D,diagnostic,shadow,24432,0.09781222136929005,0.1026312982920451,0.0
2,Q6-k4,LEGACY_E,diagnostic,visible,211982,0.04393373756912349,0.04063048039157997,12.801878306409831
2,Q6-k4,LEGACY_E,diagnostic,recolorable,187550,0.03590816511770817,0.037797517368476176,16.8763338700176
2,Q6-k4,LEGACY_E,diagnostic,shadow,24432,0.10554130605565548,0.11230567323397335,0.0
2,Q3m-k4,REF,fit,visible,211982,0.029501756005264924,0.024782947033746314,-2.41577440488685
2,Q3m-k4,REF,fit,recolorable,187550,0.02169567364466823,0.022129998633935572,-3.7616918038354097
2,Q3m-k4,REF,fit,shadow,24432,0.08942442900501565,0.09082621764862785,0.0
2,Q3m-k4,DEFAULT,fit,visible,211982,0.028126969235997272,0.02435413109996459,26.19992942781948
2,Q3m-k4,DEFAULT,fit,recolorable,187550,0.020550007995724855,0.021709876825100415,35.450854176178716
2,Q3m-k4,DEFAULT,fit,shadow,24432,0.08629081503712249,0.0872936024452235,0.0
2,Q3m-k4,LATIN1,fit,visible,211982,0.03850665879362633,0.039194916018696305,27.64360877499389
2,Q3m-k4,LATIN1,fit,recolorable,187550,0.031003215475339237,0.036605095492543115,34.90964825792171
2,Q3m-k4,LATIN1,fit,shadow,24432,0.09610615103105043,0.09747247581957846,0.0
2,Q3m-k4,LATIN2,fit,visible,211982,0.04014479982549149,0.03702483175544009,25.293824383348586
2,Q3m-k4,LATIN2,fit,recolorable,187550,0.03154131697787652,0.033962300992758244,32.75356874460814
2,Q3m-k4,LATIN2,fit,shadow,24432,0.10618864429463769,0.1127932815053707,0.0
2,Q3m-k4,LATIN3,fit,visible,211982,0.042596478180158596,0.03746636810282507,13.299202943118239
2,Q3m-k4,LATIN3,fit,recolorable,187550,0.036958671601953944,0.03562408642359556,16.654255116354655
2,Q3m-k4,LATIN3,fit,shadow,24432,0.08587458164046823,0.08697363914652238,0.0
2,Q3m-k4,LATIN4,fit,visible,211982,0.0384952215969927,0.036984642129695246,14.649697690660846
2,Q3m-k4,LATIN4,fit,recolorable,187550,0.03123899502430728,0.03458618639271118,19.293958221071208
2,Q3m-k4,LATIN4,fit,shadow,24432,0.09419697723333655,0.09802305502886678,0.0
2,Q3m-k4,VAL01,validation,visible,211982,0.028363636615479925,0.023751236957157296,17.999478439568474
2,Q3m-k4,VAL01,validation,recolorable,187550,0.02012042383668337,0.02101476358657363,25.911865049672766
2,Q3m-k4,VAL01,validation,shadow,24432,0.09164190104996305,0.09510473065727121,0.0
2,Q3m-k4,VAL02,validation,visible,211982,0.03195999479741987,0.031890118995494224,18.99358895726273
2,Q3m-k4,VAL02,validation,recolorable,187550,0.024324620513984898,0.02929888801684013,25.827091274241198
2,Q3m-k4,VAL02,validation,shadow,24432,0.09057224294977034,0.09427711492435521,0.0
2,Q3m-k4,VAL03,validation,visible,211982,0.032653587501684796,0.034320227755275934,19.244850087183217
2,Q3m-k4,VAL03,validation,recolorable,187550,0.02557952662471164,0.031901058100727735,25.586739808679372
2,Q3m-k4,VAL03,validation,shadow,24432,0.08695696493604614,0.08942857170018459,0.0
2,Q3m-k4,VAL04,validation,visible,211982,0.028834024897626452,0.02522482293650773,20.389644667843676
2,Q3m-k4,VAL04,validation,recolorable,187550,0.020676913083838566,0.022455710215540877,28.758896445653793
2,Q3m-k4,VAL04,validation,shadow,24432,0.09145134319641157,0.09528913347706845,0.0
2,Q3m-k4,VAL05,validation,visible,211982,0.03465738211234784,0.03357263333911986,29.769563833082092
2,Q3m-k4,VAL05,validation,recolorable,187550,0.027548929133320424,0.03119128424541286,37.60631025546337
2,Q3m-k4,VAL05,validation,shadow,24432,0.08922476735369496,0.09247853457715755,0.0
2,Q3m-k4,VAL06,validation,visible,211982,0.032234682787265344,0.03421625961794628,20.93087282830487
2,Q3m-k4,VAL06,validation,recolorable,187550,0.02503406697265384,0.03174299782607069,27.811403240577036
2,Q3m-k4,VAL06,validation,shadow,24432,0.08750954755602708,0.08976290271554677,0.0
2,Q3m-k4,VAL07,validation,visible,211982,0.030137666327668566,0.024572612220916168,12.170180447529223
2,Q3m-k4,VAL07,validation,recolorable,187550,0.02196074338732291,0.021870311700938838,17.69081457920271
2,Q3m-k4,VAL07,validation,shadow,24432,0.0929070629166433,0.09608402592588867,0.0
2,Q3m-k4,VAL08,validation,visible,211982,0.029140440753571903,0.025483158801093014,16.415158089046887
2,Q3m-k4,VAL08,validation,recolorable,187550,0.02061562955895314,0.02262594651684363,23.882655084586947
2,Q3m-k4,VAL08,validation,shadow,24432,0.09458036951710944,0.09690519955366485,0.0
2,Q3m-k4,VAL09,validation,visible,211982,0.03847990965459867,0.03929755275037465,16.373382948764547
2,Q3m-k4,VAL09,validation,recolorable,187550,0.03165149095795914,0.036950022504134636,21.20023215993423
2,Q3m-k4,VAL09,validation,shadow,24432,0.09089763749328311,0.09361245611865594,0.0
2,Q3m-k4,VAL10,validation,visible,211982,0.037807061673035776,0.03307387137642598,10.557915339263547
2,Q3m-k4,VAL10,validation,recolorable,187550,0.031890899130054405,0.031203798348623184,13.656895893514609
2,Q3m-k4,VAL10,validation,shadow,24432,0.08322193908528845,0.08472234242936792,0.0
2,Q3m-k4,LEGACY_D,diagnostic,visible,211982,0.03957773908078406,0.037974979208868824,15.979442265631294
2,Q3m-k4,LEGACY_D,diagnostic,recolorable,187550,0.03199157607746344,0.03540115889187659,21.006919409242187
2,Q3m-k4,LEGACY_D,diagnostic,shadow,24432,0.09781222136929005,0.1026312982920451,0.0
2,Q3m-k4,LEGACY_E,diagnostic,visible,211982,0.040529541446834266,0.03715608217640331,19.55840584457316
2,Q3m-k4,LEGACY_E,diagnostic,recolorable,187550,0.03206050688046416,0.03415839447502976,25.783262354013626
2,Q3m-k4,LEGACY_E,diagnostic,shadow,24432,0.10554130605565548,0.11230567323397335,0.0
2,Q6-k6,REF,fit,visible,211982,0.034657815217383654,0.03205305549405157,-20.315108837466124
2,Q6-k6,REF,fit,recolorable,187550,0.027523408882755937,0.029633106789576282,-31.633408423126163
2,Q6-k6,REF,fit,shadow,24432,0.08942442900501565,0.09082621764862785,0.0
2,Q6-k6,DEFAULT,fit,visible,211982,0.0354525913727045,0.03338963121012341,6.9788243688992395
2,Q6-k6,DEFAULT,fit,recolorable,187550,0.02882993351843067,0.03110707164960178,9.44297524558635
2,Q6-k6,DEFAULT,fit,shadow,24432,0.08629081503712249,0.0872936024452235,0.0
2,Q6-k6,LATIN1,fit,visible,211982,0.044017975463901494,0.04551436424238804,17.28750420366364
2,Q6-k6,LATIN1,fit,recolorable,187550,0.03723248729831053,0.04309579478570542,21.8314727255568
2,Q6-k6,LATIN1,fit,shadow,24432,0.09610615103105043,0.09747247581957846,0.0
2,Q6-k6,LATIN2,fit,visible,211982,0.044658837966571024,0.0416010547411603,16.89357011446031
2,Q6-k6,LATIN2,fit,recolorable,187550,0.03664339553411395,0.038758352499453176,21.875881705342103
2,Q6-k6,LATIN2,fit,shadow,24432,0.10618864429463769,0.1127932815053707,0.0
2,Q6-k6,LATIN3,fit,visible,211982,0.0408790653435637,0.03740818245776731,16.794822021736245
2,Q6-k6,LATIN3,fit,recolorable,187550,0.03501753266339322,0.03546700848625997,21.03173038114309
2,Q6-k6,LATIN3,fit,shadow,24432,0.08587458164046823,0.08697363914652238,0.0
2,Q6-k6,LATIN4,fit,visible,211982,0.03962307521157654,0.03743636003788928,12.149058832851756
2,Q6-k6,LATIN4,fit,recolorable,187550,0.03251377329637718,0.03507645472295496,16.000564550612516
2,Q6-k6,LATIN4,fit,shadow,24432,0.09419697723333655,0.09802305502886678,0.0
2,Q6-k6,VAL01,validation,visible,211982,0.031602407048209026,0.026302627008716703,8.636050600652156
2,Q6-k6,VAL01,validation,recolorable,187550,0.02378110650195014,0.023752011664797953,12.432370108809
2,Q6-k6,VAL01,validation,shadow,24432,0.09164190104996305,0.09510473065727121,0.0
2,Q6-k6,VAL02,validation,visible,211982,0.03545342078484679,0.03469420442341767,10.139084966300537
2,Q6-k6,VAL02,validation,recolorable,187550,0.02827313252500455,0.03230141594999487,13.786919020472943
2,Q6-k6,VAL02,validation,shadow,24432,0.09057224294977034,0.09427711492435521,0.0
2,Q6-k6,VAL03,validation,visible,211982,0.03661360208603901,0.038866378503719295,9.451391056074755
2,Q6-k6,VAL03,validation,recolorable,187550,0.030055409384618748,0.03664352505560225,12.565973893603777
2,Q6-k6,VAL03,validation,shadow,24432,0.08695696493604614,0.08942857170018459,0.0
2,Q6-k6,VAL04,validation,visible,211982,0.03305904135483009,0.029355375169456657,8.72443099627338
2,Q6-k6,VAL04,validation,recolorable,187550,0.02545231931487531,0.026809787480422034,12.305511530800661
2,Q6-k6,VAL04,validation,shadow,24432,0.09145134319641157,0.09528913347706845,0.0
2,Q6-k6,VAL05,validation,visible,211982,0.03928731993764134,0.03982435820251422,20.387362031399448
2,Q6-k6,VAL05,validation,recolorable,187550,0.03278200554004589,0.03761829656034583,25.754272590022186
2,Q6-k6,VAL05,validation,shadow,24432,0.08922476735369496,0.09247853457715755,0.0
2,Q6-k6,VAL06,validation,visible,211982,0.036098363130121706,0.03867685111759966,11.453570557448378
2,Q6-k6,VAL06,validation,recolorable,187550,0.029401066100563072,0.03638610201604172,15.218661540326961
2,Q6-k6,VAL06,validation,shadow,24432,0.08750954755602708,0.08976290271554677,0.0
2,Q6-k6,VAL07,validation,visible,211982,0.03229277204565624,0.02609492780750067,5.88958312889808
2,Q6-k6,VAL07,validation,recolorable,187550,0.024396593135712456,0.023539035629971707,8.561214316529709
2,Q6-k6,VAL07,validation,shadow,24432,0.0929070629166433,0.09608402592588867,0.0
2,Q6-k6,VAL08,validation,visible,211982,0.03191111046819738,0.027505553322809483,8.467921050223126
2,Q6-k6,VAL08,validation,recolorable,187550,0.023747232371247134,0.024785543224865595,12.32010295782261
2,Q6-k6,VAL08,validation,shadow,24432,0.09458036951710944,0.09690519955366485,0.0
2,Q6-k6,VAL09,validation,visible,211982,0.0417649557326454,0.042913964779324666,9.23414346430681
2,Q6-k6,VAL09,validation,recolorable,187550,0.035364477562685945,0.040688980423340286,11.956355375919003
2,Q6-k6,VAL09,validation,shadow,24432,0.09089763749328311,0.09361245611865594,0.0
2,Q6-k6,VAL10,validation,visible,211982,0.039706094079550565,0.036612912151054174,6.065277991619089
2,Q6-k6,VAL10,validation,recolorable,187550,0.03403731708578792,0.03481432658612303,7.845570591830886
2,Q6-k6,VAL10,validation,shadow,24432,0.08322193908528845,0.08472234242936792,0.0
2,Q6-k6,LEGACY_D,diagnostic,visible,211982,0.04199880354990766,0.03964707888670931,10.839704834157015
2,Q6-k6,LEGACY_D,diagnostic,recolorable,187550,0.03472803082709696,0.037184453738955625,14.25010974011689
2,Q6-k6,LEGACY_D,diagnostic,shadow,24432,0.09781222136929005,0.1026312982920451,0.0
2,Q6-k6,LEGACY_E,diagnostic,visible,211982,0.04504228545188498,0.04153435283579814,10.601671847031724
2,Q6-k6,LEGACY_E,diagnostic,recolorable,187550,0.0371611227145279,0.03876733315630805,13.975867399184017
2,Q6-k6,LEGACY_E,diagnostic,shadow,24432,0.10554130605565548,0.11230567323397335,0.0
2,Q3m-k6,REF,fit,visible,211982,0.029934584810679274,0.025124923995069433,-3.9183458885416522
2,Q3m-k6,REF,fit,recolorable,187550,0.022184886738932933,0.022519320646848445,-6.101401514852811
2,Q3m-k6,REF,fit,shadow,24432,0.08942442900501565,0.09082621764862785,0.0
2,Q3m-k6,DEFAULT,fit,visible,211982,0.029540183124558375,0.02583987083107744,22.491912263427782
2,Q3m-k6,DEFAULT,fit,recolorable,187550,0.022147320213933123,0.023305043276561414,30.433574410606536
2,Q3m-k6,DEFAULT,fit,shadow,24432,0.08629081503712249,0.0872936024452235,0.0
2,Q3m-k6,LATIN1,fit,visible,211982,0.03959950495829996,0.04039463866525953,25.59008330388859
2,Q3m-k6,LATIN1,fit,recolorable,187550,0.03223842590285108,0.03781850805664552,32.31635978866015
2,Q3m-k6,LATIN1,fit,shadow,24432,0.09610615103105043,0.09747247581957846,0.0
2,Q3m-k6,LATIN2,fit,visible,211982,0.04114787059393327,0.0378036825067955,23.427192059638312
2,Q3m-k6,LATIN2,fit,recolorable,187550,0.03267505703458587,0.03479820397067732,30.33642259822291
2,Q3m-k6,LATIN2,fit,shadow,24432,0.10618864429463769,0.1127932815053707,0.0
2,Q3m-k6,LATIN3,fit,visible,211982,0.03697253449673842,0.03271631293033065,24.746168062940477
2,Q3m-k6,LATIN3,fit,recolorable,187550,0.03060210092800685,0.030580804151627967,30.98899970435134
2,Q3m-k6,LATIN3,fit,shadow,24432,0.08587458164046823,0.08697363914652238,0.0
2,Q3m-k6,LATIN4,fit,visible,211982,0.036083421205585976,0.034040683052793085,19.99705988203546
2,Q3m-k6,LATIN4,fit,recolorable,187550,0.028513011176953623,0.03150320731192033,26.336546054067213
2,Q3m-k6,LATIN4,fit,shadow,24432,0.09419697723333655,0.09802305502886678,0.0
2,Q3m-k6,VAL01,validation,visible,211982,0.02838113469263994,0.023317609319039465,17.948890728518652
2,Q3m-k6,VAL01,validation,recolorable,187550,0.020140201375433226,0.020596290246583316,25.839039498293815
2,Q3m-k6,VAL01,validation,shadow,24432,0.09164190104996305,0.09510473065727121,0.0
2,Q3m-k6,VAL02,validation,visible,211982,0.032347550005983744,0.03132901881921353,18.01128415009132
2,Q3m-k6,VAL02,validation,recolorable,187550,0.024762662253370617,0.028781666551653522,24.49137341854639
2,Q3m-k6,VAL02,validation,shadow,24432,0.09057224294977034,0.09427711492435521,0.0
2,Q3m-k6,VAL03,validation,visible,211982,0.03186909957394447,0.03305068143485627,21.18495667443634
2,Q3m-k6,VAL03,validation,recolorable,187550,0.024692844033945175,0.030612542573421057,28.16618325584922
2,Q3m-k6,VAL03,validation,shadow,24432,0.08695696493604614,0.08942857170018459,0.0
2,Q3m-k6,VAL04,validation,visible,211982,0.029362357566191835,0.025060041515531793,18.93092526854334
2,Q3m-k6,VAL04,validation,recolorable,187550,0.021274071258980263,0.022336490400682234,26.70142262346872
2,Q3m-k6,VAL04,validation,shadow,24432,0.09145134319641157,0.09528913347706845,0.0
2,Q3m-k6,VAL05,validation,visible,211982,0.03379306772206543,0.03303993283502193,31.521028396046024
2,Q3m-k6,VAL05,validation,recolorable,187550,0.02657202114568594,0.03058484460103541,39.81884249562595
2,Q3m-k6,VAL05,validation,shadow,24432,0.08922476735369496,0.09247853457715755,0.0
2,Q3m-k6,VAL06,validation,visible,211982,0.031142475038047644,0.03280241799538283,23.609972045466165
2,Q3m-k6,VAL06,validation,recolorable,187550,0.023799578126507927,0.030281292155415036,31.37119309077514
2,Q3m-k6,VAL06,validation,shadow,24432,0.08750954755602708,0.08976290271554677,0.0
2,Q3m-k6,VAL07,validation,visible,211982,0.029704342362446155,0.023709046651446557,13.433010995172022
2,Q3m-k6,VAL07,validation,recolorable,187550,0.021470970629147622,0.021010385936361068,19.526489995817986
2,Q3m-k6,VAL07,validation,shadow,24432,0.0929070629166433,0.09608402592588867,0.0
2,Q3m-k6,VAL08,validation,visible,211982,0.02865132803516618,0.024285308853237795,17.818102182799755
2,Q3m-k6,VAL08,validation,recolorable,187550,0.020062800487915648,0.021411876532358886,25.923819093626555
2,Q3m-k6,VAL08,validation,shadow,24432,0.09458036951710944,0.09690519955366485,0.0
2,Q3m-k6,VAL09,validation,visible,211982,0.037196081145928685,0.03791464174977516,19.163468373021065
2,Q3m-k6,VAL09,validation,recolorable,187550,0.030200419057533227,0.0354877600081779,24.8128306635776
2,Q3m-k6,VAL09,validation,shadow,24432,0.09089763749328311,0.09361245611865594,0.0
2,Q3m-k6,VAL10,validation,visible,211982,0.03602086371250303,0.031884118920876614,14.783614511245158
2,Q3m-k6,VAL10,validation,recolorable,187550,0.029872014480256195,0.029906179486658288,19.12293078910129
2,Q3m-k6,VAL10,validation,shadow,24432,0.08322193908528845,0.08472234242936792,0.0
2,Q3m-k6,LEGACY_D,diagnostic,visible,211982,0.03864144038004661,0.03649338378904431,17.967133853605823
2,Q3m-k6,LEGACY_D,diagnostic,recolorable,187550,0.030933306436409187,0.033861761897363674,23.61998163662774
2,Q3m-k6,LEGACY_D,diagnostic,shadow,24432,0.09781222136929005,0.1026312982920451,0.0
2,Q3m-k6,LEGACY_E,diagnostic,visible,211982,0.041625635962670736,0.038190823143434305,17.38291638549384
2,Q3m-k6,LEGACY_E,diagnostic,recolorable,187550,0.03329938881944598,0.03526214895227431,22.915379566552417
2,Q3m-k6,LEGACY_E,diagnostic,shadow,24432,0.10554130605565548,0.11230567323397335,0.0
4,xBR,REF,fit,visible,847909,0.04316229471633557,0.045011994515565916,-47.42760738683547
4,xBR,REF,fit,recolorable,750226,0.037239500637950854,0.04297575867594273,-72.83551570819196
4,xBR,REF,fit,shadow,97683,0.08865059984875627,0.08992336194598317,0.0
4,xBR,DEFAULT,fit,visible,847909,0.04629787444295958,0.048554008565933615,-15.350920284555203
4,xBR,DEFAULT,fit,recolorable,750226,0.04117971151826466,0.046774548626155835,-20.351687402678763
4,xBR,DEFAULT,fit,shadow,97683,0.0856064429588954,0.08647830313355452,0.0
4,xBR,LATIN1,fit,visible,847909,0.0538929839931081,0.060658698867826634,2.321529902269781
4,xBR,LATIN1,fit,recolorable,750226,0.048547031444540985,0.05866101134880845,2.895615927608508
4,xBR,LATIN1,fit,shadow,97683,0.09495102476480119,0.09608768732977523,0.0
4,xBR,LATIN2,fit,visible,847909,0.052759756354282414,0.05296376467200974,5.854714181841436
4,xBR,LATIN2,fit,recolorable,750226,0.04590892372696687,0.05050833414176353,7.473691379715941
4,xBR,LATIN2,fit,shadow,97683,0.10537559287302622,0.11181742434877719,0.0
4,xBR,LATIN3,fit,visible,847909,0.050479816930506634,0.04996085631592174,2.322345611672272
4,xBR,LATIN3,fit,recolorable,750226,0.04593786348186806,0.0484297119710235,2.8681214052692083
4,xBR,LATIN3,fit,shadow,97683,0.08536297539163398,0.08634445561307208,0.0
4,xBR,LATIN4,fit,visible,847909,0.04658737979727542,0.04479257289084658,0.5117885611180095
4,xBR,LATIN4,fit,recolorable,750226,0.04048262547500841,0.04286044617119889,0.6646295032738392
4,xBR,LATIN4,fit,shadow,97683,0.09347317790111224,0.09731063884348105,0.0
4,xBR,VAL01,validation,visible,847909,0.03758321558201635,0.033050364165357886,-4.171816063660461
4,xBR,VAL01,validation,recolorable,750226,0.030638532635997966,0.03084915492227133,-5.878489698893197
4,xBR,VAL01,validation,shadow,97683,0.09091984230170727,0.09420929817309841,0.0
4,xBR,VAL02,validation,visible,847909,0.04017086562640086,0.03932869343318711,2.127552719933945
4,xBR,VAL02,validation,recolorable,750226,0.03369412104860519,0.03723053620389107,2.845744487568236
4,xBR,VAL02,validation,shadow,97683,0.08991362718799628,0.09344224998922494,0.0
4,xBR,VAL03,validation,visible,847909,0.04477807314392437,0.049606640056119984,-4.848614131863704
4,xBR,VAL03,validation,recolorable,750226,0.03936560395874707,0.04776985415285582,-6.32090417216693
4,xBR,VAL03,validation,shadow,97683,0.08634697568498902,0.08864779595275558,0.0
4,xBR,VAL04,validation,visible,847909,0.04000150165066166,0.038863696340506536,-5.36995236113007
4,xBR,VAL04,validation,recolorable,750226,0.03339401241877686,0.03667379872914764,-7.410824417904549
4,xBR,VAL04,validation,shadow,97683,0.0907484096743709,0.09439519418959108,0.0
4,xBR,VAL05,validation,visible,847909,0.05005686451801329,0.056183940986666375,3.0547277244131643
4,xBR,VAL05,validation,recolorable,750226,0.04505893731613901,0.05443796021137967,3.8057041458179452
4,xBR,VAL05,validation,shadow,97683,0.08844199737586324,0.09146647901346967,0.0
4,xBR,VAL06,validation,visible,847909,0.04428055311053087,0.04951376938571511,-3.1269605181829085
4,xBR,VAL06,validation,recolorable,750226,0.038731470214732736,0.047611457245364176,-4.077688108908295
4,xBR,VAL06,validation,shadow,97683,0.08689867770317318,0.08898254378168331,0.0
4,xBR,VAL07,validation,visible,847909,0.03818321620247725,0.033763250721245364,-6.12039480113078
4,xBR,VAL07,validation,recolorable,750226,0.03115107703046024,0.03152208451924451,-8.683629549460381
4,xBR,VAL07,validation,shadow,97683,0.09219152514533979,0.09523940640321775,0.0
4,xBR,VAL08,validation,visible,847909,0.037774265740878894,0.03433677590154743,-4.3568345378739215
4,xBR,VAL08,validation,recolorable,750226,0.03045218720699078,0.03193471707657152,-6.216969703846953
4,xBR,VAL08,validation,shadow,97683,0.09400937000840501,0.096231022512421,0.0
4,xBR,VAL09,validation,visible,847909,0.050192379853292744,0.053609141065904045,-3.739310839084853
4,xBR,VAL09,validation,recolorable,750226,0.045021498681305706,0.05183764938849771,-4.757838692707672
4,xBR,VAL09,validation,shadow,97683,0.08990583560439717,0.09245839973509191,0.0
4,xBR,VAL10,validation,visible,847909,0.046250495063477386,0.046598535614114284,-4.1379244972155504
4,xBR,VAL10,validation,recolorable,750226,0.04150113966503449,0.04510475339448018,-5.268482008176223
4,xBR,VAL10,validation,shadow,97683,0.08272654415238975,0.08412557292996087,0.0
4,xBR,LEGACY_D,diagnostic,visible,847909,0.04835147006406093,0.04571352621824464,1.922959607871555
4,xBR,LEGACY_D,diagnostic,recolorable,750226,0.04202735941854042,0.04365257820163249,2.4860188096274216
4,xBR,LEGACY_D,diagnostic,shadow,97683,0.09692197089988967,0.101622581353125,0.0
4,xBR,LEGACY_E,diagnostic,visible,847909,0.05311621803186697,0.05325881027312027,-1.0371533732026705
4,xBR,LEGACY_E,diagnostic,recolorable,750226,0.04640608369466259,0.050872503232946995,-1.3457889250221067
4,xBR,LEGACY_E,diagnostic,shadow,97683,0.10465146206883877,0.11126423097906812,0.0
4,Q0,REF,fit,visible,847909,0.029276941735262633,0.02682181378534569,0.0
4,Q0,REF,fit,recolorable,750226,0.021546208535532952,0.024173466978074494,0.0
4,Q0,REF,fit,shadow,97683,0.08865059984875627,0.08992336194598317,0.0
4,Q0,DEFAULT,fit,visible,847909,0.04013654535980203,0.03746780970403049,0.0
4,Q0,DEFAULT,fit,recolorable,750226,0.03421614802996779,0.03551572910142205,0.0
4,Q0,DEFAULT,fit,shadow,97683,0.0856064429588954,0.08647830313355452,0.0
4,Q0,LATIN1,fit,visible,847909,0.055173861690489795,0.059249474536590914,0.0
4,Q0,LATIN1,fit,recolorable,750226,0.04999468552145811,0.05736535524384754,0.0
4,Q0,LATIN1,fit,shadow,97683,0.09495102476480119,0.09608768732977523,0.0
4,Q0,LATIN2,fit,visible,847909,0.05604078408789133,0.05323191458840404,0.0
4,Q0,LATIN2,fit,recolorable,750226,0.04961715690547121,0.05088759746049237,0.0
4,Q0,LATIN2,fit,shadow,97683,0.10537559287302622,0.11181742434877719,0.0
4,Q0,LATIN3,fit,visible,847909,0.05168000526488775,0.046460143749269794,0.0
4,Q0,LATIN3,fit,recolorable,750226,0.04729432205624004,0.04510874724587463,0.0
4,Q0,LATIN3,fit,shadow,97683,0.08536297539163398,0.08634445561307208,0.0
4,Q0,LATIN4,fit,visible,847909,0.04682703520697542,0.04494109473755638,0.0
4,Q0,LATIN4,fit,recolorable,750226,0.040753485161000746,0.043056686651519925,0.0
4,Q0,LATIN4,fit,shadow,97683,0.09347317790111224,0.09731063884348105,0.0
4,Q0,VAL01,validation,visible,847909,0.0360781034661514,0.030549194227940783,0.0
4,Q0,VAL01,validation,recolorable,750226,0.028937447750842112,0.02826067443863196,0.0
4,Q0,VAL01,validation,shadow,97683,0.09091984230170727,0.09420929817309841,0.0
4,Q0,VAL02,validation,visible,847909,0.0410441005030254,0.03914317218672251,0.0
4,Q0,VAL02,validation,recolorable,750226,0.03468105526709916,0.03709520535056661,0.0
4,Q0,VAL02,validation,shadow,97683,0.08991362718799628,0.09344224998922494,0.0
4,Q0,VAL03,validation,visible,847909,0.04270735814171932,0.04548328203338058,0.0
4,Q0,VAL03,validation,recolorable,750226,0.03702527199637222,0.043557953544394526,0.0
4,Q0,VAL03,validation,shadow,97683,0.08634697568498902,0.08864779595275558,0.0
4,Q0,VAL04,validation,visible,847909,0.037962911393910635,0.03464336172191332,0.0
4,Q0,VAL04,validation,recolorable,750226,0.031089987996787354,0.03238106140933352,0.0
4,Q0,VAL04,validation,shadow,97683,0.0907484096743709,0.09439519418959108,0.0
4,Q0,VAL05,validation,visible,847909,0.05163414712552086,0.05298412535275033,0.0
4,Q0,VAL05,validation,recolorable,750226,0.046841589634839115,0.05135310349419818,0.0
4,Q0,VAL05,validation,shadow,97683,0.08844199737586324,0.09146647901346967,0.0
4,Q0,VAL06,validation,visible,847909,0.042937901871667704,0.04565367968898596,0.0
4,Q0,VAL06,validation,recolorable,750226,0.037213999386884536,0.043725617229812275,0.0
4,Q0,VAL06,validation,shadow,97683,0.08689867770317318,0.08898254378168331,0.0
4,Q0,VAL07,validation,visible,847909,0.03598103481807852,0.030023560772391766,0.0
4,Q0,VAL07,validation,recolorable,750226,0.028662161136497402,0.02766081392825854,0.0
4,Q0,VAL07,validation,shadow,97683,0.09219152514533979,0.09523940640321775,0.0
4,Q0,VAL08,validation,visible,847909,0.036197213060510755,0.03259320009876069,0.0
4,Q0,VAL08,validation,recolorable,750226,0.028669794753039227,0.03009874229091869,0.0
4,Q0,VAL08,validation,shadow,97683,0.09400937000840501,0.096231022512421,0.0
4,Q0,VAL09,validation,visible,847909,0.0483831822742187,0.04867810334658828,0.0
4,Q0,VAL09,validation,recolorable,750226,0.04297673495667462,0.046935563905159385,0.0
4,Q0,VAL09,validation,shadow,97683,0.08990583560439717,0.09245839973509191,0.0
4,Q0,VAL10,validation,visible,847909,0.04441272983572285,0.04057488462752072,0.0
4,Q0,VAL10,validation,recolorable,750226,0.03942408864774082,0.03909437773465373,0.0
4,Q0,VAL10,validation,shadow,97683,0.08272654415238975,0.08412557292996087,0.0
4,Q0,LEGACY_D,diagnostic,visible,847909,0.04929947913471252,0.04665976305730904,0.0
4,Q0,LEGACY_D,diagnostic,recolorable,750226,0.0430988037874201,0.044682919151414355,0.0
4,Q0,LEGACY_D,diagnostic,shadow,97683,0.09692197089988967,0.101622581353125,0.0
4,Q0,LEGACY_E,diagnostic,visible,847909,0.05257097637704685,0.05117781719293753,0.0
4,Q0,LEGACY_E,diagnostic,recolorable,750226,0.045789848978327906,0.04861492732865154,0.0
4,Q0,LEGACY_E,diagnostic,shadow,97683,0.10465146206883877,0.11126423097906812,0.0
4,Q6-k3,REF,fit,visible,847909,0.0346535324462786,0.03239235496626261,-18.364591355319494
4,Q6-k3,REF,fit,recolorable,750226,0.027622856976385224,0.02998921065150632,-28.20286655460036
4,Q6-k3,REF,fit,shadow,97683,0.08865059984875627,0.08992336194598317,0.0
4,Q6-k3,DEFAULT,fit,visible,847909,0.03444988654402418,0.03227458127975944,14.168281711343333
4,Q6-k3,DEFAULT,fit,recolorable,750226,0.027789059139650216,0.029956992930140865,18.783788533672706
4,Q6-k3,DEFAULT,fit,shadow,97683,0.0856064429588954,0.08647830313355452,0.0
4,Q6-k3,LATIN1,fit,visible,847909,0.044676113855432055,0.04652471369880856,19.0266686315111
4,Q6-k3,LATIN1,fit,recolorable,750226,0.03813008089688371,0.04420684806529562,23.73173168472481
4,Q6-k3,LATIN1,fit,shadow,97683,0.09495102476480119,0.09608768732977523,0.0
4,Q6-k3,LATIN2,fit,visible,847909,0.04987871016647824,0.04791801460166229,10.995695405954397
4,Q6-k3,LATIN2,fit,recolorable,750226,0.04265275159742871,0.04531223205013471,14.036284508019726
4,Q6-k3,LATIN2,fit,shadow,97683,0.10537559287302622,0.11181742434877719,0.0
4,Q6-k3,LATIN3,fit,visible,847909,0.04800878367217915,0.043982312706994174,7.1037562281420445
4,Q6-k3,LATIN3,fit,recolorable,750226,0.04314508991892147,0.042427761219637886,8.77321411306945
4,Q6-k3,LATIN3,fit,shadow,97683,0.08536297539163398,0.08634445561307208,0.0
4,Q6-k3,LATIN4,fit,visible,847909,0.043627410647186934,0.042725482941839546,6.832857441531692
4,Q6-k3,LATIN4,fit,recolorable,750226,0.03713725423743149,0.04061398480001917,8.873427411871571
4,Q6-k3,LATIN4,fit,shadow,97683,0.09347317790111224,0.09731063884348105,0.0
4,Q6-k3,VAL01,validation,visible,847909,0.034011574041838716,0.029176026106483864,5.727932529079616
4,Q6-k3,VAL01,validation,recolorable,750226,0.026601846348545313,0.02676752413358675,8.071207324180241
4,Q6-k3,VAL01,validation,shadow,97683,0.09091984230170727,0.09420929817309841,0.0
4,Q6-k3,VAL02,validation,visible,847909,0.03807981159446072,0.03859105007272964,7.22220458539754
4,Q6-k3,VAL02,validation,recolorable,750226,0.03133080181790893,0.036332054357329224,9.66018312703566
4,Q6-k3,VAL02,validation,shadow,97683,0.08991362718799628,0.09344224998922494,0.0
4,Q6-k3,VAL03,validation,visible,847909,0.04004523780508474,0.04395889405540662,6.23339970550425
4,Q6-k3,VAL03,validation,recolorable,750226,0.03401653090699978,0.04190644786248966,8.126182272657555
4,Q6-k3,VAL03,validation,shadow,97683,0.08634697568498902,0.08864779595275558,0.0
4,Q6-k3,VAL04,validation,visible,847909,0.03518546172658961,0.0325077760148338,7.316218818155596
4,Q6-k3,VAL04,validation,recolorable,750226,0.02795090114833306,0.030078302107115117,10.096777292994341
4,Q6-k3,VAL04,validation,shadow,97683,0.0907484096743709,0.09439519418959108,0.0
4,Q6-k3,VAL05,validation,visible,847909,0.04370834340265387,0.04432348563982509,15.349926674686099
4,Q6-k3,VAL05,validation,recolorable,750226,0.03788380850108422,0.04237852097655082,19.123563490450834
4,Q6-k3,VAL05,validation,shadow,97683,0.08844199737586324,0.09146647901346967,0.0
4,Q6-k3,VAL06,validation,visible,847909,0.03985793628665694,0.04386685876415193,7.173069597615955
4,Q6-k3,VAL06,validation,recolorable,750226,0.03373300760677975,0.0417768380147701,9.353984622603095
4,Q6-k3,VAL06,validation,shadow,97683,0.08689867770317318,0.08898254378168331,0.0
4,Q6-k3,VAL07,validation,visible,847909,0.03418747443534777,0.028339521560562488,4.984738187211846
4,Q6-k3,VAL07,validation,recolorable,750226,0.02663507064568418,0.025898779835959746,7.072357458182021
4,Q6-k3,VAL07,validation,shadow,97683,0.09219152514533979,0.09523940640321775,0.0
4,Q6-k3,VAL08,validation,visible,847909,0.033729158948663636,0.030751318077330794,6.818353964768731
4,Q6-k3,VAL08,validation,recolorable,750226,0.025880388235640206,0.028132938749800353,9.7294261832946
4,Q6-k3,VAL08,validation,shadow,97683,0.09400937000840501,0.096231022512421,0.0
4,Q6-k3,VAL09,validation,visible,847909,0.04554200911355595,0.04780984960698684,5.872232927053023
4,Q6-k3,VAL09,validation,recolorable,750226,0.039765627512405276,0.04582637041957066,7.471734294162868
4,Q6-k3,VAL09,validation,shadow,97683,0.08990583560439717,0.09245839973509191,0.0
4,Q6-k3,VAL10,validation,visible,847909,0.042978466342177,0.0398081163304136,3.2293972895856893
4,Q6-k3,VAL10,validation,recolorable,750226,0.037803077213121206,0.038213403856895804,4.111728362584499
4,Q6-k3,VAL10,validation,shadow,97683,0.08272654415238975,0.08412557292996087,0.0
4,Q6-k3,LEGACY_D,diagnostic,visible,847909,0.04593476452897188,0.044924976560272244,6.825051024467088
4,Q6-k3,LEGACY_D,diagnostic,recolorable,750226,0.03929598730726754,0.04269488477919097,8.823484983271257
4,Q6-k3,LEGACY_D,diagnostic,shadow,97683,0.09692197089988967,0.101622581353125,0.0
4,Q6-k3,LEGACY_E,diagnostic,visible,847909,0.048623423636311794,0.046239572807896326,7.50899643259928
4,Q6-k3,LEGACY_E,diagnostic,recolorable,750226,0.04132830606080182,0.043613974285709144,9.74351961640606
4,Q6-k3,LEGACY_E,diagnostic,shadow,97683,0.10465146206883877,0.11126423097906812,0.0
4,Q3m-k3,REF,fit,visible,847909,0.02921011100173379,0.024977731324469128,0.2282708833906244
4,Q3m-k3,REF,fit,recolorable,750226,0.021470676122052605,0.02236244668343276,0.35056011527866415
4,Q3m-k3,REF,fit,shadow,97683,0.08865059984875627,0.08992336194598317,0.0
4,Q3m-k3,DEFAULT,fit,visible,847909,0.027754002895483826,0.024086854996331855,30.85104199505845
4,Q3m-k3,DEFAULT,fit,recolorable,750226,0.020221339534424308,0.02148108510446166,40.90118058668176
4,Q3m-k3,DEFAULT,fit,shadow,97683,0.0856064429588954,0.08647830313355452,0.0
4,Q3m-k3,LATIN1,fit,visible,847909,0.0394658533940259,0.04044605466388245,28.470017894671773
4,Q3m-k3,LATIN1,fit,recolorable,750226,0.03224141969669816,0.03795169577989374,35.510306024707596
4,Q3m-k3,LATIN1,fit,shadow,97683,0.09495102476480119,0.09608768732977523,0.0
4,Q3m-k3,LATIN2,fit,visible,847909,0.048078279009090896,0.045488627136666814,14.208411264040254
4,Q3m-k3,LATIN2,fit,recolorable,750226,0.04061789572435962,0.04278123407587159,18.137397913098184
4,Q3m-k3,LATIN2,fit,shadow,97683,0.10537559287302622,0.11181742434877719,0.0
4,Q3m-k3,LATIN3,fit,visible,847909,0.046530052341936384,0.04111200849990314,9.965078170087438
4,Q3m-k3,LATIN3,fit,recolorable,750226,0.0414738207233793,0.039461446858782466,12.306976989625284
4,Q3m-k3,LATIN3,fit,shadow,97683,0.08536297539163398,0.08634445561307208,0.0
4,Q3m-k3,LATIN4,fit,visible,847909,0.04023351370694801,0.039297779807460104,14.080587145618018
4,Q3m-k3,LATIN4,fit,recolorable,750226,0.0333014557437762,0.037025369419624865,18.285624868117544
4,Q3m-k3,LATIN4,fit,shadow,97683,0.09347317790111224,0.09731063884348105,0.0
4,Q3m-k3,VAL01,validation,visible,847909,0.03144605270714581,0.026714669946794146,12.838953032415901
4,Q3m-k3,VAL01,validation,recolorable,750226,0.02370228191145817,0.02416104818611112,18.0913185034834
4,Q3m-k3,VAL01,validation,shadow,97683,0.09091984230170727,0.09420929817309841,0.0
4,Q3m-k3,VAL02,validation,visible,847909,0.0356086722612678,0.03580596892105845,13.242897700625566
4,Q3m-k3,VAL02,validation,recolorable,750226,0.028537908368643956,0.03341178794018457,17.713264060574918
4,Q3m-k3,VAL02,validation,shadow,97683,0.08991362718799628,0.09344224998922494,0.0
4,Q3m-k3,VAL03,validation,visible,847909,0.036340652741493104,0.0391607731556533,14.907748166250546
4,Q3m-k3,VAL03,validation,recolorable,750226,0.02982959121591348,0.03692921932428579,19.434511598358494
4,Q3m-k3,VAL03,validation,shadow,97683,0.08634697568498902,0.08864779595275558,0.0
4,Q3m-k3,VAL04,validation,visible,847909,0.03163929009766565,0.02843833811415356,16.65736652974228
4,Q3m-k3,VAL04,validation,recolorable,750226,0.023943001075942466,0.02583290587415381,22.988065873757858
4,Q3m-k3,VAL04,validation,shadow,97683,0.0907484096743709,0.09439519418959108,0.0
4,Q3m-k3,VAL05,validation,visible,847909,0.03988139958515455,0.038567435830079946,22.761579680585765
4,Q3m-k3,VAL05,validation,recolorable,750226,0.03355857836329634,0.03644358813324691,28.357302506367844
4,Q3m-k3,VAL05,validation,shadow,97683,0.08844199737586324,0.09146647901346967,0.0
4,Q3m-k3,VAL06,validation,visible,847909,0.03602563206258066,0.03902319914049361,16.098294298930483
4,Q3m-k3,VAL06,validation,recolorable,750226,0.029401719111936474,0.03674630301438023,20.99285323711101
4,Q3m-k3,VAL06,validation,shadow,97683,0.08689867770317318,0.08898254378168331,0.0
4,Q3m-k3,VAL07,validation,visible,847909,0.032435019405054076,0.026582215742817075,9.85523465612712
4,Q3m-k3,VAL07,validation,recolorable,750226,0.024654437620060858,0.024030991931751747,13.982628516219064
4,Q3m-k3,VAL07,validation,shadow,97683,0.09219152514533979,0.09523940640321775,0.0
4,Q3m-k3,VAL08,validation,visible,847909,0.030821443843696845,0.027614176097929016,14.85133457050203
4,Q3m-k3,VAL08,validation,recolorable,750226,0.022594074768848487,0.024865213911784437,21.192059575336387
4,Q3m-k3,VAL08,validation,shadow,97683,0.09400937000840501,0.096231022512421,0.0
4,Q3m-k3,VAL09,validation,visible,847909,0.041270960846895514,0.043322363468277975,14.699780157108389
4,Q3m-k3,VAL09,validation,recolorable,750226,0.03493846841003375,0.04115155803867899,18.70376275616178
4,Q3m-k3,VAL09,validation,shadow,97683,0.08990583560439717,0.09245839973509191,0.0
4,Q3m-k3,VAL10,validation,visible,847909,0.039736079308031205,0.03541238096846327,10.529977655032674
4,Q3m-k3,VAL10,validation,recolorable,750226,0.03413851593727162,0.0336619059693697,13.406962321174888
4,Q3m-k3,VAL10,validation,shadow,97683,0.08272654415238975,0.08412557292996087,0.0
4,Q3m-k3,LEGACY_D,diagnostic,visible,847909,0.04257103244506275,0.04178505270750301,13.64810908298657
4,Q3m-k3,LEGACY_D,diagnostic,recolorable,750226,0.0354942812779706,0.039395517473895386,17.644393442931584
4,Q3m-k3,LEGACY_D,diagnostic,shadow,97683,0.09692197089988967,0.101622581353125,0.0
4,Q3m-k3,LEGACY_E,diagnostic,visible,847909,0.046581932295465416,0.04382285849583956,11.392301407200655
4,Q3m-k3,LEGACY_E,diagnostic,recolorable,750226,0.03902100281974419,0.04107777977758661,14.782416429867185
4,Q3m-k3,LEGACY_E,diagnostic,shadow,97683,0.10465146206883877,0.11126423097906812,0.0
4,Q6-k4,REF,fit,visible,847909,0.03586118978277541,0.033558685663683425,-22.489534962534606
4,Q6-k4,REF,fit,recolorable,750226,0.028987757052537852,0.03120171139361897,-34.5376241241361
4,Q6-k4,REF,fit,shadow,97683,0.08865059984875627,0.08992336194598317,0.0
4,Q6-k4,DEFAULT,fit,visible,847909,0.03572760567867113,0.03375641599146042,10.984850942220326
4,Q6-k4,DEFAULT,fit,recolorable,750226,0.02923314339391412,0.03147888885589061,14.563312713311172
4,Q6-k4,DEFAULT,fit,shadow,97683,0.0856064429588954,0.08647830313355452,0.0
4,Q6-k4,LATIN1,fit,visible,847909,0.04483392164799951,0.04657305284016191,18.740649513522378
4,Q6-k4,LATIN1,fit,recolorable,750226,0.0383084360159919,0.044271348789773846,23.37498352789995
4,Q6-k4,LATIN1,fit,shadow,97683,0.09495102476480119,0.09608768732977523,0.0
4,Q6-k4,LATIN2,fit,visible,847909,0.04522638096649499,0.04294257544883195,19.297380108807204
4,Q6-k4,LATIN2,fit,recolorable,750226,0.03739466696742577,0.04014895363924999,24.633595917902507
4,Q6-k4,LATIN2,fit,shadow,97683,0.10537559287302622,0.11181742434877719,0.0
4,Q6-k4,LATIN3,fit,visible,847909,0.047311786589696335,0.04365688786197897,8.452434655921481
4,Q6-k4,LATIN3,fit,recolorable,750226,0.04235734049513324,0.0420650978647834,10.438846242971811
4,Q6-k4,LATIN3,fit,shadow,97683,0.08536297539163398,0.08634445561307208,0.0
4,Q6-k4,LATIN4,fit,visible,847909,0.043463579594407976,0.04203944404378213,7.182721685669346
4,Q6-k4,LATIN4,fit,recolorable,750226,0.03695209160093161,0.03992704901369032,9.327775391604787
4,Q6-k4,LATIN4,fit,shadow,97683,0.09347317790111224,0.09731063884348105,0.0
4,Q6-k4,VAL01,validation,visible,847909,0.032868643823628196,0.02827216353058268,8.895865730676034
4,Q6-k4,VAL01,validation,recolorable,750226,0.02531010116990226,0.02580427271900479,12.535129608430285
4,Q6-k4,VAL01,validation,shadow,97683,0.09091984230170727,0.09420929817309841,0.0
4,Q6-k4,VAL02,validation,visible,847909,0.036368650466340864,0.036739816641011516,11.391283958920972
4,Q6-k4,VAL02,validation,recolorable,750226,0.02939683935728644,0.03440055867211763,15.23660646746724
4,Q6-k4,VAL02,validation,shadow,97683,0.08991362718799628,0.09344224998922494,0.0
4,Q6-k4,VAL03,validation,visible,847909,0.03910913650382472,0.042664598920151495,8.425296704034757
4,Q6-k4,VAL03,validation,recolorable,750226,0.03295854475582652,0.04056992372598451,10.983652573691193
4,Q6-k4,VAL03,validation,shadow,97683,0.08634697568498902,0.08864779595275558,0.0
4,Q6-k4,VAL04,validation,visible,847909,0.034252910136036686,0.0314952968178795,9.772699515530425
4,Q6-k4,VAL04,validation,recolorable,750226,0.026896926897115234,0.029019000383075703,13.48685338863882
4,Q6-k4,VAL04,validation,shadow,97683,0.0907484096743709,0.09439519418959108,0.0
4,Q6-k4,VAL05,validation,visible,847909,0.041879579126450316,0.042841924510036065,18.891699664095395
4,Q6-k4,VAL05,validation,recolorable,750226,0.0358169304021227,0.040813070603781296,23.5360484532247
4,Q6-k4,VAL05,validation,shadow,97683,0.08844199737586324,0.09146647901346967,0.0
4,Q6-k4,VAL06,validation,visible,847909,0.03877936595869367,0.042550031569774806,9.685000271794875
4,Q6-k4,VAL06,validation,recolorable,750226,0.032514002282766664,0.04040979650002397,12.62964793237007
4,Q6-k4,VAL06,validation,shadow,97683,0.08689867770317318,0.08898254378168331,0.0
4,Q6-k4,VAL07,validation,visible,847909,0.03392022732427212,0.02831874375844695,5.727482559147945
4,Q6-k4,VAL07,validation,recolorable,750226,0.026333026687323575,0.02586284392879365,8.126164799931946
4,Q6-k4,VAL07,validation,shadow,97683,0.09219152514533979,0.09523940640321775,0.0
4,Q6-k4,VAL08,validation,visible,847909,0.03352298891640995,0.030044109523998358,7.387928290585
4,Q6-k4,VAL08,validation,recolorable,750226,0.025647373882794297,0.02742337900535363,10.542178262104684
4,Q6-k4,VAL08,validation,shadow,97683,0.09400937000840501,0.096231022512421,0.0
4,Q6-k4,VAL09,validation,visible,847909,0.04513580630433211,0.04669164283110392,6.711786652398388
4,Q6-k4,VAL09,validation,recolorable,750226,0.03930653516187872,0.04469130612067809,8.539968888971838
4,Q6-k4,VAL09,validation,shadow,97683,0.08990583560439717,0.09245839973509191,0.0
4,Q6-k4,VAL10,validation,visible,847909,0.04326395514103961,0.04011393528710744,2.586588797699252
4,Q6-k4,VAL10,validation,recolorable,750226,0.038125738013939627,0.03852800459714723,3.29329270082086
4,Q6-k4,VAL10,validation,shadow,97683,0.08272654415238975,0.08412557292996087,0.0
4,Q6-k4,LEGACY_D,diagnostic,visible,847909,0.04503479047292437,0.043332679759846886,8.650575496213131
4,Q6-k4,LEGACY_D,diagnostic,recolorable,750226,0.03827883234077853,0.041067634292129666,11.183538806356497
4,Q6-k4,LEGACY_D,diagnostic,shadow,97683,0.09692197089988967,0.101622581353125,0.0
4,Q6-k4,LEGACY_E,diagnostic,visible,847909,0.04583732462270998,0.04337981850765231,12.80868688084109
4,Q6-k4,LEGACY_E,diagnostic,recolorable,750226,0.0381794436799671,0.04066272339287009,16.620289143042978
4,Q6-k4,LEGACY_E,diagnostic,shadow,97683,0.10465146206883877,0.11126423097906812,0.0
4,Q3m-k4,REF,fit,visible,847909,0.030977970214176444,0.026598764851797355,-5.810130355470178
4,Q3m-k4,REF,fit,recolorable,750226,0.023468719027741083,0.024047400043226124,-8.92273222473281
4,Q3m-k4,REF,fit,shadow,97683,0.08865059984875627,0.08992336194598317,0.0
4,Q3m-k4,DEFAULT,fit,visible,847909,0.02962015776979551,0.026042471403446014,26.201526553251895
4,Q3m-k4,DEFAULT,fit,recolorable,750226,0.02233047666553247,0.02349754607243962,34.73702344876869
4,Q3m-k4,DEFAULT,fit,shadow,97683,0.0856064429588954,0.08647830313355452,0.0
4,Q3m-k4,LATIN1,fit,visible,847909,0.04000294183468648,0.040927086092433264,27.49657064228712
4,Q3m-k4,LATIN1,fit,recolorable,750226,0.03284843961153988,0.038458235966374606,34.29613714153462
4,Q3m-k4,LATIN1,fit,shadow,97683,0.09495102476480119,0.09608768732977523,0.0
4,Q3m-k4,LATIN2,fit,visible,847909,0.04201439419751162,0.03929678653847528,25.028896577145453
4,Q3m-k4,LATIN2,fit,recolorable,750226,0.03376446421611898,0.03634944182269077,31.950022286754965
4,Q3m-k4,LATIN2,fit,shadow,97683,0.10537559287302622,0.11181742434877719,0.0
4,Q3m-k4,LATIN3,fit,visible,847909,0.04493986400801814,0.04014986130912667,13.04206766683319
4,Q3m-k4,LATIN3,fit,recolorable,750226,0.03967658229119452,0.03843479224895075,16.107091578534273
4,Q3m-k4,LATIN3,fit,shadow,97683,0.08536297539163398,0.08634445561307208,0.0
4,Q3m-k4,LATIN4,fit,visible,847909,0.040240751406132674,0.038768893884747496,14.065130905109369
4,Q3m-k4,LATIN4,fit,recolorable,750226,0.03330963582588209,0.036502270900997794,18.26555276367403
4,Q3m-k4,LATIN4,fit,shadow,97683,0.09347317790111224,0.09731063884348105,0.0
4,Q3m-k4,VAL01,validation,visible,847909,0.029919252111637328,0.025527230475008503,17.07088445015501
4,Q3m-k4,VAL01,validation,recolorable,750226,0.021976684603264383,0.022901715865541173,24.054516512691293
4,Q3m-k4,VAL01,validation,shadow,97683,0.09091984230170727,0.09420929817309841,0.0
4,Q3m-k4,VAL02,validation,visible,847909,0.03352096210246938,0.03361433241342946,18.329402541058194
4,Q3m-k4,VAL02,validation,recolorable,750226,0.026178368399305898,0.03113016829179105,24.516805507528762
4,Q3m-k4,VAL02,validation,shadow,97683,0.08991362718799628,0.09344224998922494,0.0
4,Q3m-k4,VAL03,validation,visible,847909,0.03501617271286252,0.037434182075780614,18.009040510851815
4,Q3m-k4,VAL03,validation,recolorable,750226,0.028332657576455325,0.03515016977267568,23.477516710123314
4,Q3m-k4,VAL03,validation,shadow,97683,0.08634697568498902,0.08864779595275558,0.0
4,Q3m-k4,VAL04,validation,visible,847909,0.03062051879255898,0.027362025851327024,19.34096288128575
4,Q3m-k4,VAL04,validation,recolorable,750226,0.02279158089250216,0.024707785826268574,26.691573844102802
4,Q3m-k4,VAL04,validation,shadow,97683,0.0907484096743709,0.09439519418959108,0.0
4,Q3m-k4,VAL05,validation,visible,847909,0.037094229429726275,0.036443763544235494,28.159500069689425
4,Q3m-k4,VAL05,validation,recolorable,750226,0.030408505372865432,0.03420393260633491,35.082251456622934
4,Q3m-k4,VAL05,validation,shadow,97683,0.08844199737586324,0.09146647901346967,0.0
4,Q3m-k4,VAL06,validation,visible,847909,0.034539245017681214,0.03728440359729301,19.560007564152293
4,Q3m-k4,VAL06,validation,recolorable,750226,0.02772179739121012,0.03494533403028322,25.507073015699
4,Q3m-k4,VAL06,validation,shadow,97683,0.08689867770317318,0.08898254378168331,0.0
4,Q3m-k4,VAL07,validation,visible,847909,0.031692564834025695,0.026222221555984148,11.918695517612232
4,Q3m-k4,VAL07,validation,recolorable,750226,0.02381531192611513,0.023641037633404614,16.91027130613142
4,Q3m-k4,VAL07,validation,shadow,97683,0.09219152514533979,0.09523940640321775,0.0
4,Q3m-k4,VAL08,validation,visible,847909,0.030431109678760747,0.02683889076683914,15.929688763913486
4,Q3m-k4,VAL08,validation,recolorable,750226,0.022152917235709394,0.02407779887761179,22.73081329484925
4,Q3m-k4,VAL08,validation,shadow,97683,0.09400937000840501,0.096231022512421,0.0
4,Q3m-k4,VAL09,validation,visible,847909,0.04087648809945532,0.04207083261516862,15.515089793428839
4,Q3m-k4,VAL09,validation,recolorable,750226,0.03449263343122841,0.03988426905942285,19.741149563825957
4,Q3m-k4,VAL09,validation,shadow,97683,0.08990583560439717,0.09245839973509191,0.0
4,Q3m-k4,VAL10,validation,visible,847909,0.0399051225152994,0.035664338399451725,10.14935883719944
4,Q3m-k4,VAL10,validation,recolorable,750226,0.034329569375610935,0.033915980706373645,12.922351402083265
4,Q3m-k4,VAL10,validation,shadow,97683,0.08272654415238975,0.08412557292996087,0.0
4,Q3m-k4,LEGACY_D,diagnostic,visible,847909,0.04179235447214473,0.04025934677009204,15.227594275497946
4,Q3m-k4,LEGACY_D,diagnostic,recolorable,750226,0.034614215722606055,0.037837143501766896,19.686365558225937
4,Q3m-k4,LEGACY_D,diagnostic,shadow,97683,0.09692197089988967,0.101622581353125,0.0
4,Q3m-k4,LEGACY_E,diagnostic,visible,847909,0.04269188626322752,0.040116186611011316,18.791909138162143
4,Q3m-k4,LEGACY_E,diagnostic,recolorable,750226,0.03462445425817897,0.03724469423617223,24.38399551270295
4,Q3m-k4,LEGACY_E,diagnostic,shadow,97683,0.10465146206883877,0.11126423097906812,0.0
4,Q6-k6,REF,fit,visible,847909,0.03604256999109514,0.03365026425594543,-23.109067596645993
4,Q6-k6,REF,fit,recolorable,750226,0.029192753828250994,0.031329127736757036,-35.48905265679452
4,Q6-k6,REF,fit,shadow,97683,0.08865059984875627,0.08992336194598317,0.0
4,Q6-k6,DEFAULT,fit,visible,847909,0.03679637429044932,0.03479514263449156,8.322019345237408
4,Q6-k6,DEFAULT,fit,recolorable,750226,0.030441070771589918,0.03260625369454494,11.033028192044048
4,Q6-k6,DEFAULT,fit,shadow,97683,0.0856064429588954,0.08647830313355452,0.0
4,Q6-k6,LATIN1,fit,visible,847909,0.04550930662768176,0.04737575103293547,17.516546362158834
4,Q6-k6,LATIN1,fit,recolorable,750226,0.03907175933821402,0.04507737575944446,21.848174599589964
4,Q6-k6,LATIN1,fit,shadow,97683,0.09495102476480119,0.09608768732977523,0.0
4,Q6-k6,LATIN2,fit,visible,847909,0.04638171792903969,0.04380927370406503,17.235779827246677
4,Q6-k6,LATIN2,fit,recolorable,750226,0.03870043430763302,0.04107531498159127,22.00191078790815
4,Q6-k6,LATIN2,fit,shadow,97683,0.10537559287302622,0.11181742434877719,0.0
4,Q6-k6,LATIN3,fit,visible,847909,0.04236475383924985,0.03930716004235845,18.02486547339197
4,Q6-k6,LATIN3,fit,recolorable,750226,0.036766180508144924,0.037456694370564626,22.260899597155827
4,Q6-k6,LATIN3,fit,shadow,97683,0.08536297539163398,0.08634445561307208,0.0
4,Q6-k6,LATIN4,fit,visible,847909,0.0409930992640071,0.039021986356890026,12.458478135936502
4,Q6-k6,LATIN4,fit,recolorable,750226,0.03415994295976234,0.036768996165495546,16.179087936135904
4,Q6-k6,LATIN4,fit,shadow,97683,0.09347317790111224,0.09731063884348105,0.0
4,Q6-k6,VAL01,validation,visible,847909,0.03283743222135715,0.02781884030956245,8.982376936289526
4,Q6-k6,VAL01,validation,recolorable,750226,0.02527482566829336,0.02536230323286111,12.657032209905816
4,Q6-k6,VAL01,validation,shadow,97683,0.09091984230170727,0.09420929817309841,0.0
4,Q6-k6,VAL02,validation,visible,847909,0.0367281796733787,0.03624828499584324,10.51532565399641
4,Q6-k6,VAL02,validation,recolorable,750226,0.029803180980224393,0.033946930235257876,14.064953471880804
4,Q6-k6,VAL02,validation,shadow,97683,0.08991362718799628,0.09344224998922494,0.0
4,Q6-k6,VAL03,validation,visible,847909,0.038525676713953794,0.04153467116894627,9.791477650968506
4,Q6-k6,VAL03,validation,recolorable,750226,0.03229911572114943,0.039429093966620934,12.764676720500168
4,Q6-k6,VAL03,validation,shadow,97683,0.08634697568498902,0.08864779595275558,0.0
4,Q6-k6,VAL04,validation,visible,847909,0.03460267882450557,0.031198761455038224,8.851356352885132
4,Q6-k6,VAL04,validation,recolorable,750226,0.02729223713545804,0.02875686267423783,12.215350040410911
4,Q6-k6,VAL04,validation,shadow,97683,0.0907484096743709,0.09439519418959108,0.0
4,Q6-k6,VAL05,validation,visible,847909,0.041239159840186904,0.04224075945113709,20.132001522295116
4,Q6-k6,VAL05,validation,recolorable,750226,0.03509312547321289,0.04015671792449024,25.08126699630222
4,Q6-k6,VAL05,validation,shadow,97683,0.08844199737586324,0.09146647901346967,0.0
4,Q6-k6,VAL06,validation,visible,847909,0.037927301005419495,0.04130000160910996,11.669412448758754
4,Q6-k6,VAL06,validation,recolorable,750226,0.031550994412517255,0.03912281529827507,15.217404921985123
4,Q6-k6,VAL06,validation,shadow,97683,0.08689867770317318,0.08898254378168331,0.0
4,Q6-k6,VAL07,validation,visible,847909,0.03367543255173361,0.027625141123888367,6.407826450801435
4,Q6-k6,VAL07,validation,recolorable,750226,0.026056358468962235,0.02517906347713824,9.091438203579937
4,Q6-k6,VAL07,validation,shadow,97683,0.09219152514533979,0.09523940640321775,0.0
4,Q6-k6,VAL08,validation,visible,847909,0.03306167091942709,0.028811124388268387,8.662385515266024
4,Q6-k6,VAL08,validation,recolorable,750226,0.025125990084440525,0.026179536328440504,12.36076051162881
4,Q6-k6,VAL08,validation,shadow,97683,0.09400937000840501,0.096231022512421,0.0
4,Q6-k6,VAL09,validation,visible,847909,0.043754481618945344,0.04515706769146927,9.566755301541608
4,Q6-k6,VAL09,validation,recolorable,750226,0.037745355420491955,0.04307599269767232,12.172584868200154
4,Q6-k6,VAL09,validation,shadow,97683,0.08990583560439717,0.09245839973509191,0.0
4,Q6-k6,VAL10,validation,visible,847909,0.041488822488289105,0.038685495421762264,6.583489369486884
4,Q6-k6,VAL10,validation,recolorable,750226,0.03611947463135758,0.03699742025212779,8.382220438652066
4,Q6-k6,VAL10,validation,shadow,97683,0.08272654415238975,0.08412557292996087,0.0
4,Q6-k6,LEGACY_D,diagnostic,visible,847909,0.0439463879122426,0.041796425513625585,10.858311926262786
4,Q6-k6,LEGACY_D,diagnostic,recolorable,750226,0.03704871458049679,0.03946826185310021,14.037719554270412
4,Q6-k6,LEGACY_D,diagnostic,shadow,97683,0.09692197089988967,0.101622581353125,0.0
4,Q6-k6,LEGACY_E,diagnostic,visible,847909,0.04702045835540981,0.044355073749439984,10.558141400737743
4,Q6-k6,LEGACY_E,diagnostic,recolorable,750226,0.0395166270622543,0.04170741396695415,13.700027530212411
4,Q6-k6,LEGACY_E,diagnostic,shadow,97683,0.10465146206883877,0.11126423097906812,0.0
4,Q3m-k6,REF,fit,visible,847909,0.03148677404759523,0.02696224283537492,-7.548029887530783
4,Q3m-k6,REF,fit,recolorable,750226,0.02404377154470301,0.024462642018321986,-11.59165894570824
4,Q3m-k6,REF,fit,shadow,97683,0.08865059984875627,0.08992336194598317,0.0
4,Q3m-k6,DEFAULT,fit,visible,847909,0.03116213014512815,0.02761035105127006,22.359710169929148
4,Q3m-k6,DEFAULT,fit,recolorable,750226,0.024073221191576528,0.025180898924967086,29.643684115195267
4,Q3m-k6,DEFAULT,fit,shadow,97683,0.0856064429588954,0.08647830313355452,0.0
4,Q3m-k6,LATIN1,fit,visible,847909,0.041111091494395464,0.042140766553505356,25.488102092586175
4,Q3m-k6,LATIN1,fit,recolorable,750226,0.03410087563723638,0.03968828565261442,31.79099882006455
4,Q3m-k6,LATIN1,fit,shadow,97683,0.09495102476480119,0.09608768732977523,0.0
4,Q3m-k6,LATIN2,fit,visible,847909,0.043154943360515716,0.040283161090366865,22.993683862749236
4,Q3m-k6,LATIN2,fit,recolorable,750226,0.03505351831482209,0.03739849534256581,29.352021556566065
4,Q3m-k6,LATIN2,fit,shadow,97683,0.10537559287302622,0.11181742434877719,0.0
4,Q3m-k6,LATIN3,fit,visible,847909,0.038835299765295296,0.034941781475245674,24.854303775234634
4,Q3m-k6,LATIN3,fit,recolorable,750226,0.032777174696039316,0.03291162298207634,30.69532816843776
4,Q3m-k6,LATIN3,fit,shadow,97683,0.08536297539163398,0.08634445561307208,0.0
4,Q3m-k6,LATIN4,fit,visible,847909,0.03753859088110892,0.035583707964542584,19.835644697153242
4,Q3m-k6,LATIN4,fit,recolorable,750226,0.030255641124802193,0.033159407375139574,25.759377375274195
4,Q3m-k6,LATIN4,fit,shadow,97683,0.09347317790111224,0.09731063884348105,0.0
4,Q3m-k6,VAL01,validation,visible,847909,0.029885785797343068,0.025066633712187692,17.163645186111253
4,Q3m-k6,VAL01,validation,recolorable,750226,0.02193886081538319,0.022453092545098145,24.18522530293038
4,Q3m-k6,VAL01,validation,shadow,97683,0.09091984230170727,0.09420929817309841,0.0
4,Q3m-k6,VAL02,validation,visible,847909,0.03384549405865461,0.03306695575501029,17.538711669025787
4,Q3m-k6,VAL02,validation,recolorable,750226,0.026545155962569587,0.03062119458635759,23.459203423512452
4,Q3m-k6,VAL02,validation,shadow,97683,0.08991362718799628,0.09344224998922494,0.0
4,Q3m-k6,VAL03,validation,visible,847909,0.03423000694712103,0.036163631667493916,19.84986092201536
4,Q3m-k6,VAL03,validation,recolorable,750226,0.02744412928196259,0.03386045135049266,25.87730541276888
4,Q3m-k6,VAL03,validation,shadow,97683,0.08634697568498902,0.08864779595275558,0.0
4,Q3m-k6,VAL04,validation,visible,847909,0.03108354601739153,0.02711141003626139,18.121279754172328
4,Q3m-k6,VAL04,validation,recolorable,750226,0.02331489646831604,0.02449925709618383,25.008345224432837
4,Q3m-k6,VAL04,validation,shadow,97683,0.0907484096743709,0.09439519418959108,0.0
4,Q3m-k6,VAL05,validation,visible,847909,0.03617195940502798,0.0357610504153771,29.945663056862017
4,Q3m-k6,VAL05,validation,recolorable,750226,0.02936615139636777,0.03344773053498561,37.307526014176375
4,Q3m-k6,VAL05,validation,shadow,97683,0.08844199737586324,0.09146647901346967,0.0
4,Q3m-k6,VAL06,validation,visible,847909,0.03346147574902231,0.0358650454248922,22.070072615491153
4,Q3m-k6,VAL06,validation,recolorable,750226,0.02650369742823987,0.03347916872090254,28.780303474770676
4,Q3m-k6,VAL06,validation,shadow,97683,0.08689867770317318,0.08898254378168331,0.0
4,Q3m-k6,VAL07,validation,visible,847909,0.03125013637127788,0.025354582064671404,13.148311244299226
4,Q3m-k6,VAL07,validation,recolorable,750226,0.023315277169361798,0.02277588897875889,18.65485279240534
4,Q3m-k6,VAL07,validation,shadow,97683,0.09219152514533979,0.09523940640321775,0.0
4,Q3m-k6,VAL08,validation,visible,847909,0.029901901682625787,0.025617949147172497,17.391701862132635
4,Q3m-k6,VAL08,validation,recolorable,750226,0.021554803836820555,0.022838997431592636,24.81702773775325
4,Q3m-k6,VAL08,validation,shadow,97683,0.09400937000840501,0.096231022512421,0.0
4,Q3m-k6,VAL09,validation,visible,847909,0.03953122694736745,0.040631014692402996,18.295521110375724
4,Q3m-k6,VAL09,validation,recolorable,750226,0.032972212867017466,0.03836149125605688,23.278925445925182
4,Q3m-k6,VAL09,validation,shadow,97683,0.08990583560439717,0.09245839973509191,0.0
4,Q3m-k6,VAL10,validation,visible,847909,0.03808697939454707,0.03433562452961,14.243102066848722
4,Q3m-k6,VAL10,validation,recolorable,750226,0.03227469535714988,0.032480450949912046,18.13458100318227
4,Q3m-k6,VAL10,validation,shadow,97683,0.08272654415238975,0.08412557292996087,0.0
4,Q3m-k6,LEGACY_D,diagnostic,visible,847909,0.04078630267946994,0.0387781902143918,17.26828884333652
4,Q3m-k6,LEGACY_D,diagnostic,recolorable,750226,0.033477171192724274,0.03629322948284398,22.324593142198157
4,Q3m-k6,LEGACY_D,diagnostic,shadow,97683,0.09692197089988967,0.101622581353125,0.0
4,Q3m-k6,LEGACY_E,diagnostic,visible,847909,0.04384445600156545,0.04116640743089001,16.599502190892355
4,Q3m-k6,LEGACY_E,diagnostic,recolorable,750226,0.03592709406840205,0.03836761898689159,21.53917326653304
4,Q3m-k6,LEGACY_E,diagnostic,shadow,97683,0.10465146206883877,0.11126423097906812,0.0
