elapsed_s,window_s,frames,frame_samples,frame_dropped,frame_avg_ms,frame_p95_ms,frame_max_ms,fps,view_samples,view_valid,view_mixed,viewport_w,viewport_h,framebuffer,world_w,world_h,zoom_x,zoom_y,zoom_min_x,zoom_max_x,zoom_min_y,zoom_max_y,scroll_x,scroll_y,scale,min_filter,mag_filter,target_calls,target_successes,target_cpu_ms,target_cpu_max_ms,pixel_calls,pixel_cache_hits,pixel_cpu_ms,upload_calls,upload_successes,upload_bytes,upload_cpu_ms,upload_cpu_max_ms,memory_valid,working_set_bytes,private_bytes,filter_mode,max_mip_level,provenance,animation_id,mask_calls,mask_successes,mask_cpu_ms,mask_cpu_max_ms
1.022522,1.022522,9,8,0,29.820663,107.662400,107.662400,33.533796,0,0,0,0,0,0,0.000000,0.000000,0.000000,0.000000,0.000000,0.000000,0.000000,0.000000,0.000000,0.000000,0,0,0,0,0,0.000000,0.000000,0,0,0.000000,0,0,0,0.000000,0.000000,1,313946112,566353920,0,0,0,0,0,0,0.000000,0.000000
2.060922,1.038401,42,42,0,24.723824,63.861000,87.568100,40.446818,0,0,0,0,0,0,0.000000,0.000000,0.000000,0.000000,0.000000,0.000000,0.000000,0.000000,0.000000,0.000000,0,0,0,0,0,0.000000,0.000000,0,0,0.000000,0,0,0,0.000000,0.000000,1,373387264,635088896,0,0,0,0,0,0,0.000000,0.000000
3.064814,1.003892,57,57,0,17.612139,18.198600,69.709600,56.779022,0,0,0,0,0,0,0.000000,0.000000,0.000000,0.000000,0.000000,0.000000,0.000000,0.000000,0.000000,0.000000,0,0,0,0,0,0.000000,0.000000,0,0,0.000000,0,0,0,0.000000,0.000000,1,325181440,587251712,0,0,0,0,0,0,0.000000,0.000000
4.080534,1.015720,44,44,0,23.084543,17.328000,295.601600,43.319029,0,0,0,0,0,0,0.000000,0.000000,0.000000,0.000000,0.000000,0.000000,0.000000,0.000000,0.000000,0.000000,0,0,0,0,0,0.000000,0.000000,0,0,0.000000,0,0,0,0.000000,0.000000,1,355041280,619155456,0,0,0,0,0,0,0.000000,0.000000
5.080755,1.000221,60,60,0,16.670345,16.900200,16.929200,59.986761,0,0,0,0,0,0,0.000000,0.000000,0.000000,0.000000,0.000000,0.000000,0.000000,0.000000,0.000000,0.000000,0,0,0,0,0,0.000000,0.000000,0,0,0.000000,0,0,0,0.000000,0.000000,1,355045376,619155456,0,0,0,0,0,0,0.000000,0.000000
7.295089,2.214334,45,45,0,49.207424,17.093900,1480.092200,20.322137,0,0,0,0,0,0,0.000000,0.000000,0.000000,0.000000,0.000000,0.000000,0.000000,0.000000,0.000000,0.000000,0,0,0,0,0,0.000000,0.000000,0,0,0.000000,0,0,0,0.000000,0.000000,1,661557248,950652928,0,0,0,0,0,0,0.000000,0.000000
8.298021,1.002933,19,19,0,52.785932,697.790300,697.790300,18.944442,19,1,0,2528,1339,0,511.000000,271.000000,4.947162,4.940959,4.947162,4.947162,4.940959,4.940959,1487.000000,2591.000000,4,9987,9728,19,19,58.367100,18.214400,19,12,4.688500,19,19,14125056,53.396300,17.352500,1,814243840,1255976960,4,8,1,24848,0,0,0.000000,0.000000
9.313873,1.015852,61,61,0,16.653303,17.175900,17.300100,60.048147,61,1,0,2528,1339,0,511.000000,271.000000,4.947162,4.940959,4.947162,4.947162,4.940959,4.940959,1487.000000,2591.000000,4,9987,9728,61,61,138.392600,4.067100,61,46,9.847000,61,61,45270528,126.954000,3.317100,1,818819072,1368649728,4,8,1,24848,0,0,0.000000,0.000000
10.315530,1.001657,60,60,0,16.694277,17.366000,17.597800,59.900768,60,1,0,2528,1339,0,511.000000,271.000000,4.947162,4.940959,4.947162,4.947162,4.940959,4.940959,1487.000000,2591.000000,4,9987,9728,60,60,90.430300,2.888100,60,45,9.027000,60,60,44562432,80.578200,2.876600,1,823832576,1382113280,4,8,1,24848,0,0,0.000000,0.000000
11.315546,1.000016,60,60,0,16.666933,16.898400,18.629000,59.999040,60,1,0,2528,1339,0,511.000000,271.000000,4.947162,4.940959,4.947162,4.947162,4.940959,4.940959,1487.000000,2591.000000,4,9987,9728,60,60,85.988900,2.535700,60,45,9.559200,60,60,44120064,75.306800,2.523800,1,959823872,1384677376,4,8,1,24848,0,0,0.000000,0.000000
12.332034,1.016488,61,61,0,16.663736,17.587100,18.032000,60.010552,61,1,0,2528,1339,0,511.000000,271.000000,4.947162,4.940959,4.947162,4.947162,4.940959,4.940959,1487.000000,2591.000000,4,9987,9728,61,61,120.173400,3.219900,61,45,8.261500,61,61,45281280,110.786700,3.205500,1,962129920,1385537536,4,8,1,24848,0,0,0.000000,0.000000
13.348524,1.016491,61,61,0,16.663787,16.880700,17.077700,60.010369,61,1,0,2528,1339,0,511.000000,271.000000,4.947162,4.940959,4.947162,4.947162,4.940959,4.940959,1487.000000,2591.000000,4,9987,9728,61,61,115.390500,3.028800,61,46,5.887900,61,61,45219840,108.587500,3.004700,1,962887680,1386287104,4,8,1,24848,0,0,0.000000,0.000000
14.349275,1.000751,60,60,0,16.679183,17.043300,17.610000,59.954974,60,1,0,2528,1339,0,511.000000,271.000000,4.947162,4.940959,4.947162,4.947162,4.940959,4.940959,1487.000000,2591.000000,4,9987,9728,60,60,133.285900,3.018000,60,45,6.165400,60,60,44544000,126.243800,3.007100,1,962371584,1385762816,4,8,1,24848,0,0,0.000000,0.000000
15.349499,1.000223,60,60,0,16.670393,16.947800,17.743900,59.986587,60,1,0,2528,1339,0,511.000000,271.000000,4.947162,4.940959,4.947162,4.947162,4.940959,4.940959,1487.000000,2591.000000,4,9987,9728,60,60,138.345700,3.534700,60,45,5.897800,60,60,44104704,131.529200,3.143600,1,960897024,1382309888,4,8,1,24848,0,0,0.000000,0.000000
16.350290,1.000791,60,60,0,16.679843,17.091100,18.303700,59.952601,60,1,0,2528,1339,0,511.000000,271.000000,4.947162,4.940959,4.947162,4.947162,4.940959,4.940959,1487.000000,2591.000000,4,9987,9728,60,60,138.087800,3.215700,60,45,6.073400,60,60,44565504,130.700300,2.956300,1,961081344,1385590784,4,8,1,24848,0,0,0.000000,0.000000
17.366129,1.015840,61,61,0,16.653105,16.959400,17.729000,60.048862,61,1,0,2528,1339,0,511.000000,271.000000,4.947162,4.940959,4.947162,4.947162,4.940959,4.940959,1487.000000,2591.000000,4,9987,9728,61,61,138.248100,3.345900,61,46,5.918400,61,61,45267456,130.826000,2.931100,1,961081344,1388806144,4,8,1,24848,0,0,0.000000,0.000000
18.366326,1.000197,60,60,0,16.669957,16.884900,17.346400,59.988158,60,1,0,2528,1339,0,511.000000,271.000000,4.947162,4.940959,4.947162,4.947162,4.940959,4.940959,1487.000000,2591.000000,4,9987,9728,60,60,136.457700,3.541300,60,45,6.075000,60,60,44416512,129.212900,3.147100,1,961830912,1389498368,4,8,1,24848,0,0,0.000000,0.000000
19.366372,1.000046,60,60,0,16.667427,16.852900,17.081300,59.997264,60,1,0,2528,1339,0,511.000000,271.000000,4.947162,4.940959,4.947162,4.947162,4.940959,4.940959,1487.000000,2591.000000,4,9987,9728,60,60,140.834700,4.356400,60,45,6.778400,60,60,44278272,133.075500,3.676000,1,961835008,1389498368,4,8,1,24848,0,0,0.000000,0.000000
20.366844,1.000471,60,60,0,16.674527,17.006300,17.155300,59.971717,60,1,0,2528,1339,0,511.000000,271.000000,4.947162,4.940959,4.947162,4.947162,4.940959,4.940959,1487.000000,2591.000000,4,9987,9728,60,60,135.975100,3.323600,60,45,5.973700,60,60,44539392,128.897700,3.313700,1,961945600,1388494848,4,8,1,24848,0,0,0.000000,0.000000
21.380049,1.013205,55,55,0,18.421909,17.464900,80.971200,54.283190,55,1,1,2528,1339,0,656.000000,348.000000,3.853659,3.847701,3.853659,4.947162,3.847701,4.940959,1414.000000,2552.000000,4,9987,9728,55,55,126.207700,3.064100,55,40,5.732700,55,55,40833024,119.485800,3.053100,1,980144128,1454153728,4,8,1,24848,0,0,0.000000,0.000000
22.380643,1.000594,60,60,0,16.676567,16.930400,17.323300,59.964381,60,1,1,2528,1339,0,874.000000,463.000000,2.892449,2.892009,2.892449,3.853659,2.892009,3.847701,1305.000000,2495.000000,4,9987,9728,60,60,133.201200,3.526000,60,45,5.730800,60,60,44195328,126.694700,3.024000,1,980209664,1454153728,4,8,1,24848,0,0,0.000000,0.000000
23.396946,1.016303,61,61,0,16.660710,16.880800,17.293000,60.021452,61,1,1,2528,1339,0,1019.000000,540.000000,2.480864,2.479630,2.480864,2.892449,2.479630,2.892009,1233.000000,2456.000000,4,9987,9728,61,61,130.398600,3.624300,61,46,5.806900,61,61,45244416,123.648100,3.143900,1,980213760,1454153728,4,8,1,24848,0,0,0.000000,0.000000
24.397990,1.001044,60,60,0,16.684058,17.053300,17.534300,59.937455,60,1,0,2528,1339,0,1019.000000,540.000000,2.480864,2.479630,2.480864,2.480864,2.479630,2.479630,1233.000000,2456.000000,4,9987,9728,60,60,130.071400,3.174100,60,45,5.680000,60,60,44513280,123.335800,3.160800,1,980217856,1454153728,4,8,1,24848,0,0,0.000000,0.000000
25.413760,1.015770,61,61,0,16.651977,16.897800,17.234600,60.052929,61,1,0,2528,1339,0,1019.000000,540.000000,2.480864,2.479630,2.480864,2.480864,2.479630,2.479630,1233.000000,2456.000000,4,9987,9728,61,61,133.883400,3.286500,61,45,6.096300,61,61,45281280,126.813100,3.274400,1,980221952,1454153728,4,8,1,24848,0,0,0.000000,0.000000
26.430211,1.016451,61,61,0,16.663136,16.905700,17.080500,60.012713,61,1,0,2528,1339,0,1019.000000,540.000000,2.480864,2.479630,2.480864,2.480864,2.479630,2.479630,1233.000000,2456.000000,4,9987,9728,61,61,211.116200,9.068200,61,46,6.009300,61,61,44826624,204.196700,9.054900,1,980226048,1454153728,4,8,1,24848,0,0,0.000000,0.000000
27.432144,1.001933,59,59,0,16.981919,16.946900,35.288200,58.886161,59,1,0,2528,1339,0,1019.000000,540.000000,2.480864,2.479630,2.480864,2.480864,2.479630,2.479630,1233.000000,2456.000000,4,9987,9728,59,59,309.915800,8.558900,59,44,9.579700,59,59,43602432,299.538600,8.548600,1,982462464,1456369664,4,8,1,24848,0,0,0.000000,0.000000
28.437869,1.005725,60,60,0,16.762078,16.827200,41.217600,59.658473,60,1,0,2528,1339,0,1019.000000,540.000000,2.480864,2.479630,2.480864,2.480864,2.479630,2.479630,1233.000000,2456.000000,4,9987,9728,60,60,321.711700,8.691800,60,45,9.781100,60,60,43868160,311.154900,8.681600,1,1001328640,1527857152,4,8,1,24848,0,0,0.000000,0.000000
29.438025,1.000155,60,60,0,16.669257,16.975500,17.260000,59.990677,60,1,0,2528,1339,0,1019.000000,540.000000,2.480864,2.479630,2.480864,2.480864,2.479630,2.479630,1233.000000,2456.000000,4,9987,9728,60,60,323.563900,8.685200,60,45,7.767700,60,60,44393472,315.128700,8.583200,1,1005043712,1531580416,4,8,1,24848,0,0,0.000000,0.000000
30.441278,1.003253,60,60,0,16.720890,17.444100,19.598900,59.805429,60,1,0,2528,1339,0,1019.000000,540.000000,2.480864,2.479630,2.480864,2.480864,2.479630,2.479630,1233.000000,2456.000000,4,9987,9728,60,60,319.576600,8.876600,60,45,5.804300,60,60,44534784,313.005100,8.864600,1,1006391296,1518727168,4,8,1,24848,0,0,0.000000,0.000000
31.441286,1.000008,60,60,0,16.666798,16.860000,16.996100,59.999526,60,1,0,2528,1339,0,1019.000000,540.000000,2.480864,2.479630,2.480864,2.480864,2.479630,2.479630,1233.000000,2456.000000,4,9987,9728,60,60,298.099700,8.511400,60,45,5.620900,60,60,44553216,290.457900,8.499100,1,1006456832,1518858240,4,8,1,24848,0,0,0.000000,0.000000
32.442238,1.000952,60,60,0,16.682542,16.858400,17.499700,59.942904,60,1,1,2528,1339,0,1091.000000,578.000000,2.317140,2.316609,2.317140,2.480864,2.316609,2.479630,1197.000000,2437.000000,4,9987,9728,60,60,330.240700,8.662400,60,45,5.694500,60,60,44166144,322.374600,8.652200,1,1006497792,1518858240,4,8,1,24848,0,0,0.000000,0.000000
33.453890,1.011652,55,55,0,18.393667,21.628800,59.873300,54.366537,55,1,1,2528,1339,0,1743.000000,924.000000,1.450373,1.449134,1.450373,2.317140,1.449134,2.316609,871.000000,2264.000000,4,9987,9728,55,55,286.726900,13.110500,55,40,5.698700,55,55,40765440,280.375400,13.099600,1,1006280704,1568772096,4,8,1,24848,0,0,0.000000,0.000000
34.470439,1.016549,61,61,0,16.664731,16.847100,17.343700,60.006969,61,1,0,2528,1339,0,1743.000000,924.000000,1.450373,1.449134,1.450373,1.450373,1.449134,1.449134,871.000000,2264.000000,4,9987,9728,61,61,303.380800,8.144700,61,46,5.383700,61,61,44599296,297.313600,8.017600,1,1006120960,1568772096,4,8,1,24848,0,0,0.000000,0.000000
35.471005,1.000566,60,60,0,16.676100,16.952300,17.409700,59.966059,60,1,0,2528,1339,0,1743.000000,924.000000,1.450373,1.449134,1.450373,1.450373,1.449134,1.449134,871.000000,2264.000000,4,9987,9728,60,60,274.277100,7.829800,60,45,5.548100,60,60,44172288,268.065000,7.819100,1,1006125056,1568772096,4,8,1,24848,0,0,0.000000,0.000000
36.474078,1.003073,55,55,0,18.237691,17.693600,58.351700,54.831503,55,1,1,2528,1339,0,2468.000000,1308.000000,1.024311,1.023700,1.024311,1.450373,1.023700,1.449134,508.000000,2072.000000,4,9987,9728,55,55,204.349400,8.091800,55,40,6.027600,55,55,40859136,197.666100,8.080100,1,1020219392,1630777344,4,8,1,24848,0,0,0.000000,0.000000
37.480200,1.006123,52,52,0,19.348515,49.861500,84.879600,51.683552,52,1,1,2528,1339,0,3072.000000,1628.000000,0.822917,0.822482,0.822917,0.995276,0.822482,0.994799,206.000000,1912.000000,4,9987,9728,52,52,110.655800,3.760000,52,38,5.487000,52,52,38578176,104.573900,3.384000,1,1044193280,1825714176,4,8,1,24848,0,0,0.000000,0.000000
38.496556,1.016356,60,60,0,16.939265,17.432100,26.343400,59.034439,60,1,0,2528,1339,0,3072.000000,1628.000000,0.822917,0.822482,0.822917,0.822917,0.822482,0.822482,206.000000,1912.000000,4,9987,9728,60,60,100.722900,3.393700,60,45,5.777200,60,60,44402688,94.124900,3.197600,1,1044197376,1836220416,4,8,1,24848,0,0,0.000000,0.000000
39.512941,1.016385,61,61,0,16.662052,16.763000,16.846700,60.016616,61,1,0,2528,1339,0,3072.000000,1628.000000,0.822917,0.822482,0.822917,0.822917,0.822482,0.822482,206.000000,1912.000000,4,9987,9728,61,61,110.671000,3.507800,61,45,5.881600,61,61,45037056,104.041600,3.132800,1,1044201472,1835237376,4,8,1,24848,0,0,0.000000,0.000000
40.513970,1.001029,60,60,0,16.683812,16.808600,17.553500,59.938341,60,1,0,2528,1339,0,3072.000000,1628.000000,0.822917,0.822482,0.822917,0.822917,0.822482,0.822482,206.000000,1912.000000,4,9987,9728,60,60,105.906700,3.572000,60,45,5.410500,60,60,44020224,99.783300,3.205400,1,1044205568,1835237376,4,8,1,24848,0,0,0.000000,0.000000
41.514930,1.000959,60,60,0,16.682652,16.855900,28.304100,59.942509,60,1,0,2528,1339,0,3072.000000,1628.000000,0.822917,0.822482,0.822917,0.822917,0.822482,0.822482,206.000000,1912.000000,4,9987,9728,60,60,105.719600,3.704800,60,45,5.467100,60,60,43937280,99.404800,3.334000,1,1057251328,1893912576,4,8,1,24848,0,0,0.000000,0.000000
42.515205,1.000276,60,60,0,16.671267,16.820300,16.992800,59.983445,60,1,0,2528,1339,0,3072.000000,1628.000000,0.822917,0.822482,0.822917,0.822917,0.822482,0.822482,206.000000,1912.000000,4,9987,9728,60,60,106.652400,3.705100,60,45,5.659500,60,60,44628480,100.252300,3.331500,1,1057259520,1893912576,4,8,1,24848,0,0,0.000000,0.000000
43.531825,1.016620,61,61,0,16.665900,16.835100,17.039000,60.002760,61,1,0,2528,1339,0,3072.000000,1628.000000,0.822917,0.822482,0.822917,0.822917,0.822482,0.822482,206.000000,1912.000000,4,9987,9728,61,61,100.333500,3.467200,61,46,5.513400,61,61,45219840,94.145900,3.122600,1,1056280576,1892929536,4,8,1,24848,0,0,0.000000,0.000000
44.538433,1.006607,60,60,0,16.776792,16.861100,22.923500,59.606152,60,1,0,2528,1339,0,3072.000000,1628.000000,0.822917,0.822482,0.822917,0.822917,0.822482,0.822482,206.000000,1912.000000,4,9987,9728,60,60,108.234800,3.558600,60,45,5.513500,60,60,44544000,101.879300,3.187300,1,1056366592,1862529024,4,8,1,24848,0,0,0.000000,0.000000
45.538621,1.000188,60,60,0,16.669795,16.880500,17.231700,59.988740,60,1,0,2528,1339,0,3072.000000,1628.000000,0.822917,0.822482,0.822917,0.822917,0.822482,0.822482,206.000000,1912.000000,4,9987,9728,60,60,113.420600,3.869600,60,45,5.537000,60,60,44135424,107.203300,3.495000,1,1056366592,1861132288,4,8,1,24848,0,0,0.000000,0.000000
46.539386,1.000766,60,60,0,16.679427,17.026400,17.190200,59.954099,60,1,0,2528,1339,0,3072.000000,1628.000000,0.822917,0.822482,0.822917,0.822917,0.822482,0.822482,206.000000,1912.000000,4,9987,9728,60,60,100.733300,3.458000,60,45,5.495000,60,60,44227584,94.512700,3.085100,1,1056993280,1861877760,4,8,1,24848,0,0,0.000000,0.000000
47.555064,1.015678,61,61,0,16.650456,16.866500,16.947300,60.058416,61,1,0,2528,1339,0,3072.000000,1628.000000,0.822917,0.822482,0.822917,0.822917,0.822482,0.822482,206.000000,1912.000000,4,9987,9728,61,61,112.579900,3.609200,61,46,5.336900,61,61,44599296,106.553800,3.243500,1,1043382272,1833996288,4,8,1,24848,0,0,0.000000,0.000000
48.555973,1.000909,60,60,0,16.681818,16.889700,17.168100,59.945504,60,1,0,2528,1339,0,3072.000000,1628.000000,0.822917,0.822482,0.822917,0.822917,0.822482,0.822482,206.000000,1912.000000,4,9987,9728,60,60,108.199800,3.745500,60,45,5.462300,60,60,44573184,101.647600,3.372300,1,1043382272,1833996288,4,8,1,24848,0,0,0.000000,0.000000
49.572807,1.016834,61,61,0,16.669408,16.972600,17.379200,59.990132,61,1,1,2528,1339,0,2854.000000,1513.000000,0.885774,0.884997,0.822917,0.885774,0.822482,0.884997,315.000000,1970.000000,4,9987,9728,61,61,125.652600,3.847300,61,46,5.589300,61,61,45258240,119.339300,3.467600,1,1043390464,1833996288,4,8,1,24848,0,0,0.000000,0.000000
50.588743,1.015936,61,61,0,16.654693,16.907200,16.999500,60.043135,61,1,1,2528,1339,0,1695.000000,898.000000,1.491445,1.491091,0.885774,1.491445,0.884997,1.491091,895.000000,2277.000000,4,9987,9728,61,61,142.572600,3.915800,61,45,6.110600,61,61,45281280,135.700900,3.535600,1,1043390464,1833996288,4,8,1,24848,0,0,0.000000,0.000000
51.589554,1.000811,60,60,0,16.680175,16.974400,17.298100,59.951409,60,1,1,2528,1339,0,511.000000,271.000000,4.947162,4.940959,1.491445,4.947162,1.491091,4.940959,1487.000000,2591.000000,4,9987,9728,60,60,130.068900,3.441100,60,45,5.812100,60,60,44089344,123.344300,3.066400,1,1043410944,1833996288,4,8,1,24848,0,0,0.000000,0.000000
52.597706,1.008152,60,60,0,16.802535,16.965600,24.854300,59.514829,60,1,1,2528,1339,0,656.000000,348.000000,3.853659,3.847701,3.853659,4.947162,3.847701,4.940959,1414.000000,2552.000000,4,9987,9728,60,60,132.409900,2.791400,60,45,5.780800,60,60,44544000,125.606700,2.545800,1,1043496960,1834127360,4,8,1,24848,0,0,0.000000,0.000000
53.614457,1.016751,61,61,0,16.668054,16.980300,17.106600,59.995006,61,1,1,2528,1339,0,946.000000,501.000000,2.672304,2.672655,2.672304,3.853659,2.672655,3.847701,1269.000000,2476.000000,4,9987,9728,61,61,133.758200,3.095200,61,46,5.647200,61,61,45235200,127.214900,2.713600,1,1037520896,1834127360,4,8,1,24848,0,0,0.000000,0.000000
54.614595,1.000137,60,60,0,16.668958,16.825800,17.239100,59.991751,60,1,0,2528,1339,0,946.000000,501.000000,2.672304,2.672655,2.672304,2.672304,2.672655,2.672655,1269.000000,2476.000000,4,9987,9728,60,60,123.767600,2.635800,60,45,5.603100,60,60,44528640,117.200100,2.405500,1,1037479936,1836687360,4,8,1,24848,0,0,0.000000,0.000000
55.624949,1.010354,56,56,0,18.042037,34.833000,49.313800,55.426112,56,1,0,2528,1339,0,946.000000,501.000000,2.672304,2.672655,2.672304,2.672304,2.672655,2.672655,1269.000000,2476.000000,4,9987,9728,56,56,127.919600,4.440500,56,39,10.858000,56,56,41819840,115.666700,3.574200,1,1042075648,1840599040,4,8,2,24848,5,5,11.265800,2.498100
56.640888,1.015940,61,61,0,16.654746,16.963000,17.322300,60.042945,61,1,0,2528,1339,0,946.000000,501.000000,2.672304,2.672655,2.672304,2.672304,2.672655,2.672655,1269.000000,2476.000000,4,9987,9728,61,61,138.354500,2.733700,61,45,9.733700,61,61,46451584,126.313500,2.659400,1,1045958656,1845927936,4,8,1,24848,22,22,51.238300,2.673700
57.641784,1.000895,60,60,0,16.681588,17.090100,17.247500,59.946330,59,1,0,2528,1339,0,946.000000,501.000000,2.672304,2.672655,2.672304,2.672304,2.672655,2.672655,1269.000000,2476.000000,4,9987,9728,59,59,129.432500,4.218900,59,42,13.020000,59,59,44986560,115.449200,3.393400,1,1053470720,1852010496,4,8,1,24848,0,0,0.000000,0.000000
58.657366,1.015583,61,61,0,16.648897,17.130100,17.306600,60.064040,60,1,0,2528,1339,0,946.000000,501.000000,2.672304,2.672655,2.672304,2.672304,2.672655,2.672655,1269.000000,2476.000000,4,9987,9728,60,60,136.043100,3.689700,60,43,8.256000,60,60,45574656,125.585700,2.889700,1,1056514048,1856499712,4,8,2,24848,23,23,50.967700,2.601000
59.658371,1.001005,60,60,0,16.683410,17.134300,17.239200,59.939784,60,1,0,2528,1339,0,946.000000,501.000000,2.672304,2.672655,2.672304,2.672304,2.672655,2.672655,1269.000000,2476.000000,4,9987,9728,60,60,134.498500,3.782900,60,43,7.328700,60,60,45808128,124.758500,3.364600,1,1057296384,1857277952,4,8,1,24848,28,28,63.944200,2.693300
60.658719,1.000348,60,60,0,16.672473,17.144500,17.848900,59.979103,60,1,0,2528,1339,0,946.000000,501.000000,2.672304,2.672655,2.672304,2.672304,2.672655,2.672655,1269.000000,2476.000000,4,9987,9728,60,60,131.910800,3.997000,60,43,8.447100,60,60,45776640,122.685300,3.105000,1,1062600704,1860395008,4,8,1,24848,0,0,0.000000,0.000000
61.659357,1.000638,60,60,0,16.677293,17.214800,17.332700,59.961768,60,1,0,2528,1339,0,946.000000,501.000000,2.672304,2.672655,2.672304,2.672304,2.672655,2.672655,1269.000000,2476.000000,4,9987,9728,60,60,110.337300,2.681400,60,43,6.710800,60,60,45337600,101.955000,2.670900,1,1063366656,1861160960,4,8,1,24848,24,24,45.038800,2.545300
62.675881,1.016524,61,61,0,16.664336,17.185300,20.752300,60.008391,60,1,0,2528,1339,0,946.000000,501.000000,2.672304,2.672655,2.672304,2.672304,2.672655,2.672655,1269.000000,2476.000000,4,9987,9728,60,60,133.096200,11.123600,60,44,8.181900,60,60,45653440,123.718500,11.111800,1,1167265792,1862844416,4,8,1,24848,19,19,42.771300,2.530100
63.691999,1.016118,61,61,0,16.657674,17.174200,17.223900,60.032392,61,1,0,2528,1339,0,946.000000,501.000000,2.672304,2.672655,2.672304,2.672304,2.672655,2.672655,1269.000000,2476.000000,4,9987,9728,61,61,133.648200,4.473100,61,48,6.921400,61,61,46495296,125.822100,4.058100,1,1166286848,1865175040,4,8,1,24848,0,0,0.000000,0.000000
64.708466,1.016467,61,61,0,16.663390,17.182200,17.251900,60.011798,61,1,0,2528,1339,0,946.000000,501.000000,2.672304,2.672655,2.672304,2.672304,2.672655,2.672655,1269.000000,2476.000000,4,9987,9728,61,61,142.734000,2.979400,61,43,9.955800,61,61,46640512,129.468900,2.968200,1,1168908288,1867501568,4,8,2,24848,43,43,98.148400,2.884600
65.708750,1.000284,60,60,0,16.671395,17.107600,17.578900,59.982983,59,1,0,2528,1339,0,946.000000,501.000000,2.672304,2.672655,2.672304,2.672304,2.672655,2.672655,1269.000000,2476.000000,4,9987,9728,59,59,131.078200,3.520900,59,43,6.426100,59,59,45006080,122.393000,3.126900,1,1169141760,1869508608,4,8,2,24848,31,31,69.589200,3.010100
66.709566,1.000816,60,60,0,16.680270,17.110900,17.241800,59.951068,60,1,0,2528,1339,0,946.000000,501.000000,2.672304,2.672655,2.672304,2.672304,2.672655,2.672655,1269.000000,2476.000000,4,9987,9728,60,60,127.141100,3.518000,60,42,7.437200,60,60,45758208,118.378100,3.496400,1,1169145856,1869508608,4,8,1,24848,5,5,11.482700,2.437800
67.725873,1.016307,61,61,0,16.660772,17.118100,17.894000,60.021228,59,1,0,2528,1339,0,946.000000,501.000000,2.672304,2.672655,2.672304,2.672304,2.672655,2.672655,1269.000000,2476.000000,4,9987,9728,59,59,140.463700,4.361100,59,43,10.268300,59,59,45498688,129.012400,3.533500,1,1173114880,1874862080,4,8,1,24848,4,4,9.755000,2.554600
68.742149,1.016276,61,61,0,16.660254,17.079600,18.442700,60.023094,61,1,0,2528,1339,0,946.000000,501.000000,2.672304,2.672655,2.672304,2.672304,2.672655,2.672655,1269.000000,2476.000000,4,9987,9728,61,61,129.936200,4.159300,61,43,11.499100,61,61,46704704,117.468300,3.284000,1,1176281088,1878036480,4,8,1,24848,0,0,0.000000,0.000000
69.742452,1.000304,60,60,0,16.671732,17.142800,18.815200,59.981772,60,1,0,2528,1339,0,946.000000,501.000000,2.672304,2.672655,2.672304,2.672304,2.672655,2.672655,1341.000000,2509.000000,4,9987,9728,60,60,130.600800,4.430100,60,44,7.585100,60,60,46105664,121.936600,3.457900,1,1178587136,1880342528,4,8,1,24848,0,0,0.000000,0.000000
70.745978,1.003525,60,60,0,16.725417,17.138700,25.951500,59.789243,60,1,0,2528,1339,0,946.000000,501.000000,2.672304,2.672655,2.672304,2.672304,2.672655,2.672655,1341.000000,2509.000000,4,9987,9728,60,60,131.322100,2.899100,60,44,6.888000,60,60,45395072,122.342900,2.664000,1,1179115520,1877889024,4,8,1,24848,24,24,53.681200,2.646700
71.759865,1.013888,61,61,0,16.621108,17.088800,21.613500,60.164460,60,1,0,2528,1339,0,946.000000,501.000000,2.672304,2.672655,2.672304,2.672304,2.672655,2.672655,1256.000000,2509.000000,4,9987,9728,60,60,124.049800,2.862500,60,44,6.810800,60,60,45717696,115.769800,2.693500,1,1180614656,1879838720,4,8,1,24848,20,20,45.312500,2.555300
72.765621,1.005756,59,59,0,17.046714,17.486700,38.540300,58.662334,16,1,0,2528,1339,0,946.000000,501.000000,2.672304,2.672655,2.672304,2.672304,2.672655,2.672655,1256.000000,2509.000000,4,9987,9728,16,16,36.590400,2.426300,16,12,1.587000,16,16,12164864,34.536900,2.415000,1,1178050560,1877417984,4,8,1,24848,0,0,0.000000,0.000000
73.771247,1.005626,59,59,0,17.044508,17.474400,38.951000,58.669923,0,0,0,0,0,0,0.000000,0.000000,0.000000,0.000000,0.000000,0.000000,0.000000,0.000000,0.000000,0.000000,0,0,0,0,0,0.000000,0.000000,0,0,0.000000,0,0,0,0.000000,0.000000,1,1178542080,1878073344,0,0,0,0,0,0,0.000000,0.000000
