animation_id,engine_section,resources,frames,unique_source_work,unique_model_candidate_work,source_work_shared_with_character
0x1000,monster_quadrant,19,1858,1757,1751,0
0x1003,monster_quadrant,19,1858,1757,1751,0
0x1004,monster_quadrant,19,1858,1757,1751,0
0x1100,monster_quadrant,50,4096,4013,4008,1
0x1101,monster_quadrant,0,0,0,0,0
0x1102,monster_quadrant,50,4096,4013,4008,1
0x1103,monster_quadrant,50,4096,4013,4008,1
0x1104,monster_quadrant,50,4096,4013,4008,1
0x1105,monster_quadrant,0,0,0,0,0
0x1200,multi_new,567,54675,4274,4171,0
0x1201,multi_new,567,54675,4277,4148,0
0x1202,multi_new,567,54675,4279,4170,0
0x1203,multi_new,567,54675,4274,4171,0
0x1204,multi_new,567,54675,4274,4171,0
0x1205,multi_new,567,54675,4274,4171,0
0x1206,multi_new,567,54675,4274,4171,0
0x1207,multi_new,567,54675,4274,4171,0
0x1208,multi_new,567,54675,4274,4171,0
0x1300,multi_new,52,27792,4285,4284,1
0x2000,monster_layered,9,954,786,785,1
0x2100,monster_layered,8,532,277,271,0
0x2200,monster_layered,8,960,870,869,2
0x2300,monster_layered,4,552,552,552,0
0x3000,monster_ankheg,12,516,431,429,0
0x4000,town_static,1,208,208,208,0
0x4001,town_static,0,0,0,0,0
0x4002,town_static,1,104,103,103,0
0x4010,town_static,1,208,208,208,0
0x4012,town_static,1,104,104,104,0
0x4100,town_static,1,208,208,208,0
0x4101,town_static,1,208,208,208,0
0x4102,town_static,1,104,104,104,0
0x4110,town_static,1,208,208,208,0
0x4112,town_static,1,104,104,104,0
0x4200,town_static,1,13,13,13,0
0x4300,town_static,1,18,18,18,0
0x4400,town_static,1,8,8,8,0
0x4410,town_static,1,8,8,8,0
0x4500,town_static,1,8,8,8,0
0x4600,town_static,1,8,8,8,0
0x4700,town_static,1,8,8,8,0
0x4710,town_static,1,8,8,8,0
0x4800,town_static,1,8,8,8,0
0x6400,character_old,12,656,656,656,0
0x6401,character_old,10,608,608,608,0
0x6402,character_old,23,938,938,938,0
0x6403,character_old,22,971,961,960,0
0x6404,character_old,10,616,568,568,0
0x6405,character_old,22,936,40,0,0
0x6406,character_old,22,936,40,0,0
0x6621,character_old,0,0,0,0,0
0x7000,monster_old,4,304,304,304,0
0x7001,monster_old,4,384,384,384,0
0x7100,monster_old,4,360,360,360,0
0x7101,monster_old,4,360,360,360,0
0x7200,monster_old,6,404,404,404,0
0x7201,monster_old,6,404,404,404,0
0x7202,monster_old,6,404,404,404,0
0x7203,monster_old,6,404,404,404,0
0x7300,monster,14,6401,965,964,1
0x7301,monster,13,6399,966,965,1
0x7302,monster,14,6401,965,964,1
0x7310,monster,14,5888,921,920,0
0x7311,monster,13,5886,920,918,0
0x7312,monster,14,5888,921,920,0
0x7313,monster,13,5886,920,918,0
0x7314,monster,14,5888,921,920,0
0x7320,monster,13,7137,1047,1044,1
0x7321,monster,13,7137,1047,1044,1
0x7400,monster_old,4,272,272,272,0
0x7401,monster_old,4,272,272,272,0
0x7402,monster_old,4,272,272,272,0
0x7500,monster_old,4,352,352,352,0
0x7501,monster_old,4,352,352,352,0
0x7600,monster_old,4,376,376,376,0
0x7601,monster_old,4,352,352,352,0
0x7602,monster_old,5,402,402,402,0
0x7603,monster_old,4,272,272,272,0
0x7604,monster_old,5,402,402,402,0
0x7700,monster_old,4,352,352,352,0
0x7701,monster_old,4,352,352,352,0
0x7702,monster_old,4,352,352,352,0
0x7703,monster,13,5823,864,863,1
0x7800,monster_old,4,304,304,304,0
0x7801,monster_old,4,304,304,304,0
0x7802,monster_old,5,481,394,394,0
0x7900,monster_old,5,481,394,394,0
0x7901,monster_old,5,481,394,394,0
0x7902,monster_old,5,481,394,394,0
0x7903,monster_old,5,481,394,394,0
0x7904,monster_old,5,481,394,394,0
0x7A00,monster_old,5,402,402,402,0
0x7A01,monster_old,5,402,402,402,0
0x7A02,monster_old,5,402,402,402,0
0x7A03,monster_old,5,402,402,402,0
0x7A04,monster_old,5,402,402,402,0
0x7B00,monster_old,6,384,322,322,0
0x7B01,monster_old,6,384,322,322,0
0x7B02,monster_old,6,384,322,322,0
0x7B03,monster_old,6,384,322,322,0
0x7B04,monster_old,6,384,322,322,0
0x7B05,monster_old,6,384,322,322,0
0x7B06,monster_old,4,380,320,320,0
0x7C00,monster_old,4,288,288,288,0
0x7C01,monster_old,4,320,320,320,0
0x7D00,monster_old,4,560,560,560,0
0x7D01,monster_old,0,0,0,0,0
0x7D02,monster_old,0,0,0,0,0
0x7D03,monster_old,0,0,0,0,0
0x7D04,monster_old,0,0,0,0,0
0x7D05,monster_old,0,0,0,0,0
0x7D06,monster_old,0,0,0,0,0
0x7D07,monster_old,0,0,0,0,0
0x7D08,monster_old,0,0,0,0,0
0x7E00,monster_old,4,496,489,489,0
0x7E01,monster_old,5,498,498,498,0
0x7F00,monster,34,6676,2132,2131,1
0x7F01,monster,34,6266,2073,2072,1
0x7F02,monster,13,6831,1053,1052,1
0x7F03,monster,13,5247,775,774,1
0x7F04,monster,14,5996,939,938,1
0x7F05,monster,13,8316,1234,1226,1
0x7F06,monster,13,8154,1181,1171,1
0x7F07,monster,13,5994,891,890,1
0x7F08,monster,13,6426,991,990,1
0x7F09,monster,19,10386,4326,4325,1
0x7F0A,monster,13,5940,928,927,1
0x7F0B,monster,13,5940,921,920,1
0x7F0C,monster,19,11853,4771,4769,1
0x7F0D,monster,13,6912,854,853,1
0x7F0E,monster,13,6318,946,945,1
0x7F0F,monster,13,5220,802,801,1
0x7F10,monster,17,12204,4212,4210,1
0x7F11,monster,13,6156,914,913,1
0x7F12,monster,13,7614,1144,1143,1
0x7F13,monster,13,7875,1018,1017,1
0x7F14,monster,13,8307,1138,1137,1
0x7F15,monster,13,6831,1044,1043,1
0x7F16,monster,13,3123,505,504,1
0x7F17,monster,13,5265,410,409,1
0x7F18,monster,13,6903,631,630,1
0x7F19,monster,13,5076,759,758,1
0x7F20,monster,13,5265,523,522,1
0x7F21,monster,13,5535,438,437,1
0x7F22,monster,13,8100,1243,1242,1
0x7F23,monster,19,10386,4357,4356,1
0x7F24,monster,13,5814,910,909,1
0x7F27,monster,13,9144,1360,1359,1
0x7F28,monster,19,11691,4699,4697,2
0x7F29,monster,13,5319,685,684,1
0x7F2A,monster,13,5778,865,864,1
0x7F2B,monster,0,0,0,0,0
0x7F2C,monster,13,6408,973,972,1
0x7F2D,monster,13,3996,585,584,1
0x7F2E,monster,13,8154,1225,1224,1
0x7F2F,monster,13,2898,443,442,1
0x7F30,monster,13,8100,1243,1242,1
0x7F31,monster,15,6363,1252,1251,1
0x7F32,monster,14,8210,1263,1262,1
0x7F33,monster,0,0,0,0,0
0x7F34,monster,0,0,0,0,0
0x7F35,monster,13,6633,982,981,1
0x7F36,monster,13,9108,1387,1386,1
0x7F37,monster,13,7776,1189,1188,1
0x7F38,monster,2,270,135,135,0
0x7F39,monster,2,80,40,40,0
0x7F3A,monster,13,7362,1099,1098,1
0x7F3B,monster,17,10305,3496,3493,1
0x7F3C,monster,17,10305,3496,3493,1
0x7F3D,monster,3,2549,2549,2549,0
0x7F3E,monster,27,9441,4225,4224,0
0x7F3F,monster,27,9441,4225,4224,0
0x7F40,monster,13,5940,889,888,1
0x7F41,monster,13,8154,1181,1171,1
0x7F42,monster,13,7362,1099,1098,1
0x7F43,monster,13,6426,991,990,1
0x7F44,monster,0,0,0,0,0
0x7F45,monster,2,1098,1098,1098,0
0x7F46,monster,2,1071,1050,1050,0
0x7F47,monster,0,0,0,0,0
0x7F48,monster,0,0,0,0,0
0x7F49,monster,0,0,0,0,0
0x7F4A,monster,0,0,0,0,0
0x7F4B,monster,0,0,0,0,0
0x7F4C,monster,0,0,0,0,0
0x7F4D,monster,0,0,0,0,0
0x7F4E,monster,0,0,0,0,0
0x7F4F,monster,0,0,0,0,0
0x7F50,monster,2,80,40,40,0
0x7F51,monster,2,80,40,40,0
0x7F52,monster,13,5778,865,864,1
0x7F53,monster,13,5778,865,864,1
0x7F54,monster,13,5778,865,864,1
0x7F55,monster,13,6408,973,972,1
0x7F56,monster,0,0,0,0,0
0x7F57,monster,0,0,0,0,0
0x7F58,monster,0,0,0,0,0
0x7F59,monster,0,0,0,0,0
0x7F5A,monster,0,0,0,0,0
0x7F5B,monster,0,0,0,0,0
0x7F5C,monster,0,0,0,0,0
0x7F5D,monster,0,0,0,0,0
0x7F5E,monster,0,0,0,0,0
0x7F5F,monster,0,0,0,0,0
0x7F60,monster,13,7875,1018,1017,1
0x7F61,monster,0,0,0,0,0
0x7F62,monster,0,0,0,0,0
0x8000,monster_layered,13,1090,1090,1090,0
0x8100,monster_layered,12,1152,1152,1152,0
0x8200,monster_layered,12,1272,1032,1032,1
0x9000,monster_large,7,434,434,434,0
0xA000,monster_large16,19,1858,1757,1751,0
0xA100,monster_large16,6,536,536,536,0
0xA200,monster_large16,19,1858,1757,1751,0
0xA201,monster_large16,0,0,0,0,0
0xA202,monster_large16,0,0,0,0,0
0xB000,ambient_static,2,44,44,44,0
0xB100,ambient_static,2,44,44,44,0
0xB200,ambient_static,2,96,96,96,0
0xB210,ambient_static,2,96,96,96,0
0xB300,ambient_static,2,96,96,96,0
0xB310,ambient_static,2,96,96,96,0
0xB400,ambient_static,2,96,96,96,0
0xB410,ambient_static,2,96,96,96,0
0xB500,ambient_static,2,96,96,96,0
0xB510,ambient_static,2,96,96,96,0
0xB600,ambient_static,2,96,96,96,0
0xB610,ambient_static,2,96,96,96,0
0xB700,ambient_static,2,96,96,96,0
0xC000,ambient,2,104,104,104,0
0xC100,ambient,2,144,144,144,0
0xC200,ambient,2,100,90,90,0
0xC300,ambient,3,50,50,50,0
0xC400,ambient,3,70,66,66,0
0xC500,ambient,2,104,104,104,0
0xC600,ambient,2,192,192,192,0
0xC610,ambient,2,192,192,192,0
0xC700,ambient,2,192,192,192,0
0xC710,ambient,2,192,192,192,0
0xC800,ambient,2,192,192,192,0
0xC810,ambient,2,192,192,192,0
0xC900,ambient,2,192,192,192,0
0xC910,ambient,2,192,192,192,0
0xCA00,ambient,2,192,192,192,0
0xCA10,ambient,2,192,192,192,0
0xCB00,ambient,2,192,192,192,0
0xCC00,ambient,0,0,0,0,0
0xCC01,ambient,0,0,0,0,0
0xCC02,ambient,0,0,0,0,0
0xCC04,ambient,3,50,50,50,0
0xD000,flying,1,63,63,63,0
0xD100,flying,1,72,72,72,0
0xD200,flying,1,72,72,72,0
0xD300,flying,1,36,36,36,0
0xD400,flying,1,36,36,36,0
0xE000,monster_icewind,0,0,0,0,0
0xE010,monster_icewind,20,1288,1288,1288,0
0xE020,monster_icewind,50,4096,4013,4008,1
0xE040,monster_icewind,0,0,0,0,0
0xE050,monster_icewind,24,1704,1704,1704,0
0xE060,monster_icewind,13,6912,854,853,1
0xE070,monster_icewind,34,6266,2073,2072,1
0xE080,monster_icewind,24,1672,1672,1672,0
0xE090,monster_icewind,50,4096,4013,4008,1
0xE0A0,monster_icewind,0,0,0,0,0
0xE0B0,monster_icewind,34,6676,2132,2131,1
0xE0C0,monster_icewind,0,0,0,0,0
0xE0D0,monster_icewind,13,6156,914,913,1
0xE0E0,monster_icewind,24,1464,1312,1312,0
0xE0F0,monster_icewind,20,1216,1216,1216,0
0xE0F1,monster_icewind,24,1448,1192,1192,0
0xE0F2,monster_icewind,26,2008,1945,1944,0
0xE200,monster_icewind,0,0,0,0,0
0xE210,monster_icewind,0,0,0,0,0
0xE220,monster_icewind,0,0,0,0,0
0xE230,monster_icewind,0,0,0,0,0
0xE240,monster_icewind,0,0,0,0,0
0xE241,monster_icewind,0,0,0,0,0
0xE242,monster_icewind,0,0,0,0,0
0xE243,monster_icewind,0,0,0,0,0
0xE244,monster_icewind,0,0,0,0,0
0xE245,monster_icewind,0,0,0,0,0
0xE246,monster_icewind,0,0,0,0,0
0xE247,monster_icewind,0,0,0,0,0
0xE248,monster_icewind,0,0,0,0,0
0xE249,monster_icewind,0,0,0,0,0
0xE24A,monster_icewind,0,0,0,0,0
0xE24B,monster_icewind,0,0,0,0,0
0xE24C,monster_icewind,0,0,0,0,0
0xE24D,monster_icewind,0,0,0,0,0
0xE24E,monster_icewind,0,0,0,0,0
0xE24F,monster_icewind,0,0,0,0,0
0xE250,monster_icewind,0,0,0,0,0
0xE251,monster_icewind,0,0,0,0,0
0xE252,monster_icewind,0,0,0,0,0
0xE253,monster_icewind,0,0,0,0,0
0xE254,monster_icewind,0,0,0,0,0
0xE255,monster_icewind,0,0,0,0,0
0xE259,monster_icewind,0,0,0,0,0
0xE25A,monster_icewind,0,0,0,0,0
0xE25B,monster_icewind,0,0,0,0,0
0xE25C,monster_icewind,0,0,0,0,0
0xE25D,monster_icewind,0,0,0,0,0
0xE25E,monster_icewind,0,0,0,0,0
0xE25F,monster_icewind,0,0,0,0,0
0xE260,monster_icewind,0,0,0,0,0
0xE261,monster_icewind,19,10386,4326,4325,1
0xE262,monster_icewind,19,10386,4357,4356,1
0xE263,monster_icewind,0,0,0,0,0
0xE264,monster_icewind,0,0,0,0,0
0xE265,monster_icewind,24,1488,1112,1112,0
0xE266,monster_icewind,0,0,0,0,0
0xE267,monster_icewind,0,0,0,0,0
0xE26A,monster_icewind,0,0,0,0,0
0xE26B,monster_icewind,0,0,0,0,0
0xE26D,monster_icewind,0,0,0,0,0
0xE26E,monster_icewind,0,0,0,0,0
0xE26F,monster_icewind,0,0,0,0,0
0xE270,monster_icewind,0,0,0,0,0
0xE271,monster_icewind,0,0,0,0,0
0xE272,monster_icewind,0,0,0,0,0
0xE273,monster_icewind,0,0,0,0,0
0xE274,monster_icewind,0,0,0,0,0
0xE276,monster_icewind,0,0,0,0,0
0xE279,monster_icewind,0,0,0,0,0
0xE27D,monster_icewind,0,0,0,0,0
0xE27E,monster_icewind,0,0,0,0,0
0xE27F,monster_icewind,24,1488,1112,1112,0
0xE280,monster_icewind,0,0,0,0,0
0xE281,monster_icewind,0,0,0,0,0
0xE282,monster_icewind,0,0,0,0,0
0xE283,monster_icewind,0,0,0,0,0
0xE288,monster_icewind,0,0,0,0,0
0xE289,monster_icewind,0,0,0,0,0
0xE28A,monster_icewind,34,6676,2132,2131,1
0xE28B,monster_icewind,0,0,0,0,0
0xE28C,monster_icewind,0,0,0,0,0
0xE28D,monster_icewind,0,0,0,0,0
0xE28E,monster_icewind,0,0,0,0,0
0xE28F,monster_icewind,0,0,0,0,0
0xE290,monster_icewind,0,0,0,0,0
0xE291,monster_icewind,0,0,0,0,0
0xE292,monster_icewind,20,1288,1288,1288,0
0xE293,monster_icewind,0,0,0,0,0
0xE294,monster_icewind,0,0,0,0,0
0xE300,monster_icewind,0,0,0,0,0
0xE310,monster_icewind,0,0,0,0,0
0xE320,monster_icewind,0,0,0,0,0
0xE400,monster_icewind,20,1528,1528,1528,0
0xE410,monster_icewind,20,1376,1376,1376,0
0xE420,monster_icewind,20,1480,1480,1480,0
0xE430,monster_icewind,20,1256,1256,1256,0
0xE440,monster_icewind,0,0,0,0,0
0xE441,monster_icewind,0,0,0,0,0
0xE442,monster_icewind,0,0,0,0,0
0xE443,monster_icewind,0,0,0,0,0
0xE444,monster_icewind,0,0,0,0,0
0xE500,monster_icewind,84,6136,6135,6135,0
0xE510,monster_icewind,0,0,0,0,0
0xE520,monster_icewind,0,0,0,0,0
0xE600,monster_icewind,24,1544,1544,1544,0
0xE610,monster_icewind,24,1544,1544,1544,0
0xE700,monster_icewind,20,1200,1184,1184,0
0xE710,monster_icewind,20,1208,1192,1192,0
0xE720,monster_icewind,22,1328,1328,1328,0
0xE800,monster_icewind,20,1216,1216,1216,0
0xE810,monster_icewind,20,1360,1360,1360,0
0xE820,monster_icewind,20,1264,1264,1264,0
0xE830,monster_icewind,20,1384,1384,1384,0
0xE840,monster_icewind,24,1707,1600,1600,0
0xE900,monster_icewind,21,1146,1138,1138,0
0xE910,monster_icewind,20,1144,1136,1136,0
0xEA00,monster_icewind,22,960,957,957,0
0xEA10,monster_icewind,0,0,0,0,0
0xEA20,monster_icewind,0,0,0,0,0
0xEB00,monster_icewind,64,4392,4374,4374,0
0xEB10,monster_icewind,68,5208,5144,5144,0
0xEB20,monster_icewind,22,1657,1548,1548,0
0xEC00,monster_icewind,0,0,0,0,0
0xEC10,monster_icewind,0,0,0,0,0
0xEC20,monster_icewind,0,0,0,0,0
0xED00,monster_icewind,84,5960,4759,4759,0
0xED10,monster_icewind,84,5960,4760,4760,0
0xED20,monster_icewind,22,1512,1512,1512,0
0xEE00,monster_icewind,0,0,0,0,0
0xEE10,monster_icewind,0,0,0,0,0
0xEF10,monster_icewind,20,1096,677,673,0
