asset_key,relation,dependency_resref,dependency_format,present,source_bif
ui-resource:bam:1CHELM06,texture-page,MOS0000,PVRZ,yes,data/bgee.bif
ui-resource:bam:BUYBUTT,texture-page,MOS0018,PVRZ,yes,data/bgee.bif
ui-resource:bam:CAMUL11,texture-page,MOS0019,PVRZ,yes,data/bgee.bif
ui-resource:bam:CAROW14,texture-page,MOS0021,PVRZ,yes,data/bgee.bif
ui-resource:bam:CBLUN03,texture-page,MOS0024,PVRZ,yes,data/bgee.bif
ui-resource:bam:CBLUN16,texture-page,MOS0026,PVRZ,yes,data/bgee.bif
ui-resource:bam:CBLUN19,texture-page,MOS0027,PVRZ,yes,data/bgee.bif
ui-resource:bam:CBRAC11,texture-page,MOS0033,PVRZ,yes,data/bgee.bif
ui-resource:bam:CFLAM01,texture-page,MOS0043,PVRZ,yes,data/bgee.bif
ui-resource:bam:CHAMM09,texture-page,MOS0045,PVRZ,yes,data/bgee.bif
ui-resource:bam:CHATHIST,texture-page,MOS0045,PVRZ,yes,data/bgee.bif
ui-resource:bam:CHELM02,texture-page,MOS0045,PVRZ,yes,data/bgee.bif
ui-resource:bam:CHELM05A,texture-page,MOS0046,PVRZ,yes,data/bgee.bif
ui-resource:bam:CHELM05B,texture-page,MOS0046,PVRZ,yes,data/bgee.bif
ui-resource:bam:CHELM05C,texture-page,MOS0046,PVRZ,yes,data/bgee.bif
ui-resource:bam:CHELM06,texture-page,MOS0046,PVRZ,yes,data/bgee.bif
ui-resource:bam:CHELM19,texture-page,MOS0047,PVRZ,yes,data/bgee.bif
ui-resource:bam:CHTICN,texture-page,MOS0047,PVRZ,yes,data/bgee.bif
ui-resource:bam:CLEAT06,texture-page,MOS0050,PVRZ,yes,data/bgee.bif
ui-resource:bam:CMISC04,texture-page,MOS0052,PVRZ,yes,data/bgee.bif
ui-resource:bam:CMISC05,texture-page,MOS0052,PVRZ,yes,data/bgee.bif
ui-resource:bam:CMISC14,texture-page,MOS0052,PVRZ,yes,data/bgee.bif
ui-resource:bam:CMISC1B,texture-page,MOS0053,PVRZ,yes,data/bgee.bif
ui-resource:bam:CMISC2H,texture-page,MOS0054,PVRZ,yes,data/bgee.bif
ui-resource:bam:CMISC3G,texture-page,MOS0055,PVRZ,yes,data/bgee.bif
ui-resource:bam:CMISC3G,texture-page,MOS0056,PVRZ,yes,data/bgee.bif
ui-resource:bam:CMISC46,texture-page,MOS0057,PVRZ,yes,data/bgee.bif
ui-resource:bam:CMISC5G,texture-page,MOS0061,PVRZ,yes,data/bgee.bif
ui-resource:bam:CMISC7,texture-page,MOS0066,PVRZ,yes,data/bgee.bif
ui-resource:bam:CMISC7W,texture-page,MOS0068,PVRZ,yes,data/bgee.bif
ui-resource:bam:CMISCA1,texture-page,MOS0074,PVRZ,yes,data/bgee.bif
ui-resource:bam:CMISCA1,texture-page,MOS0075,PVRZ,yes,data/bgee.bif
ui-resource:bam:CMISCBZ,texture-page,MOS0078,PVRZ,yes,data/bgee.bif
ui-resource:bam:CMISCF,texture-page,MOS0078,PVRZ,yes,data/bgee.bif
ui-resource:bam:COADBAR_,texture-page,MOS0079,PVRZ,yes,data/bgee.bif
ui-resource:bam:COADCNTR,texture-page,MOS0079,PVRZ,yes,data/bgee.bif
ui-resource:bam:CONTBACK,texture-page,MOS0082,PVRZ,yes,data/bgee.bif
ui-resource:bam:CPEN,texture-page,MOS0082,PVRZ,yes,data/bgee.bif
ui-resource:bam:CPOTN01,texture-page,MOS0084,PVRZ,yes,data/bgee.bif
ui-resource:bam:CQUIV01,texture-page,MOS0085,PVRZ,yes,data/bgee.bif
ui-resource:bam:CQUIV02,texture-page,MOS0085,PVRZ,yes,data/bgee.bif
ui-resource:bam:CRING24,texture-page,MOS0086,PVRZ,yes,data/bgee.bif
ui-resource:bam:CSACK01,texture-page,MOS0087,PVRZ,yes,data/bgee.bif
ui-resource:bam:CSHAM01,texture-page,MOS0087,PVRZ,yes,data/bgee.bif
ui-resource:bam:CSHAM01,texture-page,MOS0088,PVRZ,yes,data/bgee.bif
ui-resource:bam:CSHIL01,texture-page,MOS0088,PVRZ,yes,data/bgee.bif
ui-resource:bam:CSHLD24,texture-page,MOS0089,PVRZ,yes,data/bgee.bif
ui-resource:bam:CSHLD24,texture-page,MOS0090,PVRZ,yes,data/bgee.bif
ui-resource:bam:CSHLD26,texture-page,MOS0090,PVRZ,yes,data/bgee.bif
ui-resource:bam:CSTAF11,texture-page,MOS0092,PVRZ,yes,data/bgee.bif
ui-resource:bam:CSTAF20,texture-page,MOS0093,PVRZ,yes,data/bgee.bif
ui-resource:bam:CSW1H55,texture-page,MOS0097,PVRZ,yes,data/bgee.bif
ui-resource:bam:CSW1HB3,texture-page,MOS0097,PVRZ,yes,data/bgee.bif
ui-resource:bam:CWAND01,texture-page,MOS0099,PVRZ,yes,data/bgee.bif
ui-resource:bam:CWAND15,texture-page,MOS0100,PVRZ,yes,data/bgee.bif
ui-resource:bam:CXBOW11,texture-page,MOS0101,PVRZ,yes,data/bgee.bif
ui-resource:bam:DONATE,texture-page,MOS0103,PVRZ,yes,data/bgee.bif
ui-resource:bam:DONATE,texture-page,MOS0104,PVRZ,yes,data/bgee.bif
ui-resource:bam:FLAG1,texture-page,MOS0104,PVRZ,yes,data/bgee.bif
ui-resource:bam:FORM0,texture-page,MOS0104,PVRZ,yes,data/bgee.bif
ui-resource:bam:FORM1,texture-page,MOS0104,PVRZ,yes,data/bgee.bif
ui-resource:bam:FORM2,texture-page,MOS0104,PVRZ,yes,data/bgee.bif
ui-resource:bam:FORM3,texture-page,MOS0104,PVRZ,yes,data/bgee.bif
ui-resource:bam:FORM4,texture-page,MOS0104,PVRZ,yes,data/bgee.bif
ui-resource:bam:FORM5,texture-page,MOS0104,PVRZ,yes,data/bgee.bif
ui-resource:bam:FORM6,texture-page,MOS0104,PVRZ,yes,data/bgee.bif
ui-resource:bam:FORM7,texture-page,MOS0104,PVRZ,yes,data/bgee.bif
ui-resource:bam:FORM8,texture-page,MOS0104,PVRZ,yes,data/bgee.bif
ui-resource:bam:FORM9,texture-page,MOS0104,PVRZ,yes,data/bgee.bif
ui-resource:bam:FORMA,texture-page,MOS0104,PVRZ,yes,data/bgee.bif
ui-resource:bam:FORMB,texture-page,MOS0104,PVRZ,yes,data/bgee.bif
ui-resource:bam:GUIBTB10,texture-page,MOS0113,PVRZ,yes,data/bgee.bif
ui-resource:bam:GUIBTBUT,texture-page,MOS0113,PVRZ,yes,data/bgee.bif
ui-resource:bam:GUICHFAT,texture-page,MOS0115,PVRZ,yes,data/bgee.bif
ui-resource:bam:GUICHMID,texture-page,MOS0117,PVRZ,yes,data/bgee.bif
ui-resource:bam:GUICHSHT,texture-page,MOS0117,PVRZ,yes,data/bgee.bif
ui-resource:bam:GUICHSHT,texture-page,MOS0118,PVRZ,yes,data/bgee.bif
ui-resource:bam:GUIDIFF,texture-page,MOS0129,PVRZ,yes,data/bgee.bif
ui-resource:bam:GUIDIFFS,texture-page,MOS0129,PVRZ,yes,data/bgee.bif
ui-resource:bam:GUIGEND1,texture-page,MOS0134,PVRZ,yes,data/bgee.bif
ui-resource:bam:GUIGOLD,texture-page,MOS0134,PVRZ,yes,data/bgee.bif
ui-resource:bam:GUIMTAB,texture-page,MOS0152,PVRZ,yes,data/bgee.bif
ui-resource:bam:GUIOSGEM,texture-page,MOS0152,PVRZ,yes,data/bgee.bif
ui-resource:bam:GUIOSTLL,texture-page,MOS0152,PVRZ,yes,data/bgee.bif
ui-resource:bam:GUIOSTLR,texture-page,MOS0152,PVRZ,yes,data/bgee.bif
ui-resource:bam:GUIOSTSM,texture-page,MOS0152,PVRZ,yes,data/bgee.bif
ui-resource:bam:GUIOSTUM,texture-page,MOS0152,PVRZ,yes,data/bgee.bif
ui-resource:bam:GUIOSW,texture-page,MOS0153,PVRZ,yes,data/bgee.bif
ui-resource:bam:GUIPNL10,texture-page,MOS0153,PVRZ,yes,data/bgee.bif
ui-resource:bam:GUIPNL1D,texture-page,MOS0153,PVRZ,yes,data/bgee.bif
ui-resource:bam:GUIPRC,texture-page,MOS0154,PVRZ,yes,data/bgee.bif
ui-resource:bam:GUIPRTC,texture-page,MOS0155,PVRZ,yes,data/bgee.bif
ui-resource:bam:GUIRSP20,texture-page,MOS0157,PVRZ,yes,data/bgee.bif
ui-resource:bam:GUIRSPOR,texture-page,MOS0157,PVRZ,yes,data/bgee.bif
ui-resource:bam:GUISCRC,texture-page,MOS0157,PVRZ,yes,data/bgee.bif
ui-resource:bam:GUISCRP,texture-page,MOS0157,PVRZ,yes,data/bgee.bif
ui-resource:bam:GUISPBCK,texture-page,MOS0161,PVRZ,yes,data/bgee.bif
ui-resource:bam:GUISTBBC,texture-page,MOS0164,PVRZ,yes,data/bgee.bif
ui-resource:bam:GUISTMPC,texture-page,MOS0166,PVRZ,yes,data/bgee.bif
ui-resource:bam:GUISV10,texture-page,MOS0167,PVRZ,yes,data/bgee.bif
ui-resource:bam:GUISVRB,texture-page,MOS0167,PVRZ,yes,data/bgee.bif
ui-resource:bam:GUMPBUTX,texture-page,MOS0176,PVRZ,yes,data/bgee.bif
ui-resource:bam:GUMPBUTX,texture-page,MOS0177,PVRZ,yes,data/bgee.bif
ui-resource:bam:HIGHLGHT,texture-page,MOS0179,PVRZ,yes,data/bgee.bif
ui-resource:bam:INVBUT,texture-page,MOS0180,PVRZ,yes,data/bgee.bif
ui-resource:bam:LOGOSOA,texture-page,MOS0181,PVRZ,yes,data/bgee.bif
ui-resource:bam:LOGOTBP,texture-page,MOS0181,PVRZ,yes,data/bgee.bif
ui-resource:bam:LOGOTBP,texture-page,MOS0182,PVRZ,yes,data/bgee.bif
ui-resource:bam:LOGOTOB,texture-page,MOS0182,PVRZ,yes,data/bgee.bif
ui-resource:bam:LOGOTOB,texture-page,MOS0183,PVRZ,yes,data/bgee.bif
ui-resource:bam:MAPBUT,texture-page,MOS0185,PVRZ,yes,data/bgee.bif
ui-resource:bam:MAPICONS,texture-page,MOS0185,PVRZ,yes,data/bgee.bif
ui-resource:bam:MAPICONS,texture-page,MOS0186,PVRZ,yes,data/bgee.bif
ui-resource:bam:MAPICONS,texture-page,MOS0187,PVRZ,yes,data/bgee.bif
ui-resource:bam:MAPICONS,texture-page,MOS0188,PVRZ,yes,data/bgee.bif
ui-resource:bam:MAPICONS,texture-page,MOS0189,PVRZ,yes,data/bgee.bif
ui-resource:bam:MAPICONS,texture-page,MOS0190,PVRZ,yes,data/bgee.bif
ui-resource:bam:MAPICONS,texture-page,MOS0191,PVRZ,yes,data/bgee.bif
ui-resource:bam:MAPICONS,texture-page,MOS0192,PVRZ,yes,data/bgee.bif
ui-resource:bam:MAPICONS,texture-page,MOS0193,PVRZ,yes,data/bgee.bif
ui-resource:bam:MAPICONS,texture-page,MOS0194,PVRZ,yes,data/bgee.bif
ui-resource:bam:MAPICONS,texture-page,MOS0195,PVRZ,yes,data/bgee.bif
ui-resource:bam:MAPICONS,texture-page,MOS0196,PVRZ,yes,data/bgee.bif
ui-resource:bam:MAPICONS,texture-page,MOS0197,PVRZ,yes,data/bgee.bif
ui-resource:bam:MAPICONS,texture-page,MOS0198,PVRZ,yes,data/bgee.bif
ui-resource:bam:MAPICONS,texture-page,MOS0199,PVRZ,yes,data/bgee.bif
ui-resource:bam:MAPICONS,texture-page,MOS0200,PVRZ,yes,data/bgee.bif
ui-resource:bam:MAPICONS,texture-page,MOS0201,PVRZ,yes,data/bgee.bif
ui-resource:bam:MAPICONS,texture-page,MOS0202,PVRZ,yes,data/bgee.bif
ui-resource:bam:MAPICONS,texture-page,MOS0203,PVRZ,yes,data/bgee.bif
ui-resource:bam:MAPICONS,texture-page,MOS0204,PVRZ,yes,data/bgee.bif
ui-resource:bam:MAPICONS,texture-page,MOS0205,PVRZ,yes,data/bgee.bif
ui-resource:bam:MAPICONS,texture-page,MOS0206,PVRZ,yes,data/bgee.bif
ui-resource:bam:MAPICONS,texture-page,MOS0207,PVRZ,yes,data/bgee.bif
ui-resource:bam:MAPICONS,texture-page,MOS0208,PVRZ,yes,data/bgee.bif
ui-resource:bam:MAPICONS,texture-page,MOS0209,PVRZ,yes,data/bgee.bif
ui-resource:bam:MAPICONS,texture-page,MOS0210,PVRZ,yes,data/bgee.bif
ui-resource:bam:MAPICONS,texture-page,MOS0211,PVRZ,yes,data/bgee.bif
ui-resource:bam:MAPICONS,texture-page,MOS0212,PVRZ,yes,data/bgee.bif
ui-resource:bam:MAPICONS,texture-page,MOS0213,PVRZ,yes,data/bgee.bif
ui-resource:bam:MAPICONS,texture-page,MOS0214,PVRZ,yes,data/bgee.bif
ui-resource:bam:MAPICONS,texture-page,MOS0215,PVRZ,yes,data/bgee.bif
ui-resource:bam:MAPICONS,texture-page,MOS0216,PVRZ,yes,data/bgee.bif
ui-resource:bam:MAPICONS,texture-page,MOS0217,PVRZ,yes,data/bgee.bif
ui-resource:bam:MAPICONS,texture-page,MOS0218,PVRZ,yes,data/bgee.bif
ui-resource:bam:MAPICONS,texture-page,MOS0219,PVRZ,yes,data/bgee.bif
ui-resource:bam:MAPICONS,texture-page,MOS0220,PVRZ,yes,data/bgee.bif
ui-resource:bam:MAPICONS,texture-page,MOS0221,PVRZ,yes,data/bgee.bif
ui-resource:bam:MAPICONS,texture-page,MOS0222,PVRZ,yes,data/bgee.bif
ui-resource:bam:MAPICONS,texture-page,MOS0223,PVRZ,yes,data/bgee.bif
ui-resource:bam:MAPICONS,texture-page,MOS0224,PVRZ,yes,data/bgee.bif
ui-resource:bam:MAPICONS,texture-page,MOS0225,PVRZ,yes,data/bgee.bif
ui-resource:bam:MAPICONS,texture-page,MOS0226,PVRZ,yes,data/bgee.bif
ui-resource:bam:MAPICONS,texture-page,MOS0227,PVRZ,yes,data/bgee.bif
ui-resource:bam:MAPICONS,texture-page,MOS0228,PVRZ,yes,data/bgee.bif
ui-resource:bam:MAPICONS,texture-page,MOS0229,PVRZ,yes,data/bgee.bif
ui-resource:bam:MAPICONS,texture-page,MOS0230,PVRZ,yes,data/bgee.bif
ui-resource:bam:MAPICONS,texture-page,MOS0231,PVRZ,yes,data/bgee.bif
ui-resource:bam:MAPICONS,texture-page,MOS0232,PVRZ,yes,data/bgee.bif
ui-resource:bam:MAPICONS,texture-page,MOS0233,PVRZ,yes,data/bgee.bif
ui-resource:bam:MAPICONS,texture-page,MOS0234,PVRZ,yes,data/bgee.bif
ui-resource:bam:MAPICONS,texture-page,MOS0235,PVRZ,yes,data/bgee.bif
ui-resource:bam:MAPICONS,texture-page,MOS0236,PVRZ,yes,data/bgee.bif
ui-resource:bam:MAPICONS,texture-page,MOS0237,PVRZ,yes,data/bgee.bif
ui-resource:bam:MAPICONS,texture-page,MOS0238,PVRZ,yes,data/bgee.bif
ui-resource:bam:MAPICONS,texture-page,MOS0239,PVRZ,yes,data/bgee.bif
ui-resource:bam:MAPICONS,texture-page,MOS0240,PVRZ,yes,data/bgee.bif
ui-resource:bam:MAPICONS,texture-page,MOS0241,PVRZ,yes,data/bgee.bif
ui-resource:bam:MAPICONS,texture-page,MOS0242,PVRZ,yes,data/bgee.bif
ui-resource:bam:NUMBER2,texture-page,MOS0243,PVRZ,yes,data/bgee.bif
ui-resource:bam:NUMBER3,texture-page,MOS0243,PVRZ,yes,data/bgee.bif
ui-resource:bam:OHNCROB3,texture-page,MOS0248,PVRZ,yes,data/bgee.bif
ui-resource:bam:OHNKEY01,texture-page,MOS0249,PVRZ,yes,data/bgee.bif
ui-resource:bam:OHRCBLT3,texture-page,MOS0250,PVRZ,yes,data/bgee.bif
ui-resource:bam:OHSWREAV,texture-page,MOS0252,PVRZ,yes,data/bgee.bif
ui-resource:bam:SGRASPA,texture-page,MOS0256,PVRZ,yes,data/bgee.bif
ui-resource:bam:SGRASPB,texture-page,MOS0256,PVRZ,yes,data/bgee.bif
ui-resource:bam:SGRASPC,texture-page,MOS0256,PVRZ,yes,data/bgee.bif
ui-resource:bam:STONAMUL,texture-page,MOS0263,PVRZ,yes,data/bgee.bif
ui-resource:bam:STONARM,texture-page,MOS0263,PVRZ,yes,data/bgee.bif
ui-resource:bam:STONBELT,texture-page,MOS0263,PVRZ,yes,data/bgee.bif
ui-resource:bam:STONBOOT,texture-page,MOS0263,PVRZ,yes,data/bgee.bif
ui-resource:bam:STONCLOK,texture-page,MOS0263,PVRZ,yes,data/bgee.bif
ui-resource:bam:STONGLET,texture-page,MOS0264,PVRZ,yes,data/bgee.bif
ui-resource:bam:STONHELM,texture-page,MOS0264,PVRZ,yes,data/bgee.bif
ui-resource:bam:STONQUIV,texture-page,MOS0264,PVRZ,yes,data/bgee.bif
ui-resource:bam:STONRING,texture-page,MOS0264,PVRZ,yes,data/bgee.bif
ui-resource:bam:STONSHIL,texture-page,MOS0264,PVRZ,yes,data/bgee.bif
ui-resource:bam:STONSLOT,texture-page,MOS0265,PVRZ,yes,data/bgee.bif
ui-resource:bam:STONWEAP,texture-page,MOS0265,PVRZ,yes,data/bgee.bif
ui-resource:bam:STORBAG,texture-page,MOS0265,PVRZ,yes,data/bgee.bif
ui-resource:bam:STORINN,texture-page,MOS0265,PVRZ,yes,data/bgee.bif
ui-resource:bam:STORSTOR,texture-page,MOS0265,PVRZ,yes,data/bgee.bif
ui-resource:bam:STORTIN2,texture-page,MOS0265,PVRZ,yes,data/bgee.bif
ui-resource:bam:STORTINT,texture-page,MOS0265,PVRZ,yes,data/bgee.bif
ui-resource:bam:STORTMPL,texture-page,MOS0265,PVRZ,yes,data/bgee.bif
ui-resource:bam:STORTVRN,texture-page,MOS0265,PVRZ,yes,data/bgee.bif
ui-resource:bam:TVRNQUL0,texture-page,MOS0266,PVRZ,yes,data/bgee.bif
ui-resource:bam:TVRNQUL1,texture-page,MOS0266,PVRZ,yes,data/bgee.bif
ui-resource:bam:TVRNQUL2,texture-page,MOS0266,PVRZ,yes,data/bgee.bif
ui-resource:bam:TVRNQUL2,texture-page,MOS0267,PVRZ,yes,data/bgee.bif
ui-resource:bam:TVRNQUL3,texture-page,MOS0267,PVRZ,yes,data/bgee.bif
ui-resource:mos:BGDECBAR,texture-page,MOS0015,PVRZ,yes,data/bgee.bif
ui-resource:mos:BGPADB,texture-page,MOS0015,PVRZ,yes,data/bgee.bif
ui-resource:mos:BGPADB,texture-page,MOS0016,PVRZ,yes,data/bgee.bif
ui-resource:mos:BGPADL,texture-page,MOS0016,PVRZ,yes,data/bgee.bif
ui-resource:mos:BGPADL,texture-page,MOS0017,PVRZ,yes,data/bgee.bif
ui-resource:mos:BGPADR,texture-page,MOS0017,PVRZ,yes,data/bgee.bif
ui-resource:mos:CH01AJON,texture-page,MOS0268,PVRZ,yes,data/bgee.bif
ui-resource:mos:CH01AJON,texture-page,MOS0269,PVRZ,yes,data/bgee.bif
ui-resource:mos:CH02AGLN,texture-page,MOS0269,PVRZ,yes,data/bgee.bif
ui-resource:mos:CH02AGLN,texture-page,MOS0270,PVRZ,yes,data/bgee.bif
ui-resource:mos:CH03AMON,texture-page,MOS0270,PVRZ,yes,data/bgee.bif
ui-resource:mos:CH03AMON,texture-page,MOS0271,PVRZ,yes,data/bgee.bif
ui-resource:mos:CH04ASHP,texture-page,MOS0271,PVRZ,yes,data/bgee.bif
ui-resource:mos:CH04BGTH,texture-page,MOS0271,PVRZ,yes,data/bgee.bif
ui-resource:mos:CH04BGTH,texture-page,MOS0272,PVRZ,yes,data/bgee.bif
ui-resource:mos:CH04CSAH,texture-page,MOS0272,PVRZ,yes,data/bgee.bif
ui-resource:mos:CH04CSAH,texture-page,MOS0273,PVRZ,yes,data/bgee.bif
ui-resource:mos:CH05AUND,texture-page,MOS0273,PVRZ,yes,data/bgee.bif
ui-resource:mos:CH05AUND,texture-page,MOS0274,PVRZ,yes,data/bgee.bif
ui-resource:mos:CH06ADRW,texture-page,MOS0274,PVRZ,yes,data/bgee.bif
ui-resource:mos:CH06ADRW,texture-page,MOS0275,PVRZ,yes,data/bgee.bif
ui-resource:mos:CH07ASUL,texture-page,MOS0275,PVRZ,yes,data/bgee.bif
ui-resource:mos:CHPTAMKE,texture-page,MOS0275,PVRZ,yes,data/bgee.bif
ui-resource:mos:CHPTAMKE,texture-page,MOS0276,PVRZ,yes,data/Patch25.bif
ui-resource:mos:CHPTMANA,texture-page,MOS0276,PVRZ,yes,data/Patch25.bif
ui-resource:mos:CHPTMANA,texture-page,MOS0277,PVRZ,yes,data/Patch25.bif
ui-resource:mos:CHPTODRE,texture-page,MOS0277,PVRZ,yes,data/Patch25.bif
ui-resource:mos:CHPTODRE,texture-page,MOS0278,PVRZ,yes,data/Patch25.bif
ui-resource:mos:CHPTSARA,texture-page,MOS0278,PVRZ,yes,data/Patch25.bif
ui-resource:mos:COLOR,texture-page,MOS0080,PVRZ,yes,data/bgee.bif
ui-resource:mos:COLOR,texture-page,MOS0081,PVRZ,yes,data/bgee.bif
ui-resource:mos:COLORI,texture-page,MOS0081,PVRZ,yes,data/bgee.bif
ui-resource:mos:COLORR,texture-page,MOS0081,PVRZ,yes,data/bgee.bif
ui-resource:mos:COLORR,texture-page,MOS0082,PVRZ,yes,data/bgee.bif
ui-resource:mos:DLGDIVI,texture-page,MOS0103,PVRZ,yes,data/bgee.bif
ui-resource:mos:GMPCARBB,texture-page,MOS0105,PVRZ,yes,data/bgee.bif
ui-resource:mos:GMPCARBB,texture-page,MOS0106,PVRZ,yes,data/bgee.bif
ui-resource:mos:GMPCARBD,texture-page,MOS0106,PVRZ,yes,data/bgee.bif
ui-resource:mos:GMPCARBD,texture-page,MOS0107,PVRZ,yes,data/bgee.bif
ui-resource:mos:GMPPARBE,texture-page,MOS0279,PVRZ,yes,data/Patch25.bif
ui-resource:mos:GMPWMSG0,texture-page,MOS0107,PVRZ,yes,data/bgee.bif
ui-resource:mos:GMWMSGA0,texture-page,MOS0107,PVRZ,yes,data/bgee.bif
ui-resource:mos:GMWMSGA9,texture-page,MOS0107,PVRZ,yes,data/bgee.bif
ui-resource:mos:GMWMSGB0,texture-page,MOS0107,PVRZ,yes,data/bgee.bif
ui-resource:mos:GMWMSGB0,texture-page,MOS0108,PVRZ,yes,data/bgee.bif
ui-resource:mos:GU10BKLS,texture-page,MOS0109,PVRZ,yes,data/bgee.bif
ui-resource:mos:GU10BKMD,texture-page,MOS0109,PVRZ,yes,data/bgee.bif
ui-resource:mos:GU10BKRS,texture-page,MOS0109,PVRZ,yes,data/bgee.bif
ui-resource:mos:GU10BKRS,texture-page,MOS0110,PVRZ,yes,data/bgee.bif
ui-resource:mos:GU3MPB,texture-page,MOS0110,PVRZ,yes,data/bgee.bif
ui-resource:mos:GU3MPB,texture-page,MOS0111,PVRZ,yes,data/bgee.bif
ui-resource:mos:GUDEATH0,texture-page,MOS0111,PVRZ,yes,data/bgee.bif
ui-resource:mos:GUIAPB,texture-page,MOS0111,PVRZ,yes,data/bgee.bif
ui-resource:mos:GUIAPB,texture-page,MOS0112,PVRZ,yes,data/bgee.bif
ui-resource:mos:GUIAPBR,texture-page,MOS0112,PVRZ,yes,data/bgee.bif
ui-resource:mos:GUICGB,texture-page,MOS0113,PVRZ,yes,data/bgee.bif
ui-resource:mos:GUICGB,texture-page,MOS0114,PVRZ,yes,data/bgee.bif
ui-resource:mos:GUICGPR,texture-page,MOS0114,PVRZ,yes,data/bgee.bif
ui-resource:mos:GUICGPR,texture-page,MOS0115,PVRZ,yes,data/bgee.bif
ui-resource:mos:GUICHISD,texture-page,MOS0115,PVRZ,yes,data/bgee.bif
ui-resource:mos:GUICHISD,texture-page,MOS0116,PVRZ,yes,data/bgee.bif
ui-resource:mos:GUICHISE,texture-page,MOS0116,PVRZ,yes,data/bgee.bif
ui-resource:mos:GUICONN1,texture-page,MOS0118,PVRZ,yes,data/bgee.bif
ui-resource:mos:GUICONN1,texture-page,MOS0119,PVRZ,yes,data/bgee.bif
ui-resource:mos:GUICONNB,texture-page,MOS0119,PVRZ,yes,data/bgee.bif
ui-resource:mos:GUICONNB,texture-page,MOS0120,PVRZ,yes,data/bgee.bif
ui-resource:mos:GUICONTB,texture-page,MOS0120,PVRZ,yes,data/bgee.bif
ui-resource:mos:GUICONTB,texture-page,MOS0121,PVRZ,yes,data/bgee.bif
ui-resource:mos:GUICP,texture-page,MOS0121,PVRZ,yes,data/bgee.bif
ui-resource:mos:GUICP,texture-page,MOS0122,PVRZ,yes,data/bgee.bif
ui-resource:mos:GUICPORB,texture-page,MOS0122,PVRZ,yes,data/bgee.bif
ui-resource:mos:GUICPORB,texture-page,MOS0123,PVRZ,yes,data/bgee.bif
ui-resource:mos:GUICPORB,texture-page,MOS0124,PVRZ,yes,data/bgee.bif
ui-resource:mos:GUICREDT,texture-page,MOS0124,PVRZ,yes,data/bgee.bif
ui-resource:mos:GUICREDT,texture-page,MOS0125,PVRZ,yes,data/bgee.bif
ui-resource:mos:GUICUSTB,texture-page,MOS0125,PVRZ,yes,data/bgee.bif
ui-resource:mos:GUICUSTB,texture-page,MOS0126,PVRZ,yes,data/bgee.bif
ui-resource:mos:GUICUSTP,texture-page,MOS0126,PVRZ,yes,data/bgee.bif
ui-resource:mos:GUICUSTP,texture-page,MOS0127,PVRZ,yes,data/bgee.bif
ui-resource:mos:GUICUSTX,texture-page,MOS0127,PVRZ,yes,data/bgee.bif
ui-resource:mos:GUICUSTX,texture-page,MOS0128,PVRZ,yes,data/bgee.bif
ui-resource:mos:GUIDCB,texture-page,MOS0128,PVRZ,yes,data/bgee.bif
ui-resource:mos:GUIDCX,texture-page,MOS0128,PVRZ,yes,data/bgee.bif
ui-resource:mos:GUIDCX,texture-page,MOS0129,PVRZ,yes,data/bgee.bif
ui-resource:mos:GUIDLC,texture-page,MOS0129,PVRZ,yes,data/bgee.bif
ui-resource:mos:GUIDLC,texture-page,MOS0130,PVRZ,yes,data/bgee.bif
ui-resource:mos:GUIDLCH,texture-page,MOS0130,PVRZ,yes,data/bgee.bif
ui-resource:mos:GUIDLCH,texture-page,MOS0131,PVRZ,yes,data/bgee.bif
ui-resource:mos:GUIERR10,texture-page,MOS0131,PVRZ,yes,data/bgee.bif
ui-resource:mos:GUIERR21,texture-page,MOS0131,PVRZ,yes,data/bgee.bif
ui-resource:mos:GUIERR21,texture-page,MOS0132,PVRZ,yes,data/bgee.bif
ui-resource:mos:GUIERR6,texture-page,MOS0132,PVRZ,yes,data/bgee.bif
ui-resource:mos:GUIERR7,texture-page,MOS0132,PVRZ,yes,data/bgee.bif
ui-resource:mos:GUIERR7,texture-page,MOS0133,PVRZ,yes,data/bgee.bif
ui-resource:mos:GUIERR8,texture-page,MOS0133,PVRZ,yes,data/bgee.bif
ui-resource:mos:GUIEXPE,texture-page,MOS0133,PVRZ,yes,data/bgee.bif
ui-resource:mos:GUIGDB,texture-page,MOS0133,PVRZ,yes,data/bgee.bif
ui-resource:mos:GUIGDB,texture-page,MOS0134,PVRZ,yes,data/bgee.bif
ui-resource:mos:GUIHELP,texture-page,MOS0134,PVRZ,yes,data/bgee.bif
ui-resource:mos:GUIHELP,texture-page,MOS0135,PVRZ,yes,data/bgee.bif
ui-resource:mos:GUIHSB,texture-page,MOS0135,PVRZ,yes,data/bgee.bif
ui-resource:mos:GUIHSB,texture-page,MOS0136,PVRZ,yes,data/bgee.bif
ui-resource:mos:GUIHSBS,texture-page,MOS0136,PVRZ,yes,data/bgee.bif
ui-resource:mos:GUIHSBS,texture-page,MOS0137,PVRZ,yes,data/bgee.bif
ui-resource:mos:GUIINVHB,texture-page,MOS0137,PVRZ,yes,data/bgee.bif
ui-resource:mos:GUIINVHB,texture-page,MOS0138,PVRZ,yes,data/bgee.bif
ui-resource:mos:GUIINVHI,texture-page,MOS0138,PVRZ,yes,data/bgee.bif
ui-resource:mos:GUIJRNL,texture-page,MOS0279,PVRZ,yes,data/Patch25.bif
ui-resource:mos:GUIJRNL,texture-page,MOS0280,PVRZ,yes,data/Patch25.bif
ui-resource:mos:GUILOAD,texture-page,MOS0139,PVRZ,yes,data/bgee.bif
ui-resource:mos:GUILOAD,texture-page,MOS0140,PVRZ,yes,data/bgee.bif
ui-resource:mos:GUILUPB,texture-page,MOS0145,PVRZ,yes,data/bgee.bif
ui-resource:mos:GUILUPB,texture-page,MOS0146,PVRZ,yes,data/bgee.bif
ui-resource:mos:GUIMAPAB,texture-page,MOS0146,PVRZ,yes,data/bgee.bif
ui-resource:mos:GUIMAPAB,texture-page,MOS0147,PVRZ,yes,data/bgee.bif
ui-resource:mos:GUIMAPWB,texture-page,MOS0147,PVRZ,yes,data/bgee.bif
ui-resource:mos:GUIMAPWB,texture-page,MOS0148,PVRZ,yes,data/bgee.bif
ui-resource:mos:GUIMGB,texture-page,MOS0148,PVRZ,yes,data/bgee.bif
ui-resource:mos:GUIMGCP,texture-page,MOS0148,PVRZ,yes,data/bgee.bif
ui-resource:mos:GUIMGCP,texture-page,MOS0149,PVRZ,yes,data/bgee.bif
ui-resource:mos:GUIMGX,texture-page,MOS0149,PVRZ,yes,data/bgee.bif
ui-resource:mos:GUIMGX,texture-page,MOS0150,PVRZ,yes,data/bgee.bif
ui-resource:mos:GUIMOVB,texture-page,MOS0150,PVRZ,yes,data/bgee.bif
ui-resource:mos:GUIMOVB,texture-page,MOS0151,PVRZ,yes,data/bgee.bif
ui-resource:mos:GUIMPB,texture-page,MOS0151,PVRZ,yes,data/bgee.bif
ui-resource:mos:GUIMPB,texture-page,MOS0152,PVRZ,yes,data/bgee.bif
ui-resource:mos:GUIOLSP0,texture-page,MOS0152,PVRZ,yes,data/bgee.bif
ui-resource:mos:GUIOSTUM,texture-page,MOS0152,PVRZ,yes,data/bgee.bif
ui-resource:mos:GUIOSTUM,texture-page,MOS0153,PVRZ,yes,data/bgee.bif
ui-resource:mos:GUIPNLC,texture-page,MOS0153,PVRZ,yes,data/bgee.bif
ui-resource:mos:GUIPOPAI,texture-page,MOS0153,PVRZ,yes,data/bgee.bif
ui-resource:mos:GUIPOPAI,texture-page,MOS0154,PVRZ,yes,data/bgee.bif
ui-resource:mos:GUIPRB,texture-page,MOS0154,PVRZ,yes,data/bgee.bif
ui-resource:mos:GUIREC2,texture-page,MOS0155,PVRZ,yes,data/bgee.bif
ui-resource:mos:GUIREC2,texture-page,MOS0156,PVRZ,yes,data/bgee.bif
ui-resource:mos:GUIRECBG,texture-page,MOS0156,PVRZ,yes,data/bgee.bif
ui-resource:mos:GUIRECBG,texture-page,MOS0157,PVRZ,yes,data/bgee.bif
ui-resource:mos:GUISAVEB,texture-page,MOS0157,PVRZ,yes,data/bgee.bif
ui-resource:mos:GUISAVEC,texture-page,MOS0157,PVRZ,yes,data/bgee.bif
ui-resource:mos:GUISMBM,texture-page,MOS0157,PVRZ,yes,data/bgee.bif
ui-resource:mos:GUISMBM,texture-page,MOS0158,PVRZ,yes,data/bgee.bif
ui-resource:mos:GUISMDA,texture-page,MOS0158,PVRZ,yes,data/bgee.bif
ui-resource:mos:GUISMDA,texture-page,MOS0159,PVRZ,yes,data/bgee.bif
ui-resource:mos:GUISMDB,texture-page,MOS0159,PVRZ,yes,data/bgee.bif
ui-resource:mos:GUISMF,texture-page,MOS0159,PVRZ,yes,data/bgee.bif
ui-resource:mos:GUISMF,texture-page,MOS0160,PVRZ,yes,data/bgee.bif
ui-resource:mos:GUISMF2,texture-page,MOS0160,PVRZ,yes,data/bgee.bif
ui-resource:mos:GUISMS,texture-page,MOS0160,PVRZ,yes,data/bgee.bif
ui-resource:mos:GUISMS,texture-page,MOS0161,PVRZ,yes,data/bgee.bif
ui-resource:mos:GUISPLHB,texture-page,MOS0161,PVRZ,yes,data/bgee.bif
ui-resource:mos:GUISPLHB,texture-page,MOS0162,PVRZ,yes,data/bgee.bif
ui-resource:mos:GUISPMB,texture-page,MOS0162,PVRZ,yes,data/bgee.bif
ui-resource:mos:GUISRRQB,texture-page,MOS0162,PVRZ,yes,data/bgee.bif
ui-resource:mos:GUISRRQB,texture-page,MOS0163,PVRZ,yes,data/bgee.bif
ui-resource:mos:GUISRSVB,texture-page,MOS0163,PVRZ,yes,data/bgee.bif
ui-resource:mos:GUISTATS,texture-page,MOS0163,PVRZ,yes,data/bgee.bif
ui-resource:mos:GUISTATS,texture-page,MOS0164,PVRZ,yes,data/bgee.bif
ui-resource:mos:GUISTBBB,texture-page,MOS0164,PVRZ,yes,data/bgee.bif
ui-resource:mos:GUISTBBM,texture-page,MOS0164,PVRZ,yes,data/bgee.bif
ui-resource:mos:GUISTBSC,texture-page,MOS0164,PVRZ,yes,data/bgee.bif
ui-resource:mos:GUISTBSC,texture-page,MOS0165,PVRZ,yes,data/bgee.bif
ui-resource:mos:GUISTDOB,texture-page,MOS0165,PVRZ,yes,data/bgee.bif
ui-resource:mos:GUISTIDB,texture-page,MOS0165,PVRZ,yes,data/bgee.bif
ui-resource:mos:GUISTIDB,texture-page,MOS0166,PVRZ,yes,data/bgee.bif
ui-resource:mos:GUISTMPE,texture-page,MOS0280,PVRZ,yes,data/Patch25.bif
ui-resource:mos:GUISTROB,texture-page,MOS0166,PVRZ,yes,data/bgee.bif
ui-resource:mos:GUISTROB,texture-page,MOS0167,PVRZ,yes,data/bgee.bif
ui-resource:mos:GUITUT,texture-page,MOS0167,PVRZ,yes,data/bgee.bif
ui-resource:mos:GUITUT,texture-page,MOS0168,PVRZ,yes,data/bgee.bif
ui-resource:mos:GUITUTB,texture-page,MOS0168,PVRZ,yes,data/bgee.bif
ui-resource:mos:GUITUTB,texture-page,MOS0169,PVRZ,yes,data/bgee.bif
ui-resource:mos:GUIWBTP1,texture-page,MOS0172,PVRZ,yes,data/bgee.bif
ui-resource:mos:GUIWBTP2,texture-page,MOS0172,PVRZ,yes,data/bgee.bif
ui-resource:mos:GUIWBTP3,texture-page,MOS0172,PVRZ,yes,data/bgee.bif
ui-resource:mos:GUIWBTP3,texture-page,MOS0173,PVRZ,yes,data/bgee.bif
ui-resource:mos:GUIWCHT0,texture-page,MOS0173,PVRZ,yes,data/bgee.bif
ui-resource:mos:GUIWDMB,texture-page,MOS0174,PVRZ,yes,data/bgee.bif
ui-resource:mos:GUIWDMB0,texture-page,MOS0174,PVRZ,yes,data/bgee.bif
ui-resource:mos:GUIWDMB0,texture-page,MOS0175,PVRZ,yes,data/bgee.bif
ui-resource:mos:GUIWDMB9,texture-page,MOS0175,PVRZ,yes,data/bgee.bif
ui-resource:mos:GUIWDMBM,texture-page,MOS0175,PVRZ,yes,data/bgee.bif
ui-resource:mos:GUIWDSL0,texture-page,MOS0175,PVRZ,yes,data/bgee.bif
ui-resource:mos:GUIWDSL1,texture-page,MOS0175,PVRZ,yes,data/bgee.bif
ui-resource:mos:GUIWDSL9,texture-page,MOS0175,PVRZ,yes,data/bgee.bif
ui-resource:mos:GUIWDSL9,texture-page,MOS0176,PVRZ,yes,data/bgee.bif
ui-resource:mos:GUIWLSP0,texture-page,MOS0176,PVRZ,yes,data/bgee.bif
ui-resource:mos:GUIWTPP0,texture-page,MOS0176,PVRZ,yes,data/bgee.bif
ui-resource:mos:GUWBTP10,texture-page,MOS0177,PVRZ,yes,data/bgee.bif
ui-resource:mos:GUWBTP20,texture-page,MOS0177,PVRZ,yes,data/bgee.bif
ui-resource:mos:GUWBTP29,texture-page,MOS0177,PVRZ,yes,data/bgee.bif
ui-resource:mos:GUWBTP30,texture-page,MOS0177,PVRZ,yes,data/bgee.bif
ui-resource:mos:GUWBTP30,texture-page,MOS0178,PVRZ,yes,data/bgee.bif
ui-resource:mos:GUWBTP39,texture-page,MOS0178,PVRZ,yes,data/bgee.bif
ui-resource:mos:GUWBTP3M,texture-page,MOS0178,PVRZ,yes,data/bgee.bif
ui-resource:mos:GUWBTP9M,texture-page,MOS0178,PVRZ,yes,data/bgee.bif
ui-resource:mos:GUWBTP9M,texture-page,MOS0179,PVRZ,yes,data/bgee.bif
ui-resource:mos:GUWDMBM9,texture-page,MOS0179,PVRZ,yes,data/bgee.bif
ui-resource:mos:GUWDSL9,texture-page,MOS0179,PVRZ,yes,data/bgee.bif
ui-resource:mos:GUWPKPC0,texture-page,MOS0179,PVRZ,yes,data/bgee.bif
ui-resource:mos:GWCONTB0,texture-page,MOS0179,PVRZ,yes,data/bgee.bif
ui-resource:mos:INVENTOR,texture-page,MOS0180,PVRZ,yes,data/bgee.bif
ui-resource:mos:INVENTOR,texture-page,MOS0181,PVRZ,yes,data/bgee.bif
ui-resource:mos:INVSTATS,texture-page,MOS0181,PVRZ,yes,data/bgee.bif
ui-resource:mos:NPCCHAP,texture-page,MOS0242,PVRZ,yes,data/bgee.bif
ui-resource:mos:NPCCHAP,texture-page,MOS0243,PVRZ,yes,data/bgee.bif
ui-resource:mos:PAPERSEP,texture-page,MOS0252,PVRZ,yes,data/bgee.bif
ui-resource:mos:PCHAPTER,texture-page,MOS0253,PVRZ,yes,data/bgee.bif
ui-resource:mos:QUESTBAK,texture-page,MOS0253,PVRZ,yes,data/bgee.bif
ui-resource:mos:QUESTBAK,texture-page,MOS0254,PVRZ,yes,data/bgee.bif
ui-resource:mos:RECENTEV,texture-page,MOS0255,PVRZ,yes,data/bgee.bif
ui-resource:mos:RECENTEV,texture-page,MOS0256,PVRZ,yes,data/bgee.bif
ui-resource:mos:SIDEBLOK,texture-page,MOS0256,PVRZ,yes,data/bgee.bif
ui-resource:mos:START2EE,texture-page,MOS0257,PVRZ,yes,data/bgee.bif
ui-resource:mos:START2EE,texture-page,MOS0258,PVRZ,yes,data/bgee.bif
ui-resource:mos:START3EE,texture-page,MOS0258,PVRZ,yes,data/bgee.bif
ui-resource:mos:START3EE,texture-page,MOS0259,PVRZ,yes,data/bgee.bif
ui-resource:mos:STARTBP2,texture-page,MOS0259,PVRZ,yes,data/bgee.bif
ui-resource:mos:STARTBP2,texture-page,MOS0260,PVRZ,yes,data/bgee.bif
ui-resource:mos:STARTM,texture-page,MOS0260,PVRZ,yes,data/bgee.bif
ui-resource:mos:STARTM,texture-page,MOS0261,PVRZ,yes,data/bgee.bif
ui-resource:mos:STARTOLD,texture-page,MOS0262,PVRZ,yes,data/bgee.bif
ui-resource:mos:STARTOLD,texture-page,MOS0263,PVRZ,yes,data/bgee.bif
ui-resource:mos:TOBMAP72,texture-page,MOS0280,PVRZ,yes,data/Patch25.bif
ui-resource:mos:WORLDMAP,texture-page,MOS0267,PVRZ,yes,data/bgee.bif
ui-resource:mos:WORLDMAP,texture-page,MOS0268,PVRZ,yes,data/bgee.bif
