animation_id,resref,registry,sha256,frame_count,resource_ordinal
0x7000,MOGHG1,iee-assets/creature-sprites/CreatureSprites-XN-F57C643D844C2A2BE214EF89B42D2AB84504678ADFFD99E4C8074A828623C11F.registry,F57C643D844C2A2BE214EF89B42D2AB84504678ADFFD99E4C8074A828623C11F,130,0
0x7000,MOGHG1E,iee-assets/creature-sprites/CreatureSprites-XN-292FF991DB75D36ED87DB227B35C066A4B5E40EB4F2F754D00F395D315EE4BAF.registry,292FF991DB75D36ED87DB227B35C066A4B5E40EB4F2F754D00F395D315EE4BAF,78,0
0x7000,MOGHG2,iee-assets/creature-sprites/CreatureSprites-XN-CB616369C271320E50A4649CDC53DEDD98C6882CD2DD6AECB6693C381E182E97.registry,CB616369C271320E50A4649CDC53DEDD98C6882CD2DD6AECB6693C381E182E97,60,0
0x7000,MOGHG2E,iee-assets/creature-sprites/CreatureSprites-XN-C688D52CCC48C3BCBA2C38A7A4CEE9BEC9877563458244CDC169256DB2EB3E44.registry,C688D52CCC48C3BCBA2C38A7A4CEE9BEC9877563458244CDC169256DB2EB3E44,36,0
0x7001,MOGNG1,iee-assets/creature-sprites/CreatureSprites-XN-09E94C4C7DF594B29C8038E85422D220A87E7CE55E493387BEBEDA2BD20465E0.registry,09E94C4C7DF594B29C8038E85422D220A87E7CE55E493387BEBEDA2BD20465E0,140,0
0x7001,MOGNG1E,iee-assets/creature-sprites/CreatureSprites-XN-B7D1A744B52671CCAD302F734C67C132D43749D20C97E0B6A0FF33F3C62172B0.registry,B7D1A744B52671CCAD302F734C67C132D43749D20C97E0B6A0FF33F3C62172B0,84,0
0x7001,MOGNG2,iee-assets/creature-sprites/CreatureSprites-XN-7205975035DB0C4B6003C96EFD14FDA581ABB0356FD18DE90DEB39DFCBC5D053.registry,7205975035DB0C4B6003C96EFD14FDA581ABB0356FD18DE90DEB39DFCBC5D053,100,0
0x7001,MOGNG2E,iee-assets/creature-sprites/CreatureSprites-XN-1F82A29EB2F937124A2D755F6D65B105555C5A40BF8CEEB56A5528A653D03047.registry,1F82A29EB2F937124A2D755F6D65B105555C5A40BF8CEEB56A5528A653D03047,60,0
0x7100,MBASG1,iee-assets/creature-sprites/CreatureSprites-XN-34429990C682BA8616DF76A70F3AFBC6BA344DE4AD7175AAEA27B555720ACF6D.registry,34429990C682BA8616DF76A70F3AFBC6BA344DE4AD7175AAEA27B555720ACF6D,135,0
0x7100,MBASG1E,iee-assets/creature-sprites/CreatureSprites-XN-84577ED9BA91D465174255F3A65C94DEA8BAED3DCDCC7CA40936D1E4CE8DD5BA.registry,84577ED9BA91D465174255F3A65C94DEA8BAED3DCDCC7CA40936D1E4CE8DD5BA,81,0
0x7100,MBASG2,iee-assets/creature-sprites/CreatureSprites-XN-F451BD0486CCBA48ACF6E65EFFCE59BD6DE15E14DD6AF7A0876104EED9624ACD.registry,F451BD0486CCBA48ACF6E65EFFCE59BD6DE15E14DD6AF7A0876104EED9624ACD,90,0
0x7100,MBASG2E,iee-assets/creature-sprites/CreatureSprites-XN-D9633A9338DDA56477C12763A8481BDF4B9E4059C8C5B177C8B3F7E31F44AF49.registry,D9633A9338DDA56477C12763A8481BDF4B9E4059C8C5B177C8B3F7E31F44AF49,54,0
0x7101,MBASG1,iee-assets/creature-sprites/CreatureSprites-XN-A0936D3E88C013D09C9395053A6F94A3318CB02B1B15FAD843211A73EEE92D10.registry,A0936D3E88C013D09C9395053A6F94A3318CB02B1B15FAD843211A73EEE92D10,135,0
0x7101,MBASG1E,iee-assets/creature-sprites/CreatureSprites-XN-8F221EB9DFDCB093B6468937C780053216CF3A965D56853B6E13C8ED7DD088B3.registry,8F221EB9DFDCB093B6468937C780053216CF3A965D56853B6E13C8ED7DD088B3,81,0
0x7101,MBASG2,iee-assets/creature-sprites/CreatureSprites-XN-A8054764A91F53C7710AAF8DB92D4B1498698C96F54848226C9A3CAF3738D69E.registry,A8054764A91F53C7710AAF8DB92D4B1498698C96F54848226C9A3CAF3738D69E,90,0
0x7101,MBASG2E,iee-assets/creature-sprites/CreatureSprites-XN-1BEA506FAACA98467FAE0AA3BE90A1814E5B418C4A0D0B520281D040AD3FD24C.registry,1BEA506FAACA98467FAE0AA3BE90A1814E5B418C4A0D0B520281D040AD3FD24C,54,0
0x7200,MBER0INV,iee-assets/creature-sprites/CreatureSprites-XN-7D6A575479EB0196C50BC1AA3DB7C9198305EF69F00D524FEF43ECDD400863E9.registry,7D6A575479EB0196C50BC1AA3DB7C9198305EF69F00D524FEF43ECDD400863E9,2,0
0x7200,MBER1INV,iee-assets/creature-sprites/CreatureSprites-XN-DE3FF040875C3FC2EFF3F7D2A386BCDB8618B2C81897679B60D0BF20ADEF47C8.registry,DE3FF040875C3FC2EFF3F7D2A386BCDB8618B2C81897679B60D0BF20ADEF47C8,2,0
0x7200,MBERG1,iee-assets/creature-sprites/CreatureSprites-XN-21C0BA2C409DF463F29536F16EC3F4311C8C03DCF1E64611952BFA22810D3C99.registry,21C0BA2C409DF463F29536F16EC3F4311C8C03DCF1E64611952BFA22810D3C99,140,0
0x7200,MBERG1E,iee-assets/creature-sprites/CreatureSprites-XN-14829DCDCC9009FCA982A772A2B0C04BEB7D7E3F3B5EA07D145D3115D26029B7.registry,14829DCDCC9009FCA982A772A2B0C04BEB7D7E3F3B5EA07D145D3115D26029B7,84,0
0x7200,MBERG2,iee-assets/creature-sprites/CreatureSprites-XN-4E1A3B58662C2C178823481C63333AD779A60D9C3BF565A0DDDA11D3FF06EAE1.registry,4E1A3B58662C2C178823481C63333AD779A60D9C3BF565A0DDDA11D3FF06EAE1,110,0
0x7200,MBERG2E,iee-assets/creature-sprites/CreatureSprites-XN-93D469CBFD9E81348CDF6745E547E0A13FA00D15A67B40A6E430C756AAAD608A.registry,93D469CBFD9E81348CDF6745E547E0A13FA00D15A67B40A6E430C756AAAD608A,66,0
0x7201,MBER0INV,iee-assets/creature-sprites/CreatureSprites-XN-E66A96361626709600862C4E09CF215A9C4C2B4914F8073E69A121C696155A4B.registry,E66A96361626709600862C4E09CF215A9C4C2B4914F8073E69A121C696155A4B,2,0
0x7201,MBER1INV,iee-assets/creature-sprites/CreatureSprites-XN-0587B70DA7787D8E74BDF28ACBE5C72B9EB744E51CB50CCC4853DA4D18DAFA6F.registry,0587B70DA7787D8E74BDF28ACBE5C72B9EB744E51CB50CCC4853DA4D18DAFA6F,2,0
0x7201,MBERG1,iee-assets/creature-sprites/CreatureSprites-XN-1792ADDA24D6283D6524B6DD47BA0E0B134B929BF1F2EA22464F4F94FAB66527.registry,1792ADDA24D6283D6524B6DD47BA0E0B134B929BF1F2EA22464F4F94FAB66527,140,0
0x7201,MBERG1E,iee-assets/creature-sprites/CreatureSprites-XN-09111E01975587A6C6791F0A5E15B4BDE47EDC9ACDEDFA6C4BC3D24EED960319.registry,09111E01975587A6C6791F0A5E15B4BDE47EDC9ACDEDFA6C4BC3D24EED960319,84,0
0x7201,MBERG2,iee-assets/creature-sprites/CreatureSprites-XN-74390AA44AD0F91E9AFE4FE1C249F84FD3E92FB5A28CC62485CF17815ED19991.registry,74390AA44AD0F91E9AFE4FE1C249F84FD3E92FB5A28CC62485CF17815ED19991,110,0
0x7201,MBERG2E,iee-assets/creature-sprites/CreatureSprites-XN-B449108AD111C2DACA562935DB608AA0983B2E2D1BA599072D11066EB58DF54F.registry,B449108AD111C2DACA562935DB608AA0983B2E2D1BA599072D11066EB58DF54F,66,0
0x7202,MBER0INV,iee-assets/creature-sprites/CreatureSprites-XN-60C89AB16BFA2AF74CD6D1A667720079FEBF77925621AD8A355ED57921FC9855.registry,60C89AB16BFA2AF74CD6D1A667720079FEBF77925621AD8A355ED57921FC9855,2,0
0x7202,MBER1INV,iee-assets/creature-sprites/CreatureSprites-XN-C1A2F737CE02EB1713B9B1B7EB92D5802D35BBE68024E2239A018375CEFFE51D.registry,C1A2F737CE02EB1713B9B1B7EB92D5802D35BBE68024E2239A018375CEFFE51D,2,0
0x7202,MBERG1,iee-assets/creature-sprites/CreatureSprites-XN-E85BA95A30FE6D81F6CDF3480BA156442F20A0F5FAEC88ED3F787F7E2B9B4498.registry,E85BA95A30FE6D81F6CDF3480BA156442F20A0F5FAEC88ED3F787F7E2B9B4498,140,0
0x7202,MBERG1E,iee-assets/creature-sprites/CreatureSprites-XN-D63756726B553E71C07917E47FA553FE6ECD6AD13AB7445CA739D6D357869926.registry,D63756726B553E71C07917E47FA553FE6ECD6AD13AB7445CA739D6D357869926,84,0
0x7202,MBERG2,iee-assets/creature-sprites/CreatureSprites-XN-88B7CBA9CC64BFCF2C5AE6B5D23B8A5F432857F2D3CE0C29C1B6E3670160419E.registry,88B7CBA9CC64BFCF2C5AE6B5D23B8A5F432857F2D3CE0C29C1B6E3670160419E,110,0
0x7202,MBERG2E,iee-assets/creature-sprites/CreatureSprites-XN-B42B65A07053CACBB5896F3C0BBACE08A1F4C9D68BB6DBDA7F08418F1A25020B.registry,B42B65A07053CACBB5896F3C0BBACE08A1F4C9D68BB6DBDA7F08418F1A25020B,66,0
0x7203,MBER0INV,iee-assets/creature-sprites/CreatureSprites-XN-ADE07D66ACD9400172A26EAC08680D11363F311C524678F57C304E1053665394.registry,ADE07D66ACD9400172A26EAC08680D11363F311C524678F57C304E1053665394,2,0
0x7203,MBER1INV,iee-assets/creature-sprites/CreatureSprites-XN-CA5340B9AB52A14599FA731D8DCCD94AA361F7B57AFADE8F1B9D985550CA9569.registry,CA5340B9AB52A14599FA731D8DCCD94AA361F7B57AFADE8F1B9D985550CA9569,2,0
0x7203,MBERG1,iee-assets/creature-sprites/CreatureSprites-XN-E9949FABF9EBE7FFCECA4E48549ECB60B716BDFC3D04E72900BE06A12FC0549E.registry,E9949FABF9EBE7FFCECA4E48549ECB60B716BDFC3D04E72900BE06A12FC0549E,140,0
0x7203,MBERG1E,iee-assets/creature-sprites/CreatureSprites-XN-51AE9C42B6FD24805E142ED29529A44CDC8AE342AB244F087DE8A8BFDACF739B.registry,51AE9C42B6FD24805E142ED29529A44CDC8AE342AB244F087DE8A8BFDACF739B,84,0
0x7203,MBERG2,iee-assets/creature-sprites/CreatureSprites-XN-A2E57C30A0D638F1942DDC7D20FADC6681C429E2ED8651E9BF7C82AE8282679F.registry,A2E57C30A0D638F1942DDC7D20FADC6681C429E2ED8651E9BF7C82AE8282679F,110,0
0x7203,MBERG2E,iee-assets/creature-sprites/CreatureSprites-XN-A5D04C54879FAFF3FCC68B6BA9311497E478934932E49CF6A5B0E495C0CBF7B2.registry,A5D04C54879FAFF3FCC68B6BA9311497E478934932E49CF6A5B0E495C0CBF7B2,66,0
0x7400,MDOGG1,iee-assets/creature-sprites/CreatureSprites-XN-5A387F6EC528163931C7A19A161411C00353AAD94B8C812FDF34F33AA19BF7DF.registry,5A387F6EC528163931C7A19A161411C00353AAD94B8C812FDF34F33AA19BF7DF,90,0
0x7400,MDOGG1E,iee-assets/creature-sprites/CreatureSprites-XN-C00CE5878E61C9037D3EBA7CE5683EBDDB964B568661D5FBA7B446A9AF38E6DC.registry,C00CE5878E61C9037D3EBA7CE5683EBDDB964B568661D5FBA7B446A9AF38E6DC,54,0
0x7400,MDOGG2,iee-assets/creature-sprites/CreatureSprites-XN-78139EFEBCB00D0E2868B33069BABC97A154CEABE70C3A52B1103E8BE62B33FD.registry,78139EFEBCB00D0E2868B33069BABC97A154CEABE70C3A52B1103E8BE62B33FD,80,0
0x7400,MDOGG2E,iee-assets/creature-sprites/CreatureSprites-XN-E0364D5C3B51120F665E1BF9BB547E53A3BC6EBA9F78F056F8666D4320898CAD.registry,E0364D5C3B51120F665E1BF9BB547E53A3BC6EBA9F78F056F8666D4320898CAD,48,0
0x7401,MDOGG1,iee-assets/creature-sprites/CreatureSprites-XN-07479B6D754F39475A2EBA6A35F4708354C78B9C61EB5759967DFE34C7EC3A4A.registry,07479B6D754F39475A2EBA6A35F4708354C78B9C61EB5759967DFE34C7EC3A4A,90,0
0x7401,MDOGG1E,iee-assets/creature-sprites/CreatureSprites-XN-022289B1CE9AB1C92858E42792B5307ED3FE3572C24E1335949EA321F841064C.registry,022289B1CE9AB1C92858E42792B5307ED3FE3572C24E1335949EA321F841064C,54,0
0x7401,MDOGG2,iee-assets/creature-sprites/CreatureSprites-XN-0254319BC958B9C1EDEC8D1C6DE74D3508479E3C93977542A555C797FDB72E87.registry,0254319BC958B9C1EDEC8D1C6DE74D3508479E3C93977542A555C797FDB72E87,80,0
0x7401,MDOGG2E,iee-assets/creature-sprites/CreatureSprites-XN-407166C9F4A9A5CD149277D8549F5DE58F9158C61ECF6A442C5B13EEF5650D29.registry,407166C9F4A9A5CD149277D8549F5DE58F9158C61ECF6A442C5B13EEF5650D29,48,0
0x7402,MDOGG1,iee-assets/creature-sprites/CreatureSprites-XN-3DE9D3F2B571DA628A700599E279E1384E57921E4A8969AD59109963DE772501.registry,3DE9D3F2B571DA628A700599E279E1384E57921E4A8969AD59109963DE772501,90,0
0x7402,MDOGG1E,iee-assets/creature-sprites/CreatureSprites-XN-7D58624FD421903364D7BA719E891E121619D41C0C65402EF319AC97F7EC07DA.registry,7D58624FD421903364D7BA719E891E121619D41C0C65402EF319AC97F7EC07DA,54,0
0x7402,MDOGG2,iee-assets/creature-sprites/CreatureSprites-XN-5917479CBE1CB9E7C73DA26945B9F16452A64C2154DCFA1251AF3EB26A706CD1.registry,5917479CBE1CB9E7C73DA26945B9F16452A64C2154DCFA1251AF3EB26A706CD1,80,0
0x7402,MDOGG2E,iee-assets/creature-sprites/CreatureSprites-XN-3DD588A24D6D57D94AF7F7A87A0944D9576190962D31E150D622693DBB11B4D9.registry,3DD588A24D6D57D94AF7F7A87A0944D9576190962D31E150D622693DBB11B4D9,48,0
0x7500,MDOPG1,iee-assets/creature-sprites/CreatureSprites-XN-28FC5970F69AFEBAEC02D60EB04B56273D14898EC4E61B75DE45DCED74307ED6.registry,28FC5970F69AFEBAEC02D60EB04B56273D14898EC4E61B75DE45DCED74307ED6,120,0
0x7500,MDOPG1E,iee-assets/creature-sprites/CreatureSprites-XN-C29B3617D0949C47FBFE88FBB049EFF6CBB4CE5A91DCB4A0E54EFBFFEC290014.registry,C29B3617D0949C47FBFE88FBB049EFF6CBB4CE5A91DCB4A0E54EFBFFEC290014,72,0
0x7500,MDOPG2,iee-assets/creature-sprites/CreatureSprites-XN-5E9B8C6994B657ECA39342AFB489DFFAF0920EBDBB213B439F4CEB9B3A8DF9EC.registry,5E9B8C6994B657ECA39342AFB489DFFAF0920EBDBB213B439F4CEB9B3A8DF9EC,100,0
0x7500,MDOPG2E,iee-assets/creature-sprites/CreatureSprites-XN-3108F407144D8993C0A520687007039AB87C732917F461D2257551AC8E64CD4D.registry,3108F407144D8993C0A520687007039AB87C732917F461D2257551AC8E64CD4D,60,0
0x7501,MDOPG1,iee-assets/creature-sprites/CreatureSprites-XN-E793B58D719107C9DDF9CE6364B681CF8228010EAE102978450ACADF27A38D66.registry,E793B58D719107C9DDF9CE6364B681CF8228010EAE102978450ACADF27A38D66,120,0
0x7501,MDOPG1E,iee-assets/creature-sprites/CreatureSprites-XN-6C29115EF5CB7C7AC07DE1512208648357C234C5524E42F4E31E0907F705F161.registry,6C29115EF5CB7C7AC07DE1512208648357C234C5524E42F4E31E0907F705F161,72,0
0x7501,MDOPG2,iee-assets/creature-sprites/CreatureSprites-XN-F493513E815BAAE7CC7EEB677FE87BCBCF2697341A4100A2F5FA2A98257E2245.registry,F493513E815BAAE7CC7EEB677FE87BCBCF2697341A4100A2F5FA2A98257E2245,100,0
0x7501,MDOPG2E,iee-assets/creature-sprites/CreatureSprites-XN-A8EA66699BC6D9972436332012404B5E04DA129DE80C6D3A21488C3E995D4E25.registry,A8EA66699BC6D9972436332012404B5E04DA129DE80C6D3A21488C3E995D4E25,60,0
0x7600,METTG1,iee-assets/creature-sprites/CreatureSprites-XN-6EC02B01410D00EFB7CDCF28D81E0EDE422B6175EDC54556A2B14554DA7A9EB7.registry,6EC02B01410D00EFB7CDCF28D81E0EDE422B6175EDC54556A2B14554DA7A9EB7,110,0
0x7600,METTG1E,iee-assets/creature-sprites/CreatureSprites-XN-25FB0824A83D19928E212C675FA627089D18EEB1352029D23B59271ACD52E39F.registry,25FB0824A83D19928E212C675FA627089D18EEB1352029D23B59271ACD52E39F,66,0
0x7600,METTG2,iee-assets/creature-sprites/CreatureSprites-XN-6B6BF9DAE68F355AB0A5370783E58763764A74A25CBB55BBAD6A985B4A265D36.registry,6B6BF9DAE68F355AB0A5370783E58763764A74A25CBB55BBAD6A985B4A265D36,125,0
0x7600,METTG2E,iee-assets/creature-sprites/CreatureSprites-XN-C401F9C496B3B03FFC2B9E57008072851C63523D2414DDDEE44554CC2AED4652.registry,C401F9C496B3B03FFC2B9E57008072851C63523D2414DDDEE44554CC2AED4652,75,0
0x7601,MGHLG1,iee-assets/creature-sprites/CreatureSprites-XN-488C42B437D8DB9C9CAB90E20C0E9F12EA9B001D9DC348A9896AD5F2890CA954.registry,488C42B437D8DB9C9CAB90E20C0E9F12EA9B001D9DC348A9896AD5F2890CA954,120,0
0x7601,MGHLG1E,iee-assets/creature-sprites/CreatureSprites-XN-AFA4BF3F856371A0F6C846267CFC8391FA3298920BB80C75F45BF0A5584A4422.registry,AFA4BF3F856371A0F6C846267CFC8391FA3298920BB80C75F45BF0A5584A4422,72,0
0x7601,MGHLG2,iee-assets/creature-sprites/CreatureSprites-XN-F8D9A3B7591800956D34DAF551BE8F602310EA83738229C049489D7C61641ED5.registry,F8D9A3B7591800956D34DAF551BE8F602310EA83738229C049489D7C61641ED5,100,0
0x7601,MGHLG2E,iee-assets/creature-sprites/CreatureSprites-XN-412753FBD04565D37C3FF48E890CB7E32C7BEB36D51513C99F3185E8963AE122.registry,412753FBD04565D37C3FF48E890CB7E32C7BEB36D51513C99F3185E8963AE122,60,0
0x7602,MSPI3INV,iee-assets/creature-sprites/CreatureSprites-XN-92E68518D6853DD1571F23FDD286CF629C5671C2539BF9F88DED7BBA01D7BE35.registry,92E68518D6853DD1571F23FDD286CF629C5671C2539BF9F88DED7BBA01D7BE35,2,0
0x7602,MSPIG1,iee-assets/creature-sprites/CreatureSprites-XN-48E6ED758A981B5D818EE76E2CC093EAE5B9BB68D633C3A4C1E4B71803462F9C.registry,48E6ED758A981B5D818EE76E2CC093EAE5B9BB68D633C3A4C1E4B71803462F9C,140,0
0x7602,MSPIG1E,iee-assets/creature-sprites/CreatureSprites-XN-78A0A286D039B4F19ADFBF7EAF9C58060557A1F3C87B7649425379BC7F8D5825.registry,78A0A286D039B4F19ADFBF7EAF9C58060557A1F3C87B7649425379BC7F8D5825,84,0
0x7602,MSPIG2,iee-assets/creature-sprites/CreatureSprites-XN-02EF777535EF148E227827DDEB4F640056E5C1E958549C44D3B370F237217AB1.registry,02EF777535EF148E227827DDEB4F640056E5C1E958549C44D3B370F237217AB1,110,0
0x7602,MSPIG2E,iee-assets/creature-sprites/CreatureSprites-XN-3D264FB08DFAB57F53A060524241262D56DFEA54878DBB80F2E8BEAB5CF15CED.registry,3D264FB08DFAB57F53A060524241262D56DFEA54878DBB80F2E8BEAB5CF15CED,66,0
0x7603,MDOGG1,iee-assets/creature-sprites/CreatureSprites-XN-5CF176306CEC42C23D0DED32639EA3AB0D1DFFB117FBA3CDE6E4D035DD159D3D.registry,5CF176306CEC42C23D0DED32639EA3AB0D1DFFB117FBA3CDE6E4D035DD159D3D,90,0
0x7603,MDOGG1E,iee-assets/creature-sprites/CreatureSprites-XN-0A1841F84919D2BEE7A294DD261F49BBF8EA2DAE43A94BE6E2BB15E6CDF9CC3A.registry,0A1841F84919D2BEE7A294DD261F49BBF8EA2DAE43A94BE6E2BB15E6CDF9CC3A,54,0
0x7603,MDOGG2,iee-assets/creature-sprites/CreatureSprites-XN-4B82ED439D84DAC3852D65DA6FA136F8C9ADF35E0FF66E9D7A107A0CDADBCC61.registry,4B82ED439D84DAC3852D65DA6FA136F8C9ADF35E0FF66E9D7A107A0CDADBCC61,80,0
0x7603,MDOGG2E,iee-assets/creature-sprites/CreatureSprites-XN-0C43ADC5E4259C16D9DCF94B62BC26D5A0F4D97424E7196B07566A90D30C8D1A.registry,0C43ADC5E4259C16D9DCF94B62BC26D5A0F4D97424E7196B07566A90D30C8D1A,48,0
0x7604,MSPI3INV,iee-assets/creature-sprites/CreatureSprites-XN-FCFFBD54259AA3B3778DEE64F14EEB7CCE63F2535CAA8512393A6FC531604B0C.registry,FCFFBD54259AA3B3778DEE64F14EEB7CCE63F2535CAA8512393A6FC531604B0C,2,0
0x7604,MSPIG1,iee-assets/creature-sprites/CreatureSprites-XN-9EF1B1086A42E0C70AC4D3C0A4B6C17C76D5A8AFDC25BDC429694F8FD8D08C0A.registry,9EF1B1086A42E0C70AC4D3C0A4B6C17C76D5A8AFDC25BDC429694F8FD8D08C0A,140,0
0x7604,MSPIG1E,iee-assets/creature-sprites/CreatureSprites-XN-4ED53F827DC4016AB4CD6172B63E3D6C749B12D0A0CDAD0E74A80C59645F86BE.registry,4ED53F827DC4016AB4CD6172B63E3D6C749B12D0A0CDAD0E74A80C59645F86BE,84,0
0x7604,MSPIG2,iee-assets/creature-sprites/CreatureSprites-XN-2B3653AC17EB1248F601D20D374345F51E2D3293871E3D7448436BCC0A16DBF1.registry,2B3653AC17EB1248F601D20D374345F51E2D3293871E3D7448436BCC0A16DBF1,110,0
0x7604,MSPIG2E,iee-assets/creature-sprites/CreatureSprites-XN-EE308D7DA317E0CA4422A7DB6CB47F5F1B30A73953BADB776BC1EA69FF102CFC.registry,EE308D7DA317E0CA4422A7DB6CB47F5F1B30A73953BADB776BC1EA69FF102CFC,66,0
0x7700,MGHLG1,iee-assets/creature-sprites/CreatureSprites-XN-BE5F5B3FD7AF7A33018CAA1638C6DAE2BF37C69940E910496DA4223E3076093E.registry,BE5F5B3FD7AF7A33018CAA1638C6DAE2BF37C69940E910496DA4223E3076093E,120,0
0x7700,MGHLG1E,iee-assets/creature-sprites/CreatureSprites-XN-83D0A6B4A3D204227D220CC76D5A2352B22DD2A60096B51CA932D997BB00BB47.registry,83D0A6B4A3D204227D220CC76D5A2352B22DD2A60096B51CA932D997BB00BB47,72,0
0x7700,MGHLG2,iee-assets/creature-sprites/CreatureSprites-XN-F10D68A175202B49093952AD48042ED23657F429EC49BDD4734BBF7A5B46B307.registry,F10D68A175202B49093952AD48042ED23657F429EC49BDD4734BBF7A5B46B307,100,0
0x7700,MGHLG2E,iee-assets/creature-sprites/CreatureSprites-XN-545E7C86C23F89D4E9E8121D3F414E5640B6B37BF4AB784EBD727CAB23E00F99.registry,545E7C86C23F89D4E9E8121D3F414E5640B6B37BF4AB784EBD727CAB23E00F99,60,0
0x7701,MGHLG1,iee-assets/creature-sprites/CreatureSprites-XN-62A42319E68B63EC8E87B250CAD09276D1C3A1191CC8739AEF32FFD9B2A4D452.registry,62A42319E68B63EC8E87B250CAD09276D1C3A1191CC8739AEF32FFD9B2A4D452,120,0
0x7701,MGHLG1E,iee-assets/creature-sprites/CreatureSprites-XN-9949D4BA8A98ADC934627FD030696D98600B8B48E226590F214F101348CFADB6.registry,9949D4BA8A98ADC934627FD030696D98600B8B48E226590F214F101348CFADB6,72,0
0x7701,MGHLG2,iee-assets/creature-sprites/CreatureSprites-XN-EC5C4DDCBC9C55241514A0AC0C223EB23B11CF9DE6ADAE1CD00CCCB8947FFF58.registry,EC5C4DDCBC9C55241514A0AC0C223EB23B11CF9DE6ADAE1CD00CCCB8947FFF58,100,0
0x7701,MGHLG2E,iee-assets/creature-sprites/CreatureSprites-XN-CE46F0B73C38406DD233216DB19D4897FEE4485AD8ED342232207CA22354B16B.registry,CE46F0B73C38406DD233216DB19D4897FEE4485AD8ED342232207CA22354B16B,60,0
0x7702,MGHLG1,iee-assets/creature-sprites/CreatureSprites-XN-2050828D594AD34D6B81BC5103266D8E42D1A6A81740FC7B657267A4C34B7699.registry,2050828D594AD34D6B81BC5103266D8E42D1A6A81740FC7B657267A4C34B7699,120,0
0x7702,MGHLG1E,iee-assets/creature-sprites/CreatureSprites-XN-5EFE82879928B90410728817592C47BD780469332B8826AAB313362EF9D64FC1.registry,5EFE82879928B90410728817592C47BD780469332B8826AAB313362EF9D64FC1,72,0
0x7702,MGHLG2,iee-assets/creature-sprites/CreatureSprites-XN-3361E0CB97192611A668EC845DBC067BB340A5B78C7B44FB2983AC3D36979503.registry,3361E0CB97192611A668EC845DBC067BB340A5B78C7B44FB2983AC3D36979503,100,0
0x7702,MGHLG2E,iee-assets/creature-sprites/CreatureSprites-XN-4318B3C387846910F1887EBCE56919C0707B5C599C26FC460C4C2F2651054343.registry,4318B3C387846910F1887EBCE56919C0707B5C599C26FC460C4C2F2651054343,60,0
0x7800,MGIBG1,iee-assets/creature-sprites/CreatureSprites-XN-7E2985F832930A561DA242943B01E4EACBD01AD96FDBC46F2FD6EF970DEF821F.registry,7E2985F832930A561DA242943B01E4EACBD01AD96FDBC46F2FD6EF970DEF821F,130,0
0x7800,MGIBG1E,iee-assets/creature-sprites/CreatureSprites-XN-4EEF99987D31D2D00890ABC7FB6B99AA72B2D7A732B936D43AA2E92DC3916673.registry,4EEF99987D31D2D00890ABC7FB6B99AA72B2D7A732B936D43AA2E92DC3916673,78,0
0x7800,MGIBG2,iee-assets/creature-sprites/CreatureSprites-XN-FE4C6FF77EDFF8A6F4484313AF3081DBF3005D223212ED5B0561AC7F075ED5F0.registry,FE4C6FF77EDFF8A6F4484313AF3081DBF3005D223212ED5B0561AC7F075ED5F0,60,0
0x7800,MGIBG2E,iee-assets/creature-sprites/CreatureSprites-XN-C6AD4C093476BB172E72710B2D75F945A30412231E25E68B8E06850096F9962A.registry,C6AD4C093476BB172E72710B2D75F945A30412231E25E68B8E06850096F9962A,36,0
0x7801,MGIBG1,iee-assets/creature-sprites/CreatureSprites-XN-D5DACC3670D78CF1CC4036915A2E5E5BE240AE108BE4870220D251630FDA6972.registry,D5DACC3670D78CF1CC4036915A2E5E5BE240AE108BE4870220D251630FDA6972,130,0
0x7801,MGIBG1E,iee-assets/creature-sprites/CreatureSprites-XN-4D255295B1E1BD4059AC1021FF67E01B402C13F068A344E17C281176812CCF53.registry,4D255295B1E1BD4059AC1021FF67E01B402C13F068A344E17C281176812CCF53,78,0
0x7801,MGIBG2,iee-assets/creature-sprites/CreatureSprites-XN-DDAA09A010593BB3043C096A8FC400021BA967BAF5C6861EA9BD895809048567.registry,DDAA09A010593BB3043C096A8FC400021BA967BAF5C6861EA9BD895809048567,60,0
0x7801,MGIBG2E,iee-assets/creature-sprites/CreatureSprites-XN-84C56A0624826BE7D0D59CDB39A0FDBC808750171F1B13D374E339D8FC0FF576.registry,84C56A0624826BE7D0D59CDB39A0FDBC808750171F1B13D374E339D8FC0FF576,36,0
0x7802,MSLI2INV,iee-assets/creature-sprites/CreatureSprites-XN-84639CC2D0BB201F9A537B7D25DE25AD72E92BA9EFB974D8400B04A4A46EBFF1.registry,84639CC2D0BB201F9A537B7D25DE25AD72E92BA9EFB974D8400B04A4A46EBFF1,2,0
0x7802,MSLIG1,iee-assets/creature-sprites/CreatureSprites-XN-807B9A912B093F7AFF4CCE9B2D5C1A3392B20578B978163A626CB6C9A7C6ACC6.registry,807B9A912B093F7AFF4CCE9B2D5C1A3392B20578B978163A626CB6C9A7C6ACC6,232,0
0x7802,MSLIG1E,iee-assets/creature-sprites/CreatureSprites-XN-0C0104D30970AAFD63FAB3EAFBD8886FF4D4C0E75728FD0A8B0D5088CC504995.registry,0C0104D30970AAFD63FAB3EAFBD8886FF4D4C0E75728FD0A8B0D5088CC504995,87,0
0x7802,MSLIG2,iee-assets/creature-sprites/CreatureSprites-XN-B7613E9DBF39E7851C919EFA4952E9FFF790ECF2F1645FD0521449A3525869D1.registry,B7613E9DBF39E7851C919EFA4952E9FFF790ECF2F1645FD0521449A3525869D1,100,0
0x7802,MSLIG2E,iee-assets/creature-sprites/CreatureSprites-XN-608683660BABD25044A1D70F6EED6BBB637A5D58033D7E293FD13CD0C88E66BA.registry,608683660BABD25044A1D70F6EED6BBB637A5D58033D7E293FD13CD0C88E66BA,60,0
0x7900,MSLI2INV,iee-assets/creature-sprites/CreatureSprites-XN-C20E5311A42B52544093BE4855CC3A41A028AB6D91F97531A8146526C32CA1F1.registry,C20E5311A42B52544093BE4855CC3A41A028AB6D91F97531A8146526C32CA1F1,2,0
0x7900,MSLIG1,iee-assets/creature-sprites/CreatureSprites-XN-3E59C064267E22E2EB0152E7458262587075C0651F00A213FF093E6F6568E56E.registry,3E59C064267E22E2EB0152E7458262587075C0651F00A213FF093E6F6568E56E,232,0
0x7900,MSLIG1E,iee-assets/creature-sprites/CreatureSprites-XN-4FBF3826816B9BFF01E33F0DA19ED08CF0536E0BDC79251EB6E35F312CE4EEB1.registry,4FBF3826816B9BFF01E33F0DA19ED08CF0536E0BDC79251EB6E35F312CE4EEB1,87,0
0x7900,MSLIG2,iee-assets/creature-sprites/CreatureSprites-XN-C71D834E744BBDB1453E3E6C721EA85F73B54A415AE8AF9D2A399E8E805448F7.registry,C71D834E744BBDB1453E3E6C721EA85F73B54A415AE8AF9D2A399E8E805448F7,100,0
0x7900,MSLIG2E,iee-assets/creature-sprites/CreatureSprites-XN-A02821545AF02A68C6A467C2E5BDFC4757E9B4B5D79C1D6BCC4F324FA8599DC3.registry,A02821545AF02A68C6A467C2E5BDFC4757E9B4B5D79C1D6BCC4F324FA8599DC3,60,0
0x7901,MSLI2INV,iee-assets/creature-sprites/CreatureSprites-XN-B3E43899965099E1B9A229CF6B82DAEE4930303EB7DE24772C69D22D6D64A78E.registry,B3E43899965099E1B9A229CF6B82DAEE4930303EB7DE24772C69D22D6D64A78E,2,0
0x7901,MSLIG1,iee-assets/creature-sprites/CreatureSprites-XN-FAC20002B378C46838C68A1554BB9CF4DEF7BB9EAA33078E530A43D2B57ED4B1.registry,FAC20002B378C46838C68A1554BB9CF4DEF7BB9EAA33078E530A43D2B57ED4B1,232,0
0x7901,MSLIG1E,iee-assets/creature-sprites/CreatureSprites-XN-32FF2C75F310020BD69B9FE9B2A338D82E872E676D937A506EDC709A822E3509.registry,32FF2C75F310020BD69B9FE9B2A338D82E872E676D937A506EDC709A822E3509,87,0
0x7901,MSLIG2,iee-assets/creature-sprites/CreatureSprites-XN-7A0348AFE1FE3AA84AFC066BB5153DE2859214C21C7FDF9676B764A3A9733E6D.registry,7A0348AFE1FE3AA84AFC066BB5153DE2859214C21C7FDF9676B764A3A9733E6D,100,0
0x7901,MSLIG2E,iee-assets/creature-sprites/CreatureSprites-XN-91385F8727FC8BCBF81D812CCAEB4F1C994C73EF6C9260613F5F37875C24D83E.registry,91385F8727FC8BCBF81D812CCAEB4F1C994C73EF6C9260613F5F37875C24D83E,60,0
0x7902,MSLI2INV,iee-assets/creature-sprites/CreatureSprites-XN-1F275B077E26525D15BA76C94C372E0E47628FB2360D9C5E51B33F27C7EB5DC3.registry,1F275B077E26525D15BA76C94C372E0E47628FB2360D9C5E51B33F27C7EB5DC3,2,0
0x7902,MSLIG1,iee-assets/creature-sprites/CreatureSprites-XN-051D69AFDC77E62D4E0C81A768077E5F5D4ED281DBD00211F5665B7668D6231A.registry,051D69AFDC77E62D4E0C81A768077E5F5D4ED281DBD00211F5665B7668D6231A,232,0
0x7902,MSLIG1E,iee-assets/creature-sprites/CreatureSprites-XN-247B70C35BA751A451D383B6D01DEB6EFDCC79271C9B9CA4E8D2674BAE964229.registry,247B70C35BA751A451D383B6D01DEB6EFDCC79271C9B9CA4E8D2674BAE964229,87,0
0x7902,MSLIG2,iee-assets/creature-sprites/CreatureSprites-XN-2BA26225AD92CE14484FFF3A000D8E75CFA867F57047E97CE39C4B9208DB74C8.registry,2BA26225AD92CE14484FFF3A000D8E75CFA867F57047E97CE39C4B9208DB74C8,100,0
0x7902,MSLIG2E,iee-assets/creature-sprites/CreatureSprites-XN-4272E80275EBE77CBF3F176697DC4568438CD320A5D6B621EF7580030C815860.registry,4272E80275EBE77CBF3F176697DC4568438CD320A5D6B621EF7580030C815860,60,0
0x7903,MSLI2INV,iee-assets/creature-sprites/CreatureSprites-XN-A3EE4EA1B0CF881E264D95339279C6D14874E4E49A8302D8F4F999EA0536510B.registry,A3EE4EA1B0CF881E264D95339279C6D14874E4E49A8302D8F4F999EA0536510B,2,0
0x7903,MSLIG1,iee-assets/creature-sprites/CreatureSprites-XN-5086A35A1D9FDD18A661BE6434AE9547EF3B07443A3F1EC37299BDBD13FB8927.registry,5086A35A1D9FDD18A661BE6434AE9547EF3B07443A3F1EC37299BDBD13FB8927,232,0
0x7903,MSLIG1E,iee-assets/creature-sprites/CreatureSprites-XN-8D7D936D848D9578939D70C2E3B8DD5DCFBB46F38D83C1263F121ED8CDFCD6AD.registry,8D7D936D848D9578939D70C2E3B8DD5DCFBB46F38D83C1263F121ED8CDFCD6AD,87,0
0x7903,MSLIG2,iee-assets/creature-sprites/CreatureSprites-XN-169776CE1AC8C640E7028D35E1C35C09445E01A3BEE7C0ABA4430CD1603393DB.registry,169776CE1AC8C640E7028D35E1C35C09445E01A3BEE7C0ABA4430CD1603393DB,100,0
0x7903,MSLIG2E,iee-assets/creature-sprites/CreatureSprites-XN-9423F5C82B190DEB620EA46729B47AAA37BD5A7596C5AB3CA46412E9930B5B92.registry,9423F5C82B190DEB620EA46729B47AAA37BD5A7596C5AB3CA46412E9930B5B92,60,0
0x7904,MSLI2INV,iee-assets/creature-sprites/CreatureSprites-XN-B3E43899965099E1B9A229CF6B82DAEE4930303EB7DE24772C69D22D6D64A78E.registry,B3E43899965099E1B9A229CF6B82DAEE4930303EB7DE24772C69D22D6D64A78E,2,0
0x7904,MSLIG1,iee-assets/creature-sprites/CreatureSprites-XN-FE89802F43077CE552808085E867FCD28735C92719229805192DA3E62CF14511.registry,FE89802F43077CE552808085E867FCD28735C92719229805192DA3E62CF14511,232,0
0x7904,MSLIG1E,iee-assets/creature-sprites/CreatureSprites-XN-66549EDD98AA7F78C1289272A38C67C02FC0C987FB85877B940AEC71C5192CE7.registry,66549EDD98AA7F78C1289272A38C67C02FC0C987FB85877B940AEC71C5192CE7,87,0
0x7904,MSLIG2,iee-assets/creature-sprites/CreatureSprites-XN-CC413CEB79CA51F87099150684F1A557F45E4101ABE60FD4F4A37003B899228E.registry,CC413CEB79CA51F87099150684F1A557F45E4101ABE60FD4F4A37003B899228E,100,0
0x7904,MSLIG2E,iee-assets/creature-sprites/CreatureSprites-XN-ADB0BBFB08C47BAA75D2D7047C8D1707F47725A7DBC9263BE604E0348BAD4214.registry,ADB0BBFB08C47BAA75D2D7047C8D1707F47725A7DBC9263BE604E0348BAD4214,60,0
0x7A00,MSPI3INV,iee-assets/creature-sprites/CreatureSprites-XN-FA9BE6D9DC3E8697EA9AB9DD6C9C135724B3D67A7DA9EA9DA05E20267CA66CE1.registry,FA9BE6D9DC3E8697EA9AB9DD6C9C135724B3D67A7DA9EA9DA05E20267CA66CE1,2,0
0x7A00,MSPIG1,iee-assets/creature-sprites/CreatureSprites-XN-FA747920267645119FFE70573185E49B66D5AC45145C10EC76AC7A34484186DE.registry,FA747920267645119FFE70573185E49B66D5AC45145C10EC76AC7A34484186DE,140,0
0x7A00,MSPIG1E,iee-assets/creature-sprites/CreatureSprites-XN-956CA88EA61C029822B24EEA18C2B950F0FD22CC802519AD6B6FA9AC0E6E8080.registry,956CA88EA61C029822B24EEA18C2B950F0FD22CC802519AD6B6FA9AC0E6E8080,84,0
0x7A00,MSPIG2,iee-assets/creature-sprites/CreatureSprites-XN-FD9BD54A987EDF04C30CE63F4EED0DD10FCA305516D9FA636F8A63FD1C4FF913.registry,FD9BD54A987EDF04C30CE63F4EED0DD10FCA305516D9FA636F8A63FD1C4FF913,110,0
0x7A00,MSPIG2E,iee-assets/creature-sprites/CreatureSprites-XN-AA91D103C624B1DAB5FE015B0329BE3293DE03CE136C16E67BA107624A429F20.registry,AA91D103C624B1DAB5FE015B0329BE3293DE03CE136C16E67BA107624A429F20,66,0
0x7A01,MSPI3INV,iee-assets/creature-sprites/CreatureSprites-XN-6784449B2211832856CB48D24CD70DED8F27D363B6DD812A4707D21D66A019A6.registry,6784449B2211832856CB48D24CD70DED8F27D363B6DD812A4707D21D66A019A6,2,0
0x7A01,MSPIG1,iee-assets/creature-sprites/CreatureSprites-XN-97F5822C42BC013C1F1E0A2A1E36747DAFD508689D0F97B8C7D0F95A3366ACCB.registry,97F5822C42BC013C1F1E0A2A1E36747DAFD508689D0F97B8C7D0F95A3366ACCB,140,0
0x7A01,MSPIG1E,iee-assets/creature-sprites/CreatureSprites-XN-E026B8797AC22352204088363EF29B29BC53BB053392E652BE3466C0F734A555.registry,E026B8797AC22352204088363EF29B29BC53BB053392E652BE3466C0F734A555,84,0
0x7A01,MSPIG2,iee-assets/creature-sprites/CreatureSprites-XN-B88C0BF6E409B6D89BD31F5A4C37A5A417C0EBA01351B1F9CF4F0A676854DDCA.registry,B88C0BF6E409B6D89BD31F5A4C37A5A417C0EBA01351B1F9CF4F0A676854DDCA,110,0
0x7A01,MSPIG2E,iee-assets/creature-sprites/CreatureSprites-XN-E86E3B330A8C07648334088B7EE7C86ABF95351523F40DFC21C16DED07A396E5.registry,E86E3B330A8C07648334088B7EE7C86ABF95351523F40DFC21C16DED07A396E5,66,0
0x7A02,MSPI3INV,iee-assets/creature-sprites/CreatureSprites-XN-513AFF474DA9C32E84481323C8FDCC11D3AB7B8ACC5D1C36E9387E2B6B6852E4.registry,513AFF474DA9C32E84481323C8FDCC11D3AB7B8ACC5D1C36E9387E2B6B6852E4,2,0
0x7A02,MSPIG1,iee-assets/creature-sprites/CreatureSprites-XN-A3D2A8E1D10892915C63ED13F4B7EC87B1E309B0010B7EFBB5AD386EC3E158B4.registry,A3D2A8E1D10892915C63ED13F4B7EC87B1E309B0010B7EFBB5AD386EC3E158B4,140,0
0x7A02,MSPIG1E,iee-assets/creature-sprites/CreatureSprites-XN-035D14F37D3F247AE08DFCD898C41BD6E78D6E83DE88CFEF2868D433CA6861D0.registry,035D14F37D3F247AE08DFCD898C41BD6E78D6E83DE88CFEF2868D433CA6861D0,84,0
0x7A02,MSPIG2,iee-assets/creature-sprites/CreatureSprites-XN-00B9B3E84BE54F75FBAECC45DF7BD4EE8CED10EBF9A71F6F9D0E3743510EB02F.registry,00B9B3E84BE54F75FBAECC45DF7BD4EE8CED10EBF9A71F6F9D0E3743510EB02F,110,0
0x7A02,MSPIG2E,iee-assets/creature-sprites/CreatureSprites-XN-6152A30F6C1CE76FD09B65BA999E66F76B6B4D7E20FA8790A8985F452B7A2A05.registry,6152A30F6C1CE76FD09B65BA999E66F76B6B4D7E20FA8790A8985F452B7A2A05,66,0
0x7A03,MSPI3INV,iee-assets/creature-sprites/CreatureSprites-XN-31F5ECF12C022A8F24B4B752E3BE9C3F99F12E26B233CDC97BF082BB5DFD329C.registry,31F5ECF12C022A8F24B4B752E3BE9C3F99F12E26B233CDC97BF082BB5DFD329C,2,0
0x7A03,MSPIG1,iee-assets/creature-sprites/CreatureSprites-XN-4B5ABB5818CD08A36F87ABB3869394333412F0AEEA717481B1C13342519EA466.registry,4B5ABB5818CD08A36F87ABB3869394333412F0AEEA717481B1C13342519EA466,140,0
0x7A03,MSPIG1E,iee-assets/creature-sprites/CreatureSprites-XN-C14321827DDF1E52DB70D2B715089F02A80D9DFD2A33B18478343A724B510691.registry,C14321827DDF1E52DB70D2B715089F02A80D9DFD2A33B18478343A724B510691,84,0
0x7A03,MSPIG2,iee-assets/creature-sprites/CreatureSprites-XN-415048787527AD2BA9A0A03CB3D1589892AB81FB539904F9C980DB3AED808189.registry,415048787527AD2BA9A0A03CB3D1589892AB81FB539904F9C980DB3AED808189,110,0
0x7A03,MSPIG2E,iee-assets/creature-sprites/CreatureSprites-XN-F38CFDF7906A2854D3E1E929906CE4D688380010B4C5300A2DCEB3D7B0F3C6F5.registry,F38CFDF7906A2854D3E1E929906CE4D688380010B4C5300A2DCEB3D7B0F3C6F5,66,0
0x7A04,MSPI3INV,iee-assets/creature-sprites/CreatureSprites-XN-3D64001FB769D83CB6D4288473C41675DC646B3F75C147AA690E0034CB05938B.registry,3D64001FB769D83CB6D4288473C41675DC646B3F75C147AA690E0034CB05938B,2,0
0x7A04,MSPIG1,iee-assets/creature-sprites/CreatureSprites-XN-0A69689122011107836E0B346A85BAF6A343EE84CF8C30A8C88C819CDBE19208.registry,0A69689122011107836E0B346A85BAF6A343EE84CF8C30A8C88C819CDBE19208,140,0
0x7A04,MSPIG1E,iee-assets/creature-sprites/CreatureSprites-XN-52ED798FAB92EDF6DFA30690A24BEFA51EF4B34907A55BE89318FACDE001CF86.registry,52ED798FAB92EDF6DFA30690A24BEFA51EF4B34907A55BE89318FACDE001CF86,84,0
0x7A04,MSPIG2,iee-assets/creature-sprites/CreatureSprites-XN-3AFCA54CA2BD5A9E86CE0E997C8DC25700C34AF7BF2A1AC937EBD7EA85F8F2DD.registry,3AFCA54CA2BD5A9E86CE0E997C8DC25700C34AF7BF2A1AC937EBD7EA85F8F2DD,110,0
0x7A04,MSPIG2E,iee-assets/creature-sprites/CreatureSprites-XN-7E470A53954FE5D0C3B823C3D9F4EF73DF060E244FDF12959E4309BF48E584AD.registry,7E470A53954FE5D0C3B823C3D9F4EF73DF060E244FDF12959E4309BF48E584AD,66,0
0x7B00,MWLF0INV,iee-assets/creature-sprites/CreatureSprites-XN-D1D2518823109A2ABE8CD328ED5638F49BAE3BCF826E694DF6D11817497DC769.registry,D1D2518823109A2ABE8CD328ED5638F49BAE3BCF826E694DF6D11817497DC769,2,0
0x7B00,MWLF3INV,iee-assets/creature-sprites/CreatureSprites-XN-595C5AFA3FBBA7DDD5C6904394BBE788EC9F63186D05BBEEC4FFE7F3DDC266E5.registry,595C5AFA3FBBA7DDD5C6904394BBE788EC9F63186D05BBEEC4FFE7F3DDC266E5,2,0
0x7B00,MWLFG1,iee-assets/creature-sprites/CreatureSprites-XN-2ECDBE6CDF9F0D5684B991F5418AC3B0141A1C0D64AA24312722A87B004AD565.registry,2ECDBE6CDF9F0D5684B991F5418AC3B0141A1C0D64AA24312722A87B004AD565,100,0
0x7B00,MWLFG1E,iee-assets/creature-sprites/CreatureSprites-XN-E87845CB8B7E06D5AB843F653E9C2AC6A6B88DA37D9B18E0B295F651F1C7CEFD.registry,E87845CB8B7E06D5AB843F653E9C2AC6A6B88DA37D9B18E0B295F651F1C7CEFD,60,0
0x7B00,MWLFG2,iee-assets/creature-sprites/CreatureSprites-XN-21312C9359D5122396A390CD579D71D463DAAAB9D22D770A9E7FCDA5731E32F0.registry,21312C9359D5122396A390CD579D71D463DAAAB9D22D770A9E7FCDA5731E32F0,160,0
0x7B00,MWLFG2E,iee-assets/creature-sprites/CreatureSprites-XN-3FD2ED2A5B063FB300D7A39D7FD2767D32E4EB34AF3F6012F5E3D0C3AAF5FA4B.registry,3FD2ED2A5B063FB300D7A39D7FD2767D32E4EB34AF3F6012F5E3D0C3AAF5FA4B,60,0
0x7B01,MWLF0INV,iee-assets/creature-sprites/CreatureSprites-XN-0EBB394AE50BFB583C914985C125A6132C06BC34992415A96D7DA8AE3946D970.registry,0EBB394AE50BFB583C914985C125A6132C06BC34992415A96D7DA8AE3946D970,2,0
0x7B01,MWLF3INV,iee-assets/creature-sprites/CreatureSprites-XN-6F9515D45A833298FA91BF3E2CDB2848EEC9A9C9ECB9537AA3E62A45BFD6460C.registry,6F9515D45A833298FA91BF3E2CDB2848EEC9A9C9ECB9537AA3E62A45BFD6460C,2,0
0x7B01,MWLFG1,iee-assets/creature-sprites/CreatureSprites-XN-C8E8D83C0CEE1857591856638992678056B3947AE377D84CC86CB61BEB0DA3B8.registry,C8E8D83C0CEE1857591856638992678056B3947AE377D84CC86CB61BEB0DA3B8,100,0
0x7B01,MWLFG1E,iee-assets/creature-sprites/CreatureSprites-XN-94972CC902001111ECCEB952E8B4FAE8DF7C807B20DF2AECBBD0FA02CB74EB40.registry,94972CC902001111ECCEB952E8B4FAE8DF7C807B20DF2AECBBD0FA02CB74EB40,60,0
0x7B01,MWLFG2,iee-assets/creature-sprites/CreatureSprites-XN-95650527A0DDB692FC5652FC76099DFF198E5377CDCBBDDD67FC2F54B2420E40.registry,95650527A0DDB692FC5652FC76099DFF198E5377CDCBBDDD67FC2F54B2420E40,160,0
0x7B01,MWLFG2E,iee-assets/creature-sprites/CreatureSprites-XN-6CADEF1C5AE3BE6905709C459B350698F27C3BEDD6655D16544269611C6F818F.registry,6CADEF1C5AE3BE6905709C459B350698F27C3BEDD6655D16544269611C6F818F,60,0
0x7B02,MWLF0INV,iee-assets/creature-sprites/CreatureSprites-XN-272665BC7F768A7920A931216663C76C724504F907084D92A7B6FAC97B7F122E.registry,272665BC7F768A7920A931216663C76C724504F907084D92A7B6FAC97B7F122E,2,0
0x7B02,MWLF3INV,iee-assets/creature-sprites/CreatureSprites-XN-B2416AEC7F5F6BC9D17B7279891814470FB6E0BEA44816298C4C721114167D0F.registry,B2416AEC7F5F6BC9D17B7279891814470FB6E0BEA44816298C4C721114167D0F,2,0
0x7B02,MWLFG1,iee-assets/creature-sprites/CreatureSprites-XN-EF2175E747ED8306649FBDF7CDB0141073FCB16CD0B43CCFFCE297E9AE57B9CE.registry,EF2175E747ED8306649FBDF7CDB0141073FCB16CD0B43CCFFCE297E9AE57B9CE,100,0
0x7B02,MWLFG1E,iee-assets/creature-sprites/CreatureSprites-XN-EFA5C79163142B4DD5E3FCFB48ACBAF830338E1BD859DDF0957A64F115739596.registry,EFA5C79163142B4DD5E3FCFB48ACBAF830338E1BD859DDF0957A64F115739596,60,0
0x7B02,MWLFG2,iee-assets/creature-sprites/CreatureSprites-XN-3AB109B590C4AC64FEE280B1E8729F0FB283C5B8B1EA4950BFABD4E001DEF393.registry,3AB109B590C4AC64FEE280B1E8729F0FB283C5B8B1EA4950BFABD4E001DEF393,160,0
0x7B02,MWLFG2E,iee-assets/creature-sprites/CreatureSprites-XN-8F23F976FE843907B8D5932A32C824D66D730632F0DA7FFF706AF109654B2334.registry,8F23F976FE843907B8D5932A32C824D66D730632F0DA7FFF706AF109654B2334,60,0
0x7B03,MWLF0INV,iee-assets/creature-sprites/CreatureSprites-XN-D790E94A799A72BA66367FE2E8EF8C2871CE898FDF3E67026558247A4C964710.registry,D790E94A799A72BA66367FE2E8EF8C2871CE898FDF3E67026558247A4C964710,2,0
0x7B03,MWLF3INV,iee-assets/creature-sprites/CreatureSprites-XN-74951835F7A1314275CB7A589773F3662FCDC0B42D489D03094E9372D369F502.registry,74951835F7A1314275CB7A589773F3662FCDC0B42D489D03094E9372D369F502,2,0
0x7B03,MWLFG1,iee-assets/creature-sprites/CreatureSprites-XN-E2D68592272D46F860D5907A786EB78F2CE51B032C0BB085F714B06E6859D158.registry,E2D68592272D46F860D5907A786EB78F2CE51B032C0BB085F714B06E6859D158,100,0
0x7B03,MWLFG1E,iee-assets/creature-sprites/CreatureSprites-XN-A473C5F3D7B361D8FF439A13039F58905179B643BC82CEDE1799CDA8BB3041FE.registry,A473C5F3D7B361D8FF439A13039F58905179B643BC82CEDE1799CDA8BB3041FE,60,0
0x7B03,MWLFG2,iee-assets/creature-sprites/CreatureSprites-XN-4615ACE29D7B2E89380E602132F043CD1D0B925C99997FD6DE2239D83E79DB62.registry,4615ACE29D7B2E89380E602132F043CD1D0B925C99997FD6DE2239D83E79DB62,160,0
0x7B03,MWLFG2E,iee-assets/creature-sprites/CreatureSprites-XN-5735F44DF6DACCE9CD229D91DA525CDCC84AEF236EDFCE6C85B118A40D81A07F.registry,5735F44DF6DACCE9CD229D91DA525CDCC84AEF236EDFCE6C85B118A40D81A07F,60,0
0x7B04,MWLF0INV,iee-assets/creature-sprites/CreatureSprites-XN-98346554A1C996F466ABF87F42654E01C26E505F2C22548721A6047968710440.registry,98346554A1C996F466ABF87F42654E01C26E505F2C22548721A6047968710440,2,0
0x7B04,MWLF3INV,iee-assets/creature-sprites/CreatureSprites-XN-A0E41732C57BB00817968959C85B01C30915C16327F2E032B1BED67336E55140.registry,A0E41732C57BB00817968959C85B01C30915C16327F2E032B1BED67336E55140,2,0
0x7B04,MWLFG1,iee-assets/creature-sprites/CreatureSprites-XN-05AF4D6682C81A2E7D5F8CFE31868AB682484E8C9D70C05E41A2E5870840C47B.registry,05AF4D6682C81A2E7D5F8CFE31868AB682484E8C9D70C05E41A2E5870840C47B,100,0
0x7B04,MWLFG1E,iee-assets/creature-sprites/CreatureSprites-XN-7137F36147C3D88251252F2BE626E29B424ADFDC0ECCC3A90A02ADAEEF785C6D.registry,7137F36147C3D88251252F2BE626E29B424ADFDC0ECCC3A90A02ADAEEF785C6D,60,0
0x7B04,MWLFG2,iee-assets/creature-sprites/CreatureSprites-XN-C68BA6E5DC096FD0FDF6A466851360AB35C2507BDCF7A9FDD49EC5684F4CF6BA.registry,C68BA6E5DC096FD0FDF6A466851360AB35C2507BDCF7A9FDD49EC5684F4CF6BA,160,0
0x7B04,MWLFG2E,iee-assets/creature-sprites/CreatureSprites-XN-FACE304B9B0E3E0609995BCC2FC4E3BFBA5AA409A179D1A582F116308E6E5360.registry,FACE304B9B0E3E0609995BCC2FC4E3BFBA5AA409A179D1A582F116308E6E5360,60,0
0x7B05,MWLF0INV,iee-assets/creature-sprites/CreatureSprites-XN-F46DAB55B6AF3DAF27153C7F3E765C151A5FA86CDEE923D143579D629906802F.registry,F46DAB55B6AF3DAF27153C7F3E765C151A5FA86CDEE923D143579D629906802F,2,0
0x7B05,MWLF3INV,iee-assets/creature-sprites/CreatureSprites-XN-8C59C1815194DE1832467200ED99728F02C869B77C87A8840CCFBA49F513790C.registry,8C59C1815194DE1832467200ED99728F02C869B77C87A8840CCFBA49F513790C,2,0
0x7B05,MWLFG1,iee-assets/creature-sprites/CreatureSprites-XN-6260B930E94EA71A7CDB52EF52552F657BBC0E8434843C7A2295E4DB99C7FF68.registry,6260B930E94EA71A7CDB52EF52552F657BBC0E8434843C7A2295E4DB99C7FF68,100,0
0x7B05,MWLFG1E,iee-assets/creature-sprites/CreatureSprites-XN-36908BC022CC033DEBA9B0D9E4AD30E6BD06FD7DD8716C1351A2FD18F77A8A3C.registry,36908BC022CC033DEBA9B0D9E4AD30E6BD06FD7DD8716C1351A2FD18F77A8A3C,60,0
0x7B05,MWLFG2,iee-assets/creature-sprites/CreatureSprites-XN-14DB3D13487E99B9E27E534466973FD4F23EB8DC90FC3BC61B0B5A735372386B.registry,14DB3D13487E99B9E27E534466973FD4F23EB8DC90FC3BC61B0B5A735372386B,160,0
0x7B05,MWLFG2E,iee-assets/creature-sprites/CreatureSprites-XN-35F1E3C9E75BCEF16884D1513F5DCCD0DB372A73D0F48A717D964FA325F6FEBB.registry,35F1E3C9E75BCEF16884D1513F5DCCD0DB372A73D0F48A717D964FA325F6FEBB,60,0
0x7B06,MWLSG1,iee-assets/creature-sprites/CreatureSprites-XN-FBDDF11056E8328C56567320326DE9DA8C4FC07E712CCB54A134A519C21AF201.registry,FBDDF11056E8328C56567320326DE9DA8C4FC07E712CCB54A134A519C21AF201,100,0
0x7B06,MWLSG1E,iee-assets/creature-sprites/CreatureSprites-XN-3D2978104CC94468015899BAFE3A3E47C783C7B3E321DF753C5F74EB90DB3679.registry,3D2978104CC94468015899BAFE3A3E47C783C7B3E321DF753C5F74EB90DB3679,60,0
0x7B06,MWLSG2,iee-assets/creature-sprites/CreatureSprites-XN-7C820C9D41214C32DCAB3597B1BF3EAD410F3D3FEED5912B4EFB070A94A688D7.registry,7C820C9D41214C32DCAB3597B1BF3EAD410F3D3FEED5912B4EFB070A94A688D7,160,0
0x7B06,MWLSG2E,iee-assets/creature-sprites/CreatureSprites-XN-9E1E6A58DDB0301FB89052A440DEF1F40FC54A766C5409C7689DA4B3D3C42DB8.registry,9E1E6A58DDB0301FB89052A440DEF1F40FC54A766C5409C7689DA4B3D3C42DB8,60,0
0x7C00,MXVTG1,iee-assets/creature-sprites/CreatureSprites-XN-A2D423B7BA993AECD31376DC282A46AB1C1BB3C6C13A79687E13068B882577BE.registry,A2D423B7BA993AECD31376DC282A46AB1C1BB3C6C13A79687E13068B882577BE,110,0
0x7C00,MXVTG1E,iee-assets/creature-sprites/CreatureSprites-XN-F8B8BF4CE47CA13E077CE270F4F0519AAD882F7ECD96BD76477308DC75F8883B.registry,F8B8BF4CE47CA13E077CE270F4F0519AAD882F7ECD96BD76477308DC75F8883B,66,0
0x7C00,MXVTG2,iee-assets/creature-sprites/CreatureSprites-XN-71B8CF60C23CB9BB6B14F15EE0D8FD2079171479DB2923344713C74DB93370A3.registry,71B8CF60C23CB9BB6B14F15EE0D8FD2079171479DB2923344713C74DB93370A3,70,0
0x7C00,MXVTG2E,iee-assets/creature-sprites/CreatureSprites-XN-5222025953CFEB601845824DE3B370BF0E2360EED6D25C7413D4DB9794EDA1DC.registry,5222025953CFEB601845824DE3B370BF0E2360EED6D25C7413D4DB9794EDA1DC,42,0
0x7C01,MTASG1,iee-assets/creature-sprites/CreatureSprites-XN-10DD48E89AFA39CE3DD2819F4AFB4FEF02FE27B764853EEBAFA76527E6BC1C95.registry,10DD48E89AFA39CE3DD2819F4AFB4FEF02FE27B764853EEBAFA76527E6BC1C95,120,0
0x7C01,MTASG1E,iee-assets/creature-sprites/CreatureSprites-XN-EF0C388A5E4CD2E6DCFA810935A526E3F8B43ED0C1411EAEE3F6E433F1E5D2C2.registry,EF0C388A5E4CD2E6DCFA810935A526E3F8B43ED0C1411EAEE3F6E433F1E5D2C2,72,0
0x7C01,MTASG2,iee-assets/creature-sprites/CreatureSprites-XN-957E07A1B9730C1C05875DC360BC838191510615CE5C911D97F9EDA938289470.registry,957E07A1B9730C1C05875DC360BC838191510615CE5C911D97F9EDA938289470,80,0
0x7C01,MTASG2E,iee-assets/creature-sprites/CreatureSprites-XN-83E3D6A47C6498A16A05E0FACA5C42A79E2E29A90691C904A0498032DF8FB3AD.registry,83E3D6A47C6498A16A05E0FACA5C42A79E2E29A90691C904A0498032DF8FB3AD,48,0
0x7D00,MZOMG1,iee-assets/creature-sprites/CreatureSprites-XN-E3AA5DA9A4FAB433B7C4E248C885540817155E791138190B252052C0616B82E2.registry,E3AA5DA9A4FAB433B7C4E248C885540817155E791138190B252052C0616B82E2,180,0
0x7D00,MZOMG1E,iee-assets/creature-sprites/CreatureSprites-XN-26A14907C491499DB9A15AA1DCE823E269997DE0E13546AD75409D990D76899E.registry,26A14907C491499DB9A15AA1DCE823E269997DE0E13546AD75409D990D76899E,108,0
0x7D00,MZOMG2,iee-assets/creature-sprites/CreatureSprites-XN-BDDE48C21A2E2FAE150275C97D60FD6A5AE3B9DCC3966A5D9E205A5F3CE80087.registry,BDDE48C21A2E2FAE150275C97D60FD6A5AE3B9DCC3966A5D9E205A5F3CE80087,170,0
0x7D00,MZOMG2E,iee-assets/creature-sprites/CreatureSprites-XN-F150087FFE30562F9F3E444D4A2148B800A9769717A52E5027ABE55E50F09826.registry,F150087FFE30562F9F3E444D4A2148B800A9769717A52E5027ABE55E50F09826,102,0
0x7E00,MWERG1,iee-assets/creature-sprites/CreatureSprites-XN-BF6F350136DB88396B292D667D5C6C0D2E1695B6BA50B5076168A7C12E09DF0B.registry,BF6F350136DB88396B292D667D5C6C0D2E1695B6BA50B5076168A7C12E09DF0B,170,0
0x7E00,MWERG1E,iee-assets/creature-sprites/CreatureSprites-XN-BF7FC035BF449DA8AECCAFEB95FD33804C7520498E339D0F2E4A96F2BF80AEAE.registry,BF7FC035BF449DA8AECCAFEB95FD33804C7520498E339D0F2E4A96F2BF80AEAE,102,0
0x7E00,MWERG2,iee-assets/creature-sprites/CreatureSprites-XN-5DFA3E069121E2290A6365ED8BCCE17B5C0E4771CB56AE2CA209E67A31CD7341.registry,5DFA3E069121E2290A6365ED8BCCE17B5C0E4771CB56AE2CA209E67A31CD7341,140,0
0x7E00,MWERG2E,iee-assets/creature-sprites/CreatureSprites-XN-CA0D81B0DDB92B5FC5B8D85AB8895E9C78E98C718F1657232E25EC36CBF0412B.registry,CA0D81B0DDB92B5FC5B8D85AB8895E9C78E98C718F1657232E25EC36CBF0412B,84,0
0x7E01,MGWEG1,iee-assets/creature-sprites/CreatureSprites-XN-DCE037964B42C517B443D9AF369816591FAC347CCBD1221A6058FA34DE9B388B.registry,DCE037964B42C517B443D9AF369816591FAC347CCBD1221A6058FA34DE9B388B,170,0
0x7E01,MGWEG1E,iee-assets/creature-sprites/CreatureSprites-XN-C28A73F5B9CFC9EA587F3F903A5A2593DF7424A8FC2AD38A6977629083C318DD.registry,C28A73F5B9CFC9EA587F3F903A5A2593DF7424A8FC2AD38A6977629083C318DD,102,0
0x7E01,MGWEG2,iee-assets/creature-sprites/CreatureSprites-XN-BF99906BAE1A8F9173A4F7109B449202CA47C3C0137921A77C8F229A23682FD2.registry,BF99906BAE1A8F9173A4F7109B449202CA47C3C0137921A77C8F229A23682FD2,140,0
0x7E01,MGWEG2E,iee-assets/creature-sprites/CreatureSprites-XN-AE6D6DAC5730D00A5B9A0A83EB83D5B98EF04F64E57009E146BE2671C14E453F.registry,AE6D6DAC5730D00A5B9A0A83EB83D5B98EF04F64E57009E146BE2671C14E453F,84,0
0x7E01,MGWEINV,iee-assets/creature-sprites/CreatureSprites-XN-9B6FA95AE31D682A9680F30B56FF574A42F43C11C8A6B4890EC7C8DE2E1FA73B.registry,9B6FA95AE31D682A9680F30B56FF574A42F43C11C8A6B4890EC7C8DE2E1FA73B,2,0
