area,component_id,source_path,include_wed,model
AR4000,5000,maps/AR4000/runs/seedvr2-7b-int8-lab-grid-2x2-x4/05_build,false,SeedVR2-7B-LAB
AR4500,5010,maps/AR4500/runs/seedvr2-7b-int8-lab-grid-2x4-x4/05_build,false,SeedVR2-7B-LAB
AR5000,5020,maps/AR5000/runs/seedvr2-7b-int8-none-grid-2x3-x4/05_build,false,SeedVR2-7B-none
AR5001,5030,maps/AR5001/runs/seedvr2-7b-int8-lab-direct-x4/05_build,false,SeedVR2-7B-LAB
AR5002,5040,maps/AR5002/runs/seedvr2-7b-int8-lab-direct-x4/05_build,false,SeedVR2-7B-LAB
AR5003,5050,maps/AR5003/runs/seedvr2-7b-int8-lab-split-rows-x4/05_build,false,SeedVR2-7B-LAB
AR5004,5060,maps/AR5004/runs/seedvr2-7b-int8-lab-direct-x4/05_build,false,SeedVR2-7B-LAB
AR5005,5070,maps/AR5005/runs/seedvr2-7b-int8-lab-direct-x4/05_build,false,SeedVR2-7B-LAB
AR5006,5080,maps/AR5006/runs/seedvr2-7b-int8-lab-direct-x4/05_build,false,SeedVR2-7B-LAB
AR5007,5090,maps/AR5007/runs/seedvr2-7b-int8-lab-grid-2x2-x4/05_build,false,SeedVR2-7B-LAB
AR5008,5100,maps/AR5008/runs/seedvr2-7b-int8-lab-direct-x4/05_build,false,SeedVR2-7B-LAB
AR5009,5110,maps/AR5009/runs/seedvr2-7b-int8-lab-direct-x4/05_build,false,SeedVR2-7B-LAB
AR5010,5120,maps/AR5010/runs/seedvr2-7b-int8-none-direct-x4/05_build,false,SeedVR2-7B-none
AR5011,5130,maps/AR5011/runs/seedvr2-7b-int8-lab-direct-x4/05_build,false,SeedVR2-7B-LAB
AR5012,5140,maps/AR5012/runs/seedvr2-7b-int8-lab-direct-x4/05_build,false,SeedVR2-7B-LAB
AR5013,5150,maps/AR5013/runs/seedvr2-7b-int8-lab-grid-2x3-x4/05_build,false,SeedVR2-7B-LAB
AR5014,5160,maps/AR5014/runs/seedvr2-7b-int8-lab-direct-x4/05_build,false,SeedVR2-7B-LAB
AR5015,5170,maps/AR5015/runs/seedvr2-7b-int8-lab-direct-x4/05_build,false,SeedVR2-7B-LAB
AR5016,5180,maps/AR5016/runs/seedvr2-7b-int8-lab-direct-x4/05_build,false,SeedVR2-7B-LAB
AR5200,5190,maps/AR5200/runs/seedvr2-7b-int8-none-grid-2x2-x4/05_build,false,SeedVR2-7B-none
AR5201,5200,maps/AR5201/runs/seedvr2-7b-int8-none-grid-2x3-x4/05_build,false,SeedVR2-7B-none
AR5203,5210,maps/AR5203/runs/seedvr2-7b-int8-none-grid-2x3-x4/05_build,false,SeedVR2-7B-none
AR5204,5220,maps/AR5204/runs/seedvr2-7b-int8-none-grid-2x3-x4/05_build,false,SeedVR2-7B-none
AR5500,5230,maps/AR5500/runs/seedvr2-7b-int8-lab-grid-2x3-x4/05_build,false,SeedVR2-7B-LAB
AR5501,5240,maps/AR5501/runs/seedvr2-7b-int8-lab-direct-x4/05_build,false,SeedVR2-7B-LAB
AR5502,5250,maps/AR5502/runs/seedvr2-7b-int8-lab-direct-x4/05_build,false,SeedVR2-7B-LAB
AR5503,5260,maps/AR5503/runs/seedvr2-7b-int8-lab-direct-x4/05_build,false,SeedVR2-7B-LAB
AR5504,5270,maps/AR5504/runs/seedvr2-7b-int8-lab-direct-x4/05_build,false,SeedVR2-7B-LAB
AR5505,5280,maps/AR5505/runs/seedvr2-7b-int8-lab-grid-1x2-x4/05_build,false,SeedVR2-7B-LAB
AR5506,5290,maps/AR5506/runs/seedvr2-7b-int8-lab-direct-x4/05_build,false,SeedVR2-7B-LAB
AR5507,5300,maps/AR5507/runs/seedvr2-7b-int8-lab-direct-x4/05_build,false,SeedVR2-7B-LAB
AR5509,5310,maps/AR5509/runs/seedvr2-7b-int8-lab-direct-x4/05_build,false,SeedVR2-7B-LAB
AR6000,5320,maps/AR6000/runs/seedvr2-7b-int8-lab-grid-2x2-x4/05_build,false,SeedVR2-7B-LAB
AR6001,5330,maps/AR6001/runs/seedvr2-7b-int8-lab-direct-x4/05_build,false,SeedVR2-7B-LAB
AR6002,5340,maps/AR6002/runs/seedvr2-7b-int8-lab-grid-1x2-x4/05_build,false,SeedVR2-7B-LAB
AR6003,5350,maps/AR6003/runs/seedvr2-7b-int8-lab-grid-1x2-x4/05_build,false,SeedVR2-7B-LAB
AR6004,5360,maps/AR6004/runs/seedvr2-7b-int8-lab-grid-2x2-x4/05_build,false,SeedVR2-7B-LAB
AR6005,5370,maps/AR6005/runs/seedvr2-7b-int8-lab-grid-2x2-x4/05_build,false,SeedVR2-7B-LAB
AR6008,5380,maps/AR6008/runs/seedvr2-7b-int8-none-direct-x4/05_build,false,SeedVR2-7B-none
AR6011,5390,maps/AR6011/runs/seedvr2-7b-int8-lab-direct-x4/05_build,false,SeedVR2-7B-LAB
AR6012,5400,maps/AR6012/runs/seedvr2-7b-int8-lab-direct-x4/05_build,false,SeedVR2-7B-LAB
AR6100,5410,maps/AR6100/runs/seedvr2-7b-int8-lab-grid-2x2-x4/05_build,false,SeedVR2-7B-LAB
AR6101,5420,maps/AR6101/runs/seedvr2-7b-int8-lab-grid-2x3-x4/05_build,false,SeedVR2-7B-LAB
AR6102,5430,maps/AR6102/runs/seedvr2-7b-int8-lab-grid-2x2-x4/05_build,false,SeedVR2-7B-LAB
AR6103,5440,maps/AR6103/runs/seedvr2-7b-int8-lab-grid-2x2-x4/05_build,false,SeedVR2-7B-LAB
AR6104,5450,maps/AR6104/runs/seedvr2-7b-int8-lab-grid-2x2-x4/05_build,false,SeedVR2-7B-LAB
AR6105,5460,maps/AR6105/runs/seedvr2-7b-int8-lab-grid-1x2-x4/05_build,false,SeedVR2-7B-LAB
AR6106,5470,maps/AR6106/runs/seedvr2-7b-int8-lab-direct-x4/05_build,false,SeedVR2-7B-LAB
AR6107,5480,maps/AR6107/runs/seedvr2-7b-int8-lab-direct-x4/05_build,false,SeedVR2-7B-LAB
AR6108,5490,maps/AR6108/runs/seedvr2-7b-int8-lab-direct-x4/05_build,false,SeedVR2-7B-LAB
AR6109,5500,maps/AR6109/runs/seedvr2-7b-int8-lab-direct-x4/05_build,false,SeedVR2-7B-LAB
AR6110,5510,maps/AR6110/runs/seedvr2-7b-int8-lab-direct-x4/05_build,false,SeedVR2-7B-LAB
AR6111,5520,maps/AR6111/runs/seedvr2-7b-int8-lab-direct-x4/05_build,false,SeedVR2-7B-LAB
AR6200,5530,maps/AR6200/runs/seedvr2-7b-int8-lab-grid-2x2-x4/05_build,false,SeedVR2-7B-LAB
AR6300,5540,maps/AR6300/runs/seedvr2-7b-int8-none-split-rows-x4/05_build,false,SeedVR2-7B-none
AR6400,5550,maps/AR6400/runs/seedvr2-7b-int8-lab-grid-2x2-x4/05_build,false,SeedVR2-7B-LAB
OH4200,5560,maps/OH4200/runs/seedvr2-7b-int8-lab-grid-2x4-x4-jour/05_build,false,SeedVR2-7B-LAB
OH4200N,5560,maps/OH4200/runs/seedvr2-7b-int8-lab-grid-2x4-x4-nuit/05_build,false,SeedVR2-7B-LAB
OH4210,5570,maps/OH4210/runs/seedvr2-7b-int8-lab-grid-2x2-x4/05_build,false,SeedVR2-7B-LAB
OH4220,5580,maps/OH4220/runs/seedvr2-7b-int8-lab-grid-2x2-x4/05_build,false,SeedVR2-7B-LAB
OH4230,5590,maps/OH4230/runs/seedvr2-7b-int8-lab-grid-2x2-x4/05_build,false,SeedVR2-7B-LAB
OH5110,5600,maps/OH5110/runs/seedvr2-7b-int8-lab-direct-x4/05_build,false,SeedVR2-7B-LAB
OH5120,5610,maps/OH5120/runs/seedvr2-7b-int8-lab-direct-x4/05_build,false,SeedVR2-7B-LAB
OH5200,5620,maps/OH5200/runs/seedvr2-7b-int8-lab-grid-2x2-x4-jour/05_build,false,SeedVR2-7B-LAB
OH5200N,5620,maps/OH5200/runs/seedvr2-7b-int8-lab-grid-2x2-x4-nuit/05_build,false,SeedVR2-7B-LAB
OH5400,5630,maps/OH5400/runs/seedvr2-7b-int8-lab-direct-x4/05_build,false,SeedVR2-7B-LAB
OH5500,5640,maps/OH5500/runs/seedvr2-7b-int8-lab-grid-2x5-x4/05_build,false,SeedVR2-7B-LAB
OH6400,5650,maps/OH6400/runs/seedvr2-7b-int8-lab-direct-x4-jour/05_build,false,SeedVR2-7B-LAB
OH6400N,5650,maps/OH6400/runs/seedvr2-7b-int8-lab-direct-x4-nuit/05_build,false,SeedVR2-7B-LAB
OH6500,5660,maps/OH6500/runs/seedvr2-7b-int8-lab-grid-2x2-x4-jour/05_build,false,SeedVR2-7B-LAB
OH6500N,5660,maps/OH6500/runs/seedvr2-7b-int8-lab-grid-2x2-x4-nuit/05_build,false,SeedVR2-7B-LAB
OH7310,5670,maps/OH7310/runs/seedvr2-7b-int8-lab-direct-x4/05_build,false,SeedVR2-7B-LAB
OH8000,5680,maps/OH8000/runs/seedvr2-7b-int8-lab-direct-x4/05_build,false,SeedVR2-7B-LAB
OH8200,5690,maps/OH8200/runs/seedvr2-7b-int8-lab-grid-2x2-x4-jour/05_build,false,SeedVR2-7B-LAB
OH8200N,5690,maps/OH8200/runs/seedvr2-7b-int8-lab-grid-2x2-x4-nuit/05_build,false,SeedVR2-7B-LAB
OH8300,5700,maps/OH8300/runs/seedvr2-7b-int8-lab-grid-2x2-x4-jour/05_build,false,SeedVR2-7B-LAB
OH8300N,5700,maps/OH8300/runs/seedvr2-7b-int8-lab-grid-2x2-x4-nuit/05_build,false,SeedVR2-7B-LAB
OH8400,5710,maps/OH8400/runs/seedvr2-7b-int8-lab-grid-2x2-x4-jour/05_build,false,SeedVR2-7B-LAB
OH8400N,5710,maps/OH8400/runs/seedvr2-7b-int8-lab-grid-2x2-x4-nuit/05_build,false,SeedVR2-7B-LAB
