elapsed_s,window_s,frames,frame_samples,frame_dropped,frame_avg_ms,frame_p95_ms,frame_max_ms,fps,view_samples,view_valid,view_mixed,viewport_w,viewport_h,framebuffer,world_w,world_h,zoom_x,zoom_y,zoom_min_x,zoom_max_x,zoom_min_y,zoom_max_y,scroll_x,scroll_y,scale,min_filter,mag_filter,target_calls,target_successes,target_cpu_ms,target_cpu_max_ms,pixel_calls,pixel_cache_hits,pixel_cpu_ms,upload_calls,upload_successes,upload_bytes,upload_cpu_ms,upload_cpu_max_ms,memory_valid,working_set_bytes,private_bytes
1.017600,1.017600,14,13,0,33.344200,69.224900,69.224900,29.990223,0,0,0,0,0,0,0.000000,0.000000,0.000000,0.000000,0.000000,0.000000,0.000000,0.000000,0.000000,0.000000,0,0,0,0,0,0.000000,0.000000,0,0,0.000000,0,0,0,0.000000,0.000000,1,318828544,533073920
2.033242,1.015642,44,44,0,23.082782,47.968700,66.671800,43.322335,0,0,0,0,0,0,0.000000,0.000000,0.000000,0.000000,0.000000,0.000000,0.000000,0.000000,0.000000,0.000000,0,0,0,0,0,0.000000,0.000000,0,0,0.000000,0,0,0,0.000000,0.000000,1,378650624,603799552
3.044953,1.011710,51,51,0,19.837457,66.777400,75.485900,50.409687,0,0,0,0,0,0,0.000000,0.000000,0.000000,0.000000,0.000000,0.000000,0.000000,0.000000,0.000000,0.000000,0,0,0,0,0,0.000000,0.000000,0,0,0.000000,0,0,0,0.000000,0.000000,1,329965568,556027904
4.057509,1.012556,52,52,0,19.472238,17.366700,160.087700,51.355164,0,0,0,0,0,0,0.000000,0.000000,0.000000,0.000000,0.000000,0.000000,0.000000,0.000000,0.000000,0.000000,0,0,0,0,0,0.000000,0.000000,0,0,0.000000,0,0,0,0.000000,0.000000,1,360370176,588369920
5.057915,1.000406,60,60,0,16.673435,16.933700,17.383900,59.975644,0,0,0,0,0,0,0.000000,0.000000,0.000000,0.000000,0.000000,0.000000,0.000000,0.000000,0.000000,0.000000,0,0,0,0,0,0.000000,0.000000,0,0,0.000000,0,0,0,0.000000,0.000000,1,360636416,588718080
6.304454,1.246539,12,12,0,103.875475,772.577400,772.577400,9.626911,1,1,0,2528,1339,0,941.000000,499.000000,2.686504,2.683367,2.686504,2.686504,2.683367,2.683367,1269.000000,2476.000000,4,9728,9728,1,1,1.051500,1.051500,1,0,0.815600,1,1,731136,0.199400,0.199400,1,798404608,1199538176
7.318175,1.013722,61,61,0,16.618930,17.331500,23.204200,60.172347,61,1,0,2528,1339,0,941.000000,499.000000,2.686504,2.683367,2.686504,2.686504,2.683367,2.683367,1269.000000,2476.000000,4,9728,9728,61,61,22.764500,1.223400,61,45,11.467400,61,61,45268992,10.514100,0.277000,1,817692672,1344335872
8.332601,1.014425,61,61,0,16.629920,17.130700,17.403400,60.132581,61,1,0,2528,1339,0,941.000000,499.000000,2.686504,2.683367,2.686504,2.686504,2.683367,2.683367,1269.000000,2476.000000,4,9728,9728,61,61,22.331000,1.263700,61,45,10.981600,61,61,45219840,10.664000,0.391900,1,822726656,1393614848
9.332661,1.000061,60,60,0,16.667680,16.919500,17.392500,59.996352,60,1,0,2528,1339,0,941.000000,499.000000,2.686504,2.683367,2.686504,2.686504,2.683367,2.683367,1269.000000,2476.000000,4,9728,9728,60,60,22.394900,1.858500,60,45,10.471800,60,60,44544000,11.314600,0.762800,1,827559936,1398603776
10.333202,1.000541,60,60,0,16.675678,17.055400,18.230700,59.967576,60,1,0,2528,1339,0,941.000000,499.000000,2.686504,2.683367,2.686504,2.686504,2.683367,2.683367,1269.000000,2476.000000,4,9728,9728,60,60,19.253600,0.875500,60,45,7.540100,60,60,44127744,11.044400,0.537900,1,829644800,1400627200
11.349588,1.016385,61,61,0,16.662057,16.949800,17.261000,60.016598,61,1,0,2528,1339,0,941.000000,499.000000,2.686504,2.683367,2.686504,2.686504,2.683367,2.683367,1269.000000,2476.000000,4,9728,9728,61,61,18.985600,0.771900,61,46,5.856200,61,61,45304320,11.671300,0.594700,1,830431232,1401376768
12.366191,1.016603,61,61,0,16.665625,16.873200,17.410300,60.003752,61,1,0,2528,1339,0,941.000000,499.000000,2.686504,2.683367,2.686504,2.686504,2.683367,2.683367,1269.000000,2476.000000,4,9728,9728,61,61,18.153400,0.759600,61,46,6.004100,61,61,45273600,11.538500,0.723600,1,831127552,1402122240
13.382661,1.016470,61,61,0,16.663439,16.897400,17.310400,60.011621,61,1,0,2528,1339,0,941.000000,499.000000,2.686504,2.683367,2.686504,2.686504,2.683367,2.683367,1269.000000,2476.000000,4,9728,9728,61,61,18.259700,0.952100,61,46,6.298900,61,61,45092352,10.914100,0.308000,1,828891136,1399894016
14.399276,1.016616,61,61,0,16.665833,16.832300,17.260600,60.003002,61,1,0,2528,1339,0,941.000000,499.000000,2.686504,2.683367,2.686504,2.686504,2.683367,2.683367,1269.000000,2476.000000,4,9728,9728,61,61,18.983100,0.963300,61,45,6.415700,61,61,45092352,11.300500,0.397800,1,830373888,1401397248
15.399940,1.000663,60,60,0,16.677727,16.821600,17.733800,59.960210,60,1,0,2528,1339,0,941.000000,499.000000,2.686504,2.683367,2.686504,2.686504,2.683367,2.683367,1269.000000,2476.000000,4,9728,9728,60,60,16.935100,0.648000,60,45,5.778100,60,60,44530176,10.552300,0.600100,1,830410752,1401462784
16.401005,1.001065,60,60,0,16.684415,16.986100,17.261800,59.936174,60,1,0,2528,1339,0,941.000000,499.000000,2.686504,2.683367,2.686504,2.686504,2.683367,2.683367,1269.000000,2476.000000,4,9728,9728,60,60,17.066200,0.670000,60,45,5.837500,60,60,44557824,10.564500,0.470800,1,831156224,1402208256
17.417140,1.016135,61,61,0,16.657949,17.048800,17.481800,60.031399,61,1,0,2528,1339,0,941.000000,499.000000,2.686504,2.683367,2.686504,2.686504,2.683367,2.683367,1269.000000,2476.000000,4,9728,9728,61,61,16.627600,0.582000,61,46,5.555100,61,61,44880384,10.364200,0.258300,1,831164416,1402208256
18.417887,1.000747,60,60,0,16.679118,17.084200,17.591400,59.955207,60,1,0,2528,1339,0,941.000000,499.000000,2.686504,2.683367,2.686504,2.686504,2.683367,2.683367,1269.000000,2476.000000,4,9728,9728,60,60,18.698000,0.756400,60,45,6.022800,60,60,44544000,11.645500,0.321700,1,831180800,1402339328
19.433902,1.016015,61,61,0,16.655980,17.384800,40.882000,60.038496,61,1,0,2528,1339,0,941.000000,499.000000,2.686504,2.683367,2.686504,2.686504,2.683367,2.683367,1269.000000,2476.000000,4,9728,9728,61,61,18.831000,0.698500,61,46,6.168100,61,61,45219840,11.945100,0.606800,1,834338816,1410838528
20.450039,1.016138,61,61,0,16.657997,16.910900,17.800000,60.031228,61,1,0,2528,1339,0,941.000000,499.000000,2.686504,2.683367,2.686504,2.686504,2.683367,2.683367,1269.000000,2476.000000,4,9728,9728,61,61,18.964500,0.734100,61,46,5.908600,61,61,45281280,12.273400,0.355800,1,835084288,1398849536
21.450360,1.000321,60,60,0,16.672018,17.013600,17.365700,59.980740,60,1,0,2528,1339,0,941.000000,499.000000,2.686504,2.683367,2.686504,2.686504,2.683367,2.683367,1269.000000,2476.000000,4,9728,9728,60,60,17.792400,0.834300,60,45,5.834000,60,60,44089344,11.180800,0.684400,1,835092480,1398849536
22.457840,1.007479,60,60,0,16.791323,16.942300,24.279000,59.554568,60,1,0,2528,1339,0,941.000000,499.000000,2.686504,2.683367,2.686504,2.686504,2.683367,2.683367,1269.000000,2476.000000,4,9728,9728,60,60,22.028000,1.263500,60,45,10.206700,60,60,44310528,11.067700,0.355400,1,837341184,1398788096
23.463156,1.005316,60,60,0,16.755272,17.053800,37.400000,59.682709,60,1,0,2528,1339,0,941.000000,499.000000,2.686504,2.683367,2.686504,2.686504,2.683367,2.683367,1269.000000,2476.000000,4,9728,9728,60,60,22.370000,1.481900,60,44,10.861000,60,60,43868160,10.746300,0.350700,1,845725696,1423867904
24.464684,1.001527,60,60,0,16.692120,16.992100,18.872400,59.908508,60,1,0,2528,1339,0,941.000000,499.000000,2.686504,2.683367,2.686504,2.686504,2.683367,2.683367,1269.000000,2476.000000,4,9728,9728,60,60,19.541300,1.550800,60,46,7.811200,60,60,44476416,11.040500,0.511300,1,849444864,1429692416
25.479872,1.015189,61,61,0,16.642446,16.917600,17.149100,60.087322,61,1,1,2528,1339,0,1014.000000,537.000000,2.493097,2.493482,2.493097,2.686504,2.493482,2.683367,1232.000000,2457.000000,4,9728,9728,61,61,17.501700,0.686300,61,45,6.072200,61,61,44654592,10.715400,0.303000,1,849440768,1429692416
26.482408,1.002536,49,49,0,20.459912,47.814600,82.856200,48.876065,49,1,1,2528,1339,0,2608.000000,1382.000000,0.969325,0.968886,0.969325,2.327808,0.968886,2.324653,435.000000,2034.000000,4,9728,9728,49,49,14.469200,0.785600,49,35,5.249100,49,49,35950080,8.674200,0.371800,1,891498496,1627308032
27.483670,1.001262,57,57,0,17.565995,16.855900,68.605700,56.928174,57,1,1,2528,1339,0,3072.000000,1628.000000,0.822917,0.822482,0.822917,0.969325,0.822482,0.968886,203.000000,1911.000000,4,9728,9728,57,57,16.468100,0.630500,57,42,5.576300,57,57,42130944,10.303500,0.404000,1,900431872,1781379072
28.484537,1.000867,60,60,0,16.681115,17.017200,17.728400,59.948031,60,1,0,2528,1339,0,3072.000000,1628.000000,0.822917,0.822482,0.822917,0.822917,0.822482,0.822482,203.000000,1911.000000,4,9728,9728,60,60,16.973400,0.811100,60,45,5.742700,60,60,43868160,10.477300,0.354400,1,900452352,1797337088
29.485187,1.000650,60,60,0,16.677505,17.073500,17.211300,59.961007,60,1,0,2528,1339,0,3072.000000,1628.000000,0.822917,0.822482,0.822917,0.822917,0.822482,0.822482,203.000000,1911.000000,4,9728,9728,60,60,17.462100,0.739700,60,45,5.691200,60,60,44421120,11.173100,0.292500,1,900718592,1797451776
30.501354,1.016167,61,61,0,16.658470,16.857800,16.939800,60.029521,61,1,0,2528,1339,0,3072.000000,1628.000000,0.822917,0.822482,0.822917,0.822917,0.822482,0.822482,203.000000,1911.000000,4,9728,9728,61,61,17.894200,0.656700,61,45,6.167200,61,61,45275136,11.038200,0.467700,1,901582848,1798242304
31.504684,1.003330,60,60,0,16.722172,17.147300,19.247100,59.800845,60,1,0,2528,1339,0,3072.000000,1628.000000,0.822917,0.822482,0.822917,0.822917,0.822482,0.822482,203.000000,1911.000000,4,9728,9728,60,60,18.304100,0.777900,60,45,6.320100,60,60,44557824,11.328100,0.309600,1,903086080,1799741440
32.504985,1.000301,60,60,0,16.671683,17.082400,17.311500,59.981945,60,1,0,2528,1339,0,3072.000000,1628.000000,0.822917,0.822482,0.822917,0.822917,0.822482,0.822482,203.000000,1911.000000,4,9728,9728,60,60,19.060900,0.808700,60,45,6.258600,60,60,44143104,12.006700,0.325400,1,903159808,1799872512
33.514686,1.009700,60,60,0,16.828337,16.936200,22.363500,59.423579,60,1,0,2528,1339,0,3072.000000,1628.000000,0.822917,0.822482,0.822917,0.822917,0.822482,0.822482,203.000000,1911.000000,4,9728,9728,60,60,17.686900,0.693600,60,45,5.705500,60,60,44427264,11.258300,0.413200,1,902189056,1798889472
34.529392,1.014706,60,60,0,16.911775,16.970400,26.278900,59.130399,60,1,0,2528,1339,0,3072.000000,1628.000000,0.822917,0.822482,0.822917,0.822917,0.822482,0.822482,203.000000,1911.000000,4,9728,9728,60,60,17.340500,0.658400,60,45,5.878700,60,60,43868160,10.661400,0.355500,1,902189056,1798889472
35.532535,1.003143,60,60,0,16.719050,17.052900,20.252200,59.812011,60,1,0,2528,1339,0,3072.000000,1628.000000,0.822917,0.822482,0.822917,0.822917,0.822482,0.822482,203.000000,1911.000000,4,9728,9728,60,60,17.403500,0.957700,60,45,6.063400,60,60,44213760,10.581000,0.276400,1,898002944,1794691072
36.542877,1.010342,60,60,0,16.839032,16.974200,23.005400,59.385838,60,1,0,2528,1339,0,3072.000000,1628.000000,0.822917,0.822482,0.822917,0.822917,0.822482,0.822482,203.000000,1911.000000,4,9728,9728,60,60,17.402500,0.686000,60,45,5.829800,60,60,44554752,10.749500,0.289500,1,897990656,1794691072
37.553583,1.010706,60,60,0,16.845098,16.905800,28.466600,59.364450,60,1,0,2528,1339,0,3072.000000,1628.000000,0.822917,0.822482,0.822917,0.822917,0.822482,0.822482,203.000000,1911.000000,4,9728,9728,60,60,17.692400,0.895500,60,45,5.709200,60,60,44533248,11.194100,0.507600,1,897978368,1794691072
38.570732,1.017149,61,61,0,16.674574,16.968200,23.774200,59.971548,61,1,0,2528,1339,0,3072.000000,1628.000000,0.822917,0.822482,0.822917,0.822917,0.822482,0.822482,203.000000,1911.000000,4,9728,9728,61,61,17.785700,0.755000,61,46,6.049300,61,61,45064704,10.924200,0.318400,1,897966080,1794691072
39.572511,1.001779,60,60,0,16.696322,16.958000,26.042200,59.893432,60,1,0,2528,1339,0,3072.000000,1628.000000,0.822917,0.822482,0.822917,0.822917,0.822482,0.822482,203.000000,1911.000000,4,9728,9728,60,60,17.139800,0.683000,60,45,5.761100,60,60,44375040,10.725200,0.326200,1,898174976,1795080192
40.578494,1.005983,60,60,0,16.766382,16.979900,21.779300,59.643161,60,1,0,2528,1339,0,3072.000000,1628.000000,0.822917,0.822482,0.822917,0.822917,0.822482,0.822482,203.000000,1911.000000,4,9728,9728,60,60,17.702200,0.793200,60,45,5.661800,60,60,43951104,11.163900,0.313300,1,898179072,1795080192
41.594743,1.016250,61,61,0,16.659828,16.896800,16.994200,60.024630,61,1,0,2528,1339,0,3072.000000,1628.000000,0.822917,0.822482,0.822917,0.822917,0.822482,0.822482,203.000000,1911.000000,4,9728,9728,61,61,19.321000,0.828300,61,46,6.233900,61,61,44751360,12.307100,0.332200,1,898183168,1795080192
42.595153,1.000410,60,60,0,16.673498,16.933100,17.079200,59.975416,60,1,0,2528,1339,0,3072.000000,1628.000000,0.822917,0.822482,0.822917,0.822917,0.822482,0.822482,203.000000,1911.000000,4,9728,9728,60,60,18.762400,0.790100,60,45,6.049200,60,60,44379648,11.861100,0.318300,1,898191360,1795080192
43.595493,1.000339,60,60,0,16.672322,16.898500,17.350500,59.979649,60,1,0,2528,1339,0,3072.000000,1628.000000,0.822917,0.822482,0.822917,0.822917,0.822482,0.822482,203.000000,1911.000000,4,9728,9728,60,60,18.160300,0.683100,60,45,5.868900,60,60,43868160,11.530400,0.340000,1,898191360,1795080192
44.596107,1.000614,58,58,0,17.251971,17.171700,51.766200,57.964392,58,1,0,2528,1339,0,3072.000000,1628.000000,0.822917,0.822482,0.822917,0.822917,0.822482,0.822482,203.000000,1911.000000,4,9728,9728,58,58,18.747800,1.241700,58,43,8.049000,58,58,42892608,10.032200,0.235800,1,899661824,1796665344
45.596385,1.000279,60,60,0,16.671310,17.138600,17.965800,59.983289,60,1,0,2528,1339,0,3072.000000,1628.000000,0.822917,0.822482,0.822917,0.822917,0.822482,0.822482,203.000000,1911.000000,4,9728,9728,60,60,24.621500,1.395000,60,45,12.593900,60,60,47721152,11.271300,0.351100,1,903868416,1801674752
46.612837,1.016451,61,61,0,16.663133,16.923900,17.451800,60.012725,61,1,1,2528,1339,0,2782.000000,1474.000000,0.908699,0.908412,0.822917,0.908699,0.822482,0.908412,348.000000,1988.000000,4,9728,9728,61,61,21.619100,1.156600,61,46,10.028400,61,61,48165376,10.916300,0.372900,1,908632064,1806487552
47.613559,1.000723,60,60,0,16.678710,16.965900,17.572100,59.956675,60,1,1,2528,1339,0,970.000000,514.000000,2.606186,2.605058,0.908699,2.606186,0.908412,2.605058,1254.000000,2468.000000,4,9728,9728,60,60,21.979000,0.924500,60,42,9.857600,60,60,45755392,11.498400,0.378800,1,912404480,1810227200
48.630042,1.016483,61,61,0,16.663651,17.090000,17.765000,60.010859,61,1,1,2528,1339,0,511.000000,271.000000,4.947162,4.940959,2.606186,4.947162,2.605058,4.940959,1484.000000,2590.000000,4,9728,9728,61,61,22.347800,0.832300,61,37,9.897100,61,61,45281280,11.716400,0.522300,1,912408576,1810227200
49.630849,1.000808,60,60,0,16.680127,17.449300,17.714400,59.951583,60,1,0,2528,1339,0,511.000000,271.000000,4.947162,4.940959,4.947162,4.947162,4.940959,4.940959,1484.000000,2590.000000,4,9728,9728,60,60,21.805200,1.273600,60,38,8.842600,60,60,44551680,12.202900,0.762600,1,912412672,1810227200
50.647114,1.016265,61,61,0,16.660075,17.061700,17.889100,60.023738,61,1,0,2528,1339,0,511.000000,271.000000,4.947162,4.940959,4.947162,4.947162,4.940959,4.940959,1484.000000,2590.000000,4,9728,9728,61,61,20.999700,0.633700,61,38,9.012500,61,61,44911104,11.138600,0.257300,1,912429056,1810227200
51.663299,1.016185,61,61,0,16.658767,16.983700,18.126700,60.028452,61,1,0,2528,1339,0,511.000000,271.000000,4.947162,4.940959,4.947162,4.947162,4.940959,4.940959,1484.000000,2590.000000,4,9728,9728,61,61,21.812900,0.807800,61,38,9.236300,61,61,45273600,11.628200,0.595000,1,912437248,1810227200
52.664433,1.001134,60,60,0,16.685565,17.262900,17.402200,59.932043,60,1,0,2528,1339,0,511.000000,271.000000,4.947162,4.940959,4.947162,4.947162,4.940959,4.940959,1484.000000,2590.000000,4,9728,9728,60,60,20.021900,0.605500,60,38,8.558500,60,60,44490240,10.776100,0.341300,1,912437248,1810227200
53.680920,1.016487,61,61,0,16.663716,17.014900,17.162900,60.010623,61,1,0,2528,1339,0,511.000000,271.000000,4.947162,4.940959,4.947162,4.947162,4.940959,4.940959,1484.000000,2590.000000,4,9728,9728,61,61,20.059700,0.680600,61,38,9.248800,61,61,45281280,10.186400,0.211100,1,912441344,1810227200
54.697007,1.016088,61,61,0,16.657175,17.121500,18.154400,60.034188,61,1,0,2528,1339,0,511.000000,271.000000,4.947162,4.940959,4.947162,4.947162,4.940959,4.940959,1484.000000,2590.000000,4,9728,9728,61,61,21.199200,0.829400,61,38,9.215800,61,61,44826624,11.062100,0.459200,1,912449536,1810227200
55.697788,1.000781,60,60,0,16.679683,17.383200,17.859100,59.953177,60,1,0,2528,1339,0,511.000000,271.000000,4.947162,4.940959,4.947162,4.947162,4.940959,4.940959,1484.000000,2590.000000,4,9728,9728,60,60,20.114700,0.806100,60,37,8.864100,60,60,44550144,10.638500,0.421300,1,912449536,1810227200
56.714069,1.016281,61,61,0,16.660341,17.083000,17.293900,60.022781,61,1,0,2528,1339,0,511.000000,271.000000,4.947162,4.940959,4.947162,4.947162,4.940959,4.940959,1484.000000,2590.000000,4,9728,9728,61,61,20.435300,0.789800,61,39,8.760800,61,61,45259776,10.970100,0.591300,1,913203200,1810984960
57.719142,1.005073,59,59,0,17.035131,17.507000,32.389200,58.702221,59,1,0,2528,1339,0,511.000000,271.000000,4.947162,4.940959,4.947162,4.947162,4.940959,4.940959,1484.000000,2590.000000,4,9728,9728,59,59,19.515500,1.026200,59,39,7.762700,59,59,43740672,11.108000,0.633300,1,920915968,1835802624
58.719891,1.000750,60,60,0,16.679162,17.161700,17.504800,59.955052,60,1,0,2528,1339,0,511.000000,271.000000,4.947162,4.940959,4.947162,4.947162,4.940959,4.940959,1484.000000,2590.000000,4,9728,9728,60,60,17.285700,0.750200,60,45,5.849900,60,60,44209152,10.806700,0.533400,1,920858624,1835700224
59.720547,1.000656,60,60,0,16.677593,17.096200,17.156900,59.960690,60,1,0,2528,1339,0,511.000000,271.000000,4.947162,4.940959,4.947162,4.947162,4.940959,4.940959,1484.000000,2590.000000,4,9728,9728,60,60,18.358100,0.888000,60,45,6.575400,60,60,44547072,10.934900,0.272000,1,920862720,1835700224
60.736928,1.016381,61,61,0,16.661980,17.105600,17.337400,60.016876,61,1,0,2528,1339,0,511.000000,271.000000,4.947162,4.940959,4.947162,4.947162,4.940959,4.940959,1484.000000,2590.000000,4,9728,9728,61,61,18.234100,0.652300,61,46,5.732100,61,61,45285888,11.506600,0.337400,1,920563712,1835286528
61.753202,1.016274,61,61,0,16.660233,17.081300,17.410000,60.023171,61,1,0,2528,1339,0,511.000000,271.000000,4.947162,4.940959,4.947162,4.947162,4.940959,4.940959,1484.000000,2590.000000,4,9728,9728,61,61,16.871100,0.606400,61,46,5.688600,61,61,44981760,10.501700,0.299600,1,920649728,1835417600
62.753392,1.000190,60,60,0,16.669830,17.061500,17.161300,59.988614,60,1,0,2528,1339,0,511.000000,271.000000,4.947162,4.940959,4.947162,4.947162,4.940959,4.940959,1484.000000,2590.000000,4,9728,9728,60,60,17.150200,0.647100,60,45,5.841000,60,60,44457984,10.671700,0.426600,1,920649728,1835417600
63.753675,1.000283,60,60,0,16.671392,17.108100,17.427500,59.982995,60,1,0,2528,1339,0,511.000000,271.000000,4.947162,4.940959,4.947162,4.947162,4.940959,4.940959,1484.000000,2590.000000,4,9728,9728,60,60,18.253200,0.916300,60,45,6.517800,60,60,44519424,10.996000,0.474500,1,920657920,1835417600
64.770004,1.016329,61,61,0,16.661125,17.107600,17.598400,60.019958,61,1,0,2528,1339,0,511.000000,271.000000,4.947162,4.940959,4.947162,4.947162,4.940959,4.940959,1484.000000,2590.000000,4,9728,9728,61,61,18.256800,0.777200,61,45,6.582400,61,61,45305856,10.871000,0.309700,1,921481216,1836294144
65.786363,1.016360,61,61,0,16.661631,17.193200,17.357800,60.018133,61,1,0,2528,1339,0,511.000000,271.000000,4.947162,4.940959,4.947162,4.947162,4.940959,4.940959,1484.000000,2590.000000,4,9728,9728,61,61,17.623500,0.641500,61,46,5.863400,61,61,44826624,11.047800,0.581800,1,921485312,1836294144
66.786784,1.000421,60,60,0,16.673682,17.078300,17.215500,59.974757,60,1,0,2528,1339,0,511.000000,271.000000,4.947162,4.940959,4.947162,4.947162,4.940959,4.940959,1484.000000,2590.000000,4,9728,9728,60,60,17.195600,0.672400,60,45,5.761300,60,60,44371968,10.682400,0.338000,1,921489408,1836294144
67.787323,1.000539,60,60,0,16.675375,16.992200,22.587600,59.968666,60,1,1,2528,1339,0,729.000000,386.000000,3.467764,3.468912,3.467764,4.947162,3.468912,4.940959,1375.000000,2532.000000,4,9728,9728,60,60,17.692000,0.611000,60,44,5.785800,60,60,43868160,11.283400,0.579900,1,921821184,1836716032
68.787368,1.000045,60,60,0,16.667692,17.157400,17.689700,59.996310,60,1,1,2528,1339,0,1091.000000,578.000000,2.317140,2.316609,2.317140,3.467764,2.316609,3.468912,1194.000000,2436.000000,4,9728,9728,60,60,16.623700,0.699500,60,45,5.768400,60,60,44338176,10.215900,0.304800,1,921825280,1836716032
69.791592,1.004223,59,59,0,17.020737,18.233800,30.299200,58.751862,59,1,1,2528,1339,0,1091.000000,578.000000,2.317140,2.316609,2.317140,2.317140,2.316609,2.316609,1194.000000,2436.000000,4,9729,9729,59,59,21.180300,1.255800,59,43,9.944200,59,59,44421312,10.523100,0.407700,1,930320384,1848840192
70.806726,1.015134,61,61,0,16.641541,16.987700,17.329100,60.090589,60,1,1,2528,1339,0,1091.000000,578.000000,2.317140,2.316609,2.317140,2.317140,2.316609,2.316609,1194.000000,2436.000000,4,9728,9728,60,60,24.661000,1.181700,60,44,12.917900,60,60,46056064,11.102300,0.342500,1,932634624,1851256832
71.807018,1.000292,60,60,0,16.671528,17.073300,17.394200,59.982503,59,1,1,2528,1339,0,1091.000000,578.000000,2.317140,2.316609,2.317140,2.317140,2.316609,2.316609,1194.000000,2436.000000,4,9729,9729,59,59,20.603300,1.221500,59,44,9.285600,59,59,44855616,10.722000,0.461600,1,935800832,1856565248
72.808804,1.001787,60,60,0,16.696448,17.092800,17.312100,59.892977,59,1,1,2528,1339,0,1091.000000,578.000000,2.317140,2.316609,2.317140,2.317140,2.316609,2.316609,1194.000000,2436.000000,4,9728,9728,59,59,20.579700,1.071200,59,43,8.885500,59,59,44852928,11.060700,0.387300,1,938172416,1858924544
73.825368,1.016564,61,61,0,16.664985,17.125200,18.364600,60.006054,58,1,1,2528,1339,0,1091.000000,578.000000,2.317140,2.316609,2.317140,2.317140,2.316609,2.316609,1194.000000,2436.000000,4,9728,9728,58,58,23.625800,1.436600,58,42,12.625300,58,58,44280960,10.364600,0.351400,1,943603712,1864380416
74.825760,1.000392,60,60,0,16.673200,17.207500,17.554900,59.976489,60,1,0,2528,1339,0,1091.000000,578.000000,2.317140,2.316609,2.317140,2.317140,2.316609,2.316609,1194.000000,2436.000000,4,9728,9728,60,60,17.255500,0.662100,60,45,5.750200,60,60,44854272,10.861500,0.397000,1,943652864,1864380416
75.830738,1.004978,60,60,0,16.749627,17.689600,22.530600,59.702823,60,1,0,2528,1339,0,1091.000000,578.000000,2.317140,2.316609,2.317140,2.317140,2.316609,2.316609,1194.000000,2436.000000,4,9728,9728,60,60,20.152600,1.278900,60,44,8.363800,60,60,44448000,11.117400,0.506200,1,945184768,1865904128
76.846671,1.015932,61,61,0,16.654631,16.946500,17.325800,60.043359,60,1,1,2528,1339,0,1091.000000,578.000000,2.317140,2.316609,2.317140,2.317140,2.316609,2.316609,1194.000000,2436.000000,4,9728,9728,60,60,22.431500,1.265900,60,45,10.624100,60,60,45440256,11.190200,0.323900,1,953118720,1872719872
77.863408,1.016738,61,61,0,16.667834,16.934600,17.130500,59.995796,60,1,1,2528,1339,0,1091.000000,578.000000,2.317140,2.316609,2.317140,2.317140,2.316609,2.316609,1194.000000,2436.000000,4,9729,9729,60,60,19.194800,1.224800,60,45,7.468400,60,60,45454976,10.808500,0.277300,1,954261504,1873907712
78.864700,1.001292,60,60,0,16.688195,17.034800,17.397500,59.922598,60,1,1,2528,1339,0,1091.000000,578.000000,2.317140,2.316609,2.317140,2.317140,2.316609,2.316609,1194.000000,2436.000000,4,9728,9728,60,60,21.292600,1.157800,60,45,9.824500,60,60,44952448,10.882300,0.386200,1,956579840,1876201472
79.865294,1.000594,60,60,0,16.676562,17.187500,17.301200,59.964399,59,1,0,2528,1339,0,1091.000000,578.000000,2.317140,2.316609,2.317140,2.317140,2.316609,2.316609,1194.000000,2436.000000,4,9728,9728,59,59,21.588500,1.384500,59,43,10.313800,59,59,44947008,10.648200,0.368300,1,961204224,1880813568
80.882157,1.016863,61,61,0,16.669882,17.077100,17.326700,59.988427,60,1,1,2528,1339,0,1091.000000,578.000000,2.317140,2.316609,2.317140,2.317140,2.316609,2.316609,930.000000,2389.000000,4,9728,9728,60,60,18.868400,0.911600,60,45,7.175200,60,60,45535168,11.075400,0.382000,1,962088960,1881636864
81.897552,1.015395,61,61,0,16.645820,17.032500,17.645800,60.075143,61,1,0,2528,1339,0,1091.000000,578.000000,2.317140,2.316609,2.317140,2.317140,2.316609,2.316609,930.000000,2389.000000,4,9728,9728,61,61,21.219300,1.165000,61,46,9.394300,61,61,44998656,11.150600,0.590700,1,968065024,1887608832
82.897995,1.000444,60,60,0,16.674060,17.317200,18.100100,59.973396,58,1,0,2528,1339,0,1091.000000,578.000000,2.317140,2.316609,2.317140,2.317140,2.316609,2.316609,930.000000,2389.000000,4,9728,9728,58,58,18.496000,1.004500,58,43,7.065600,58,58,43734400,10.719800,0.346800,1,968110080,1887608832
83.899203,1.001208,60,60,0,16.686793,17.200400,18.382800,59.927631,59,1,1,2528,1339,0,1091.000000,578.000000,2.317140,2.316609,2.317140,2.317140,2.316609,2.316609,1077.000000,2389.000000,4,9728,9728,59,59,19.027700,1.023300,59,43,7.003800,59,59,44813888,11.357500,0.379800,1,969719808,1888256000
84.914797,1.015594,61,61,0,16.649084,17.100500,17.391000,60.063366,60,1,1,2528,1339,0,1091.000000,578.000000,2.317140,2.316609,2.317140,2.317140,2.316609,2.316609,1077.000000,2389.000000,4,9729,9729,60,60,19.536000,0.975800,60,43,7.356000,60,60,45891264,11.471200,0.363400,1,971337728,1889857536
85.915704,1.000907,60,60,0,16.681778,17.220400,17.617900,59.945647,59,1,1,2528,1339,0,1091.000000,578.000000,2.317140,2.316609,2.317140,2.317140,2.316609,2.316609,1077.000000,2389.000000,4,9729,9729,59,59,16.913100,0.645500,59,43,6.151300,59,59,44983744,10.185400,0.318600,1,971358208,1889857536
86.916101,1.000398,60,60,0,16.673300,17.191300,17.634400,59.976130,59,1,1,2528,1339,0,1091.000000,578.000000,2.317140,2.316609,2.317140,2.317140,2.316609,2.316609,1077.000000,2389.000000,4,9728,9728,59,59,17.909900,0.925500,59,44,6.393100,59,59,45132544,10.947000,0.263800,1,972156928,1890631680
87.932220,1.016118,61,61,0,16.657670,17.212900,17.535000,60.032404,59,1,0,2528,1339,0,1091.000000,578.000000,2.317140,2.316609,2.317140,2.317140,2.316609,2.316609,1077.000000,2389.000000,4,9728,9728,59,59,19.418800,0.945300,59,43,8.098900,59,59,44492992,10.667400,0.377100,1,973721600,1892188160
88.949017,1.016797,61,61,0,16.668808,17.109400,17.897800,59.992291,61,1,1,2528,1339,0,1091.000000,578.000000,2.317140,2.316609,2.317140,2.317140,2.316609,2.316609,1077.000000,2389.000000,4,9729,9729,61,61,18.849500,0.973100,61,46,7.340300,61,61,46093568,10.753500,0.288500,1,973746176,1892188160
89.949099,1.000082,60,60,0,16.668033,17.101400,17.381200,59.995080,60,1,0,2528,1339,0,1091.000000,578.000000,2.317140,2.316609,2.317140,2.317140,2.316609,2.316609,1077.000000,2389.000000,4,9729,9729,60,60,18.336400,0.940000,60,45,6.557300,60,60,44602368,10.977100,0.411000,1,975982592,1894436864
90.966133,1.017034,61,61,0,16.672692,17.032800,17.507200,59.978317,61,1,0,2528,1339,0,1091.000000,578.000000,2.317140,2.316609,2.317140,2.317140,2.316609,2.316609,1077.000000,2389.000000,4,9729,9729,61,61,20.456200,1.096000,61,46,9.223000,61,61,46011392,10.632300,0.280900,1,978309120,1896726528
91.982740,1.016607,61,61,0,16.665687,17.267600,17.814400,60.003527,61,1,0,2528,1339,0,1091.000000,578.000000,2.317140,2.316609,2.317140,2.317140,2.316609,2.316609,1232.000000,2389.000000,4,9729,9729,61,61,21.019300,0.926600,61,45,9.482900,61,61,46011392,10.898900,0.319200,1,982859776,1901289472
92.983080,1.000340,60,60,0,16.672337,17.106400,17.586800,59.979595,60,1,1,2528,1339,0,874.000000,463.000000,2.892449,2.892009,2.317140,2.892449,2.316609,2.892009,1340.000000,2478.000000,4,9729,9729,60,60,17.198400,0.736200,60,45,6.060100,60,60,44966080,10.554800,0.361000,1,983707648,1902161920
93.983374,1.000294,60,60,0,16.671567,17.265900,18.883900,59.982365,60,1,1,2528,1339,0,656.000000,348.000000,3.853659,3.847701,2.892449,3.853659,2.892009,3.847701,1449.000000,2540.000000,4,9729,9729,60,60,16.641300,0.687600,60,45,5.739800,60,60,44771648,10.304500,0.284000,1,984469504,1902911488
94.998364,1.014990,61,61,0,16.639175,17.013100,17.518200,60.099132,61,1,1,2528,1339,0,584.000000,309.000000,4.328767,4.333333,3.853659,4.328767,3.847701,4.333333,1510.000000,2576.000000,4,9729,9729,61,61,17.118700,0.675600,61,46,5.700000,61,61,46011392,10.746300,0.334500,1,985247744,1903673344
95.998722,1.000358,60,60,0,16.672633,16.931500,17.166400,59.978528,60,1,1,2528,1339,0,511.000000,271.000000,4.947162,4.940959,4.328767,4.947162,4.333333,4.940959,1547.000000,2595.000000,4,9729,9729,60,60,16.790300,0.683200,60,45,5.839500,60,60,45258752,10.352500,0.327500,1,986009600,1904435200
96.999571,1.000849,60,60,0,16.680822,17.071100,17.459400,59.949085,60,1,0,2528,1339,0,511.000000,271.000000,4.947162,4.940959,4.947162,4.947162,4.940959,4.940959,1547.000000,2595.000000,4,9729,9729,60,60,17.085700,0.638100,60,45,5.379200,60,60,44729984,11.001800,0.446800,1,986021888,1904435200
97.999644,1.000073,60,60,0,16.667890,17.242800,18.324000,59.995596,60,1,1,2528,1339,0,656.000000,348.000000,3.853659,3.847701,3.853659,4.328767,3.847701,4.333333,1474.000000,2556.000000,4,9729,9729,60,60,16.915400,0.640500,60,45,5.580700,60,60,45007744,10.782700,0.326000,1,985116672,1903566848
99.000434,1.000790,60,60,0,16.679830,17.161100,17.645100,59.952649,60,1,1,2528,1339,0,874.000000,463.000000,2.892449,2.892009,2.892449,3.853659,2.892009,3.847701,1365.000000,2499.000000,4,9729,9729,60,60,17.034200,0.729700,60,45,5.769700,60,60,45258752,10.648700,0.371600,1,985120768,1903566848
100.015838,1.015403,61,61,0,16.645954,17.101300,17.766400,60.074658,61,1,1,2528,1339,0,1091.000000,578.000000,2.317140,2.316609,2.317140,2.892449,2.316609,2.892009,1257.000000,2441.000000,4,9729,9729,61,61,18.212900,0.947400,61,46,6.055600,61,61,46011392,11.208900,0.296400,1,985767936,1904332800
101.032344,1.016506,61,61,0,16.664038,17.033500,17.714600,60.009466,61,1,1,2528,1339,0,1453.000000,770.000000,1.739849,1.738961,1.739849,2.317140,1.738961,2.316609,1076.000000,2345.000000,4,9729,9729,61,61,18.178900,0.740700,61,46,5.612900,61,61,45331968,11.860800,0.384700,1,985882624,1904332800
102.032710,1.000366,60,60,0,16.672768,17.024700,17.875200,59.978042,60,1,1,2528,1339,0,1888.000000,1000.000000,1.338983,1.339000,1.338983,1.739849,1.339000,1.738961,858.000000,2230.000000,4,9729,9729,60,60,16.635500,0.612000,60,45,5.356200,60,60,45233664,10.630600,0.359300,1,986312704,1904861184
103.048821,1.016110,61,61,0,16.657551,16.938500,17.431200,60.032835,61,1,1,2528,1339,0,2468.000000,1308.000000,1.024311,1.023700,1.024311,1.289796,1.023700,1.288739,568.000000,2076.000000,4,9729,9729,61,61,17.323100,0.579700,61,45,5.780100,61,61,46036480,10.851500,0.370900,1,986320896,1904861184
104.055391,1.006571,60,60,0,16.776178,17.118600,20.157000,59.608332,60,1,1,2528,1339,0,2902.000000,1538.000000,0.871123,0.870611,0.871123,1.024311,0.870611,1.023700,351.000000,1961.000000,4,9729,9729,61,61,16.409500,0.553000,61,46,5.354100,61,61,45811200,10.450700,0.303300,1,986447872,1905029120
105.071876,1.016485,61,61,0,16.663689,17.180300,17.452600,60.010723,61,1,1,2528,1339,0,3072.000000,1628.000000,0.822917,0.822482,0.822917,0.849748,0.822482,0.849619,266.000000,1916.000000,4,9729,9729,61,61,17.285200,0.559000,61,46,5.412600,61,61,45431808,11.119400,0.359200,1,986488832,1905029120
106.072185,1.000309,60,60,0,16.671817,17.199700,18.026100,59.981466,60,1,0,2528,1339,0,3072.000000,1628.000000,0.822917,0.822482,0.822917,0.822917,0.822482,0.822482,266.000000,1916.000000,4,9729,9729,60,60,17.625600,0.574100,60,43,6.126800,60,60,45258752,10.756400,0.374100,1,986787840,1905332224
107.088528,1.016343,61,61,0,16.661354,17.001900,17.386400,60.019131,61,1,1,2528,1339,0,2927.000000,1551.000000,0.863683,0.863314,0.822917,0.863683,0.822482,0.863314,339.000000,1955.000000,4,9729,9729,61,61,17.022900,0.760700,61,46,5.553100,61,61,46011392,10.873800,0.375000,1,986796032,1905332224
108.088944,1.000416,60,60,0,16.673603,16.932700,17.127600,59.975038,60,1,1,2528,1339,0,2419.000000,1282.000000,1.045060,1.044462,0.885774,1.045060,0.884997,1.044462,593.000000,2089.000000,4,9729,9729,60,60,16.703200,0.557700,60,45,5.308200,60,60,44827200,10.644400,0.281200,1,986796032,1905332224
109.088980,1.000036,60,60,0,16.667275,16.997200,17.516100,59.997810,60,1,1,2528,1339,0,1912.000000,1013.000000,1.322176,1.321816,1.045060,1.322176,1.044462,1.321816,846.000000,2224.000000,4,9729,9729,60,60,16.826500,0.603100,60,45,5.358400,60,60,44910528,10.683900,0.361900,1,986386432,1904836608
110.089448,1.000467,60,60,0,16.674450,17.223100,17.694800,59.971993,60,1,1,2528,1339,0,1260.000000,668.000000,2.006349,2.004491,1.322176,2.006349,1.321816,2.004491,1172.000000,2396.000000,4,9729,9729,60,60,16.776900,0.681100,60,45,5.411100,60,60,45258752,10.759400,0.366100,1,986021888,1904463872
111.089644,1.000197,60,60,0,16.669947,17.347800,17.789800,59.988194,60,1,1,2528,1339,0,681.000000,361.000000,3.712188,3.709141,2.006349,3.712188,2.004491,3.709141,1462.000000,2550.000000,4,9729,9729,60,60,17.394400,1.262400,60,45,6.431300,60,60,45258752,10.370700,0.270900,1,986025984,1904463872
112.105895,1.016251,61,61,0,16.659852,17.212600,17.269700,60.024541,61,1,1,2528,1339,0,511.000000,271.000000,4.947162,4.940959,3.712188,4.947162,3.709141,4.940959,1547.000000,2595.000000,4,9729,9729,61,61,17.191300,0.591500,61,46,5.541500,61,61,45393408,10.694600,0.271100,1,986030080,1904463872
113.106075,1.000180,60,60,0,16.669660,17.172100,18.162400,59.989226,60,1,0,2528,1339,0,511.000000,271.000000,4.947162,4.940959,4.947162,4.947162,4.940959,4.940959,1547.000000,2595.000000,4,9729,9729,60,60,17.260600,0.809000,60,45,5.546700,60,60,45122048,10.901500,0.431600,1,986034176,1904463872
114.106819,1.000744,60,60,0,16.679067,17.244100,17.319800,59.955393,60,1,0,2528,1339,0,511.000000,271.000000,4.947162,4.940959,4.947162,4.947162,4.940959,4.940959,1547.000000,2595.000000,4,9729,9729,60,60,16.788600,0.627300,60,45,5.707600,60,60,45283840,10.495100,0.281900,1,986042368,1904463872
115.111752,1.004933,60,60,0,16.748878,17.422600,17.678400,59.705491,7,1,0,2528,1339,0,511.000000,271.000000,4.947162,4.940959,4.947162,4.947162,4.940959,4.940959,1547.000000,2595.000000,4,9729,9729,7,7,2.190500,0.537700,7,5,0.718200,7,7,5312384,1.405300,0.328900,1,983527424,1902059520
116.126799,1.015047,61,61,0,16.640116,17.131600,17.966500,60.095733,0,0,0,0,0,0,0.000000,0.000000,0.000000,0.000000,0.000000,0.000000,0.000000,0.000000,0.000000,0.000000,0,0,0,0,0,0.000000,0.000000,0,0,0.000000,0,0,0,0.000000,0.000000,1,983994368,1903763456
